scene,object_name,object_id,symmetry,valid_points,pointnet_rot_deg,pointnet_trans_cm,final_rot_deg,final_trans_cm,icp_rot_improvement_deg,icp_trans_improvement_cm,icp_fitness,icp_rmse_cm,icp_quarter_turn_used,final_pass_5deg_1cm,rgb_path
2-13-3,mustard_bottle,42,z2,506,176.6737587151485,1.2609351,176.6737587151485,1.2609350681304932,0.0,0.0,0.0,0.0,False,False,C:\Users\Owner\Desktop\Fall2023\CSE275\6D Pose\training_data_filtered\training_data\v2.2\2-13-3_color_kinect.png
2-7-10,sugar_box,55,z2|x2,135,113.77352785196699,1.9193771,113.77352785196699,1.919377088546753,0.0,0.0,0.0,0.0,False,False,C:\Users\Owner\Desktop\Fall2023\CSE275\6D Pose\training_data_filtered\training_data\v2.2\2-7-10_color_kinect.png
2-77-11,mustard_bottle,42,z2,1141,113.14803532754098,2.6441834,113.14803532754098,2.644183397293091,0.0,0.0,0.0,0.0,False,False,C:\Users\Owner\Desktop\Fall2023\CSE275\6D Pose\training_data_filtered\training_data\v2.2\2-77-11_color_kinect.png
2-26-13,gelatin_box,30,z2|x2,530,109.82309649456721,0.6426688,109.82309649456721,0.6426687836647034,0.0,0.0,0.0,0.0,False,False,C:\Users\Owner\Desktop\Fall2023\CSE275\6D Pose\training_data_filtered\training_data\v2.2\2-26-13_color_kinect.png
2-7-18,e_toy_airplane,21,z2,136,106.81636802108012,1.5611656,105.69132166570775,1.517351119575119,1.1250463553723762,0.04381445163764952,0.06840390879478828,0.17885363548881603,False,False,C:\Users\Owner\Desktop\Fall2023\CSE275\6D Pose\training_data_filtered\training_data\v2.2\2-7-18_color_kinect.png
2-6-3,mustard_bottle,42,z2,1078,104.50310665143378,2.5509763,104.50310665143378,2.550976276397705,0.0,0.0,0.0,0.0,False,False,C:\Users\Owner\Desktop\Fall2023\CSE275\6D Pose\training_data_filtered\training_data\v2.2\2-6-3_color_kinect.png
2-60-7,foam_brick,26,z2|x4|y2,369,97.54670583255256,0.7073729,97.54670583255256,0.7073729038238525,0.0,0.0,0.0,0.0,False,False,C:\Users\Owner\Desktop\Fall2023\CSE275\6D Pose\training_data_filtered\training_data\v2.2\2-60-7_color_kinect.png
2-6-3,bleach_cleanser,8,z2,1537,92.39382098829462,1.9331717,92.39382098829462,1.9331717491149902,0.0,0.0,0.0,0.0,False,False,C:\Users\Owner\Desktop\Fall2023\CSE275\6D Pose\training_data_filtered\training_data\v2.2\2-6-3_color_kinect.png
2-90-11,mustard_bottle,42,z2,979,91.33511242566163,1.7245451,92.34643810664993,1.6262128751591256,-1.0113256809882927,0.09833224603380653,0.009596928982725527,0.1778347660011498,False,False,C:\Users\Owner\Desktop\Fall2023\CSE275\6D Pose\training_data_filtered\training_data\v2.2\2-90-11_color_kinect.png
1-97-1,tomato_soup_can,56,zinf|x2,705,89.90983672522408,0.3167387,89.90983672522408,0.31673869490623474,0.0,0.0,0.0,0.0,False,False,C:\Users\Owner\Desktop\Fall2023\CSE275\6D Pose\training_data_filtered\training_data\v2.2\1-97-1_color_kinect.png
2-22-1,pudding_box,51,z2|x2,200,86.1255295167217,0.639566,89.62136167619074,0.5759445337953542,-3.495832159469046,0.06362147048092148,0.06963788300835655,0.13380330794183348,False,False,C:\Users\Owner\Desktop\Fall2023\CSE275\6D Pose\training_data_filtered\training_data\v2.2\2-22-1_color_kinect.png
2-93-13,master_chef_can,39,zinf|x2,374,89.52557327739825,0.20806995,89.52557327739825,0.20806995034217834,0.0,0.0,0.0,0.0,False,False,C:\Users\Owner\Desktop\Fall2023\CSE275\6D Pose\training_data_filtered\training_data\v2.2\2-93-13_color_kinect.png
1-51-4,tomato_soup_can,56,zinf|x2,736,89.3154528525222,0.22474518,89.3154528525222,0.22474518418312073,0.0,0.0,0.0,0.0,False,False,C:\Users\Owner\Desktop\Fall2023\CSE275\6D Pose\training_data_filtered\training_data\v2.2\1-51-4_color_kinect.png
2-11-3,tuna_fish_can,57,zinf|x2,138,88.51282929748928,0.6660219,89.17556844235898,0.7040789391498302,-0.662739144869704,-0.0380570556621288,0.11594202898550725,0.16047507487465754,False,False,C:\Users\Owner\Desktop\Fall2023\CSE275\6D Pose\training_data_filtered\training_data\v2.2\2-11-3_color_kinect.png
2-26-13,pudding_box,51,z2|x2,157,88.75587205435927,0.61343503,88.75587205435927,0.6134350299835205,0.0,0.0,0.0,0.0,False,False,C:\Users\Owner\Desktop\Fall2023\CSE275\6D Pose\training_data_filtered\training_data\v2.2\2-26-13_color_kinect.png
2-13-3,tuna_fish_can,57,zinf|x2,144,87.45687973616131,0.6038106,87.45687973616131,0.6038106083869934,0.0,0.0,0.0,0.0,False,False,C:\Users\Owner\Desktop\Fall2023\CSE275\6D Pose\training_data_filtered\training_data\v2.2\2-13-3_color_kinect.png
2-82-14,pudding_box,51,z2|x2,99,83.8515602267979,0.30482128,84.79352667704812,0.43965538134121374,-0.9419664502502201,-0.13483409871601537,0.13370473537604458,0.16048034390194432,False,False,C:\Users\Owner\Desktop\Fall2023\CSE275\6D Pose\training_data_filtered\training_data\v2.2\2-82-14_color_kinect.png
2-72-13,sugar_box,55,z2|x2,85,85.18827227737492,2.1276503,83.72080674389545,2.1830612865714096,1.4674655334794693,-0.05541102564611666,0.03669724770642202,0.15322172887132218,False,False,C:\Users\Owner\Desktop\Fall2023\CSE275\6D Pose\training_data_filtered\training_data\v2.2\2-72-13_color_kinect.png
2-94-3,wood_block,58,z2|y2|x4,178,87.11195658249052,1.4123267,82.47325279039703,1.4302946693250238,4.638703792093494,-0.01796797579017273,0.01592356687898089,0.12103969611162083,False,False,C:\Users\Owner\Desktop\Fall2023\CSE275\6D Pose\training_data_filtered\training_data\v2.2\2-94-3_color_kinect.png
2-7-8,tuna_fish_can,57,zinf|x2,73,87.34370683454533,0.38335153,82.38501857459039,0.2851821968366804,4.95868825995494,0.09816933776834585,0.09178743961352658,0.1603640768912302,False,False,C:\Users\Owner\Desktop\Fall2023\CSE275\6D Pose\training_data_filtered\training_data\v2.2\2-7-8_color_kinect.png
1-56-10,pudding_box,51,z2|x2,74,79.73784446036079,0.82640463,79.73784446036079,0.8264046311378479,0.0,0.0,0.0,0.0,False,False,C:\Users\Owner\Desktop\Fall2023\CSE275\6D Pose\training_data_filtered\training_data\v2.2\1-56-10_color_kinect.png
2-35-10,mustard_bottle,42,z2,338,75.83715486248111,1.6024357,72.27407082460311,1.4795418870045427,3.5630840378779993,0.12289382104141677,0.04318618042226487,0.17792827405006875,False,False,C:\Users\Owner\Desktop\Fall2023\CSE275\6D Pose\training_data_filtered\training_data\v2.2\2-35-10_color_kinect.png
2-77-11,gelatin_box,30,z2|x2,126,62.83150093007378,0.8538371,64.56735841575558,0.7509126737038012,-1.735857485681798,0.10292439914547247,0.07692307692307693,0.15712751528236926,False,False,C:\Users\Owner\Desktop\Fall2023\CSE275\6D Pose\training_data_filtered\training_data\v2.2\2-77-11_color_kinect.png
2-63-8,bleach_cleanser,8,z2,1495,53.5209906715637,0.3105245,53.5209906715637,0.31052449345588684,0.0,0.0,0.0,0.0,False,False,C:\Users\Owner\Desktop\Fall2023\CSE275\6D Pose\training_data_filtered\training_data\v2.2\2-63-8_color_kinect.png
2-93-1,wood_block,58,z2|y2|x4,551,44.875055793505545,0.2219622,44.94919545616492,0.22972420148032768,-0.07413966265937688,-0.0077620028652535256,0.11677282377919321,0.17132477146829858,False,False,C:\Users\Owner\Desktop\Fall2023\CSE275\6D Pose\training_data_filtered\training_data\v2.2\2-93-1_color_kinect.png
2-86-18,pudding_box,51,z2|x2,68,44.8040341497002,1.6917146,44.8040341497002,1.6917146444320679,0.0,0.0,0.0,0.0,False,False,C:\Users\Owner\Desktop\Fall2023\CSE275\6D Pose\training_data_filtered\training_data\v2.2\2-86-18_color_kinect.png
2-46-0,tuna_fish_can,57,zinf|x2,100,47.5535602771958,0.098234415,44.57380201857525,0.09136550439839779,2.9797582586205493,0.006868910655923502,0.178743961352657,0.14493310618072675,False,False,C:\Users\Owner\Desktop\Fall2023\CSE275\6D Pose\training_data_filtered\training_data\v2.2\2-46-0_color_kinect.png
2-91-1,gelatin_box,30,z2|x2,561,42.18862723899423,0.42825416,42.18862723899423,0.4282541573047638,0.0,0.0,0.0,0.0,False,False,C:\Users\Owner\Desktop\Fall2023\CSE275\6D Pose\training_data_filtered\training_data\v2.2\2-91-1_color_kinect.png
2-54-15,cracker_box,14,z2|x2,187,41.30261832438154,0.076767154,36.82965436165456,0.0809431614537813,4.472963962726979,-0.004176007415828881,0.11842105263157894,0.1672602830914583,False,False,C:\Users\Owner\Desktop\Fall2023\CSE275\6D Pose\training_data_filtered\training_data\v2.2\2-54-15_color_kinect.png
2-51-3,jenga,35,z2|x2,440,36.436982669175926,0.8202879,36.436982669175926,0.8202878832817078,0.0,0.0,0.0,0.0,False,False,C:\Users\Owner\Desktop\Fall2023\CSE275\6D Pose\training_data_filtered\training_data\v2.2\2-51-3_color_kinect.png
1-56-1,gelatin_box,30,z2|x2,558,28.25517368616646,0.22372617,28.25517368616646,0.22372616827487946,0.0,0.0,0.0,0.0,False,False,C:\Users\Owner\Desktop\Fall2023\CSE275\6D Pose\training_data_filtered\training_data\v2.2\1-56-1_color_kinect.png
1-54-18,gelatin_box,30,z2|x2,512,27.869964670465517,0.3490548,27.869964670465517,0.34905481338500977,0.0,0.0,0.0,0.0,False,False,C:\Users\Owner\Desktop\Fall2023\CSE275\6D Pose\training_data_filtered\training_data\v2.2\1-54-18_color_kinect.png
2-2-13,e_lego_duplo,20,z2,134,27.100924617414876,2.7880456,27.100924617414876,2.788045644760132,0.0,0.0,0.0,0.0,False,False,C:\Users\Owner\Desktop\Fall2023\CSE275\6D Pose\training_data_filtered\training_data\v2.2\2-2-13_color_kinect.png
1-5-19,potted_meat_can,48,z2|x2,822,25.53898955090601,0.41523644,25.53898955090601,0.4152364432811737,0.0,0.0,0.0,0.0,False,False,C:\Users\Owner\Desktop\Fall2023\CSE275\6D Pose\training_data_filtered\training_data\v2.2\1-5-19_color_kinect.png
2-14-14,rubiks_cube,52,z4|x4|y4,501,23.046188763739433,0.049324967,23.046188763739433,0.049324966967105865,0.0,0.0,0.0,0.0,False,False,C:\Users\Owner\Desktop\Fall2023\CSE275\6D Pose\training_data_filtered\training_data\v2.2\2-14-14_color_kinect.png
2-2-13,e_toy_airplane,21,z2,143,22.06468193601877,0.42724487,22.06468193601877,0.4272448718547821,0.0,0.0,0.0,0.0,False,False,C:\Users\Owner\Desktop\Fall2023\CSE275\6D Pose\training_data_filtered\training_data\v2.2\2-2-13_color_kinect.png
2-63-8,wood_block,58,z2|y2|x4,139,22.792121837809468,0.30610716,21.83340144469219,0.35818740227106644,0.9587203931172787,-0.05208023884180618,0.05626326963906582,0.15968432648536024,False,False,C:\Users\Owner\Desktop\Fall2023\CSE275\6D Pose\training_data_filtered\training_data\v2.2\2-63-8_color_kinect.png
2-65-11,e_toy_airplane,21,z2,132,21.53387170742277,0.47626942,21.53387170742277,0.4762694239616394,0.0,0.0,0.0,0.0,False,False,C:\Users\Owner\Desktop\Fall2023\CSE275\6D Pose\training_data_filtered\training_data\v2.2\2-65-11_color_kinect.png
2-13-3,pudding_box,51,z2|x2,184,25.775116040439535,0.14397204,21.023926316908856,0.7058540736219736,4.751189723530679,-0.5618820343992563,0.2200557103064067,0.1678083578047235,False,False,C:\Users\Owner\Desktop\Fall2023\CSE275\6D Pose\training_data_filtered\training_data\v2.2\2-13-3_color_kinect.png
2-34-3,wood_block,58,z2|y2|x4,512,20.94241627212496,0.4924514,20.94241627212496,0.49245139956474304,0.0,0.0,0.0,0.0,False,False,C:\Users\Owner\Desktop\Fall2023\CSE275\6D Pose\training_data_filtered\training_data\v2.2\2-34-3_color_kinect.png
2-80-6,sugar_box,55,z2|x2,338,18.86197490542707,0.25521392,18.86197490542707,0.2552139163017273,0.0,0.0,0.0,0.0,False,False,C:\Users\Owner\Desktop\Fall2023\CSE275\6D Pose\training_data_filtered\training_data\v2.2\2-80-6_color_kinect.png
2-94-19,wood_block,58,z2|y2|x4,477,18.689777243661975,0.43869168,18.689777243661975,0.4386916756629944,0.0,0.0,0.0,0.0,False,False,C:\Users\Owner\Desktop\Fall2023\CSE275\6D Pose\training_data_filtered\training_data\v2.2\2-94-19_color_kinect.png
2-2-6,gelatin_box,30,z2|x2,494,18.430425084592702,0.2574352,18.430425084592702,0.2574352025985718,0.0,0.0,0.0,0.0,False,False,C:\Users\Owner\Desktop\Fall2023\CSE275\6D Pose\training_data_filtered\training_data\v2.2\2-2-6_color_kinect.png
1-88-8,gelatin_box,30,z2|x2,408,17.924405363818316,0.5324375,17.924405363818316,0.5324375033378601,0.0,0.0,0.0,0.0,False,False,C:\Users\Owner\Desktop\Fall2023\CSE275\6D Pose\training_data_filtered\training_data\v2.2\1-88-8_color_kinect.png
2-94-19,mustard_bottle,42,z2,464,17.45743558081887,1.5239552,17.45743558081887,1.523955225944519,0.0,0.0,0.0,0.0,False,False,C:\Users\Owner\Desktop\Fall2023\CSE275\6D Pose\training_data_filtered\training_data\v2.2\2-94-19_color_kinect.png
1-42-6,pudding_box,51,z2|x2,104,17.06900480493256,0.685823,17.329778306379282,0.5793883920170486,-0.26077350144672096,0.10643463130219577,0.07242339832869081,0.18292098905204235,False,False,C:\Users\Owner\Desktop\Fall2023\CSE275\6D Pose\training_data_filtered\training_data\v2.2\1-42-6_color_kinect.png
1-44-19,cracker_box,14,z2|x2,121,15.921447220792155,0.72472227,16.513335714998966,0.6424072711571862,-0.5918884942068114,0.08231499504001838,0.16447368421052633,0.1684721643614047,False,False,C:\Users\Owner\Desktop\Fall2023\CSE275\6D Pose\training_data_filtered\training_data\v2.2\1-44-19_color_kinect.png
2-68-12,jenga,35,z2|x2,722,16.319150232817833,0.42535847,16.319150232817833,0.42535847425460815,0.0,0.0,0.0,0.0,False,False,C:\Users\Owner\Desktop\Fall2023\CSE275\6D Pose\training_data_filtered\training_data\v2.2\2-68-12_color_kinect.png
2-7-8,mustard_bottle,42,z2,1021,16.05188437585054,0.60085726,16.05188437585054,0.6008572578430176,0.0,0.0,0.0,0.0,False,False,C:\Users\Owner\Desktop\Fall2023\CSE275\6D Pose\training_data_filtered\training_data\v2.2\2-7-8_color_kinect.png
2-78-13,sugar_box,55,z2|x2,224,10.703384678437668,0.724687,15.778339831652222,1.1268081495497395,-5.074955153214553,-0.40212116930224195,0.22935779816513763,0.17276883549914937,False,False,C:\Users\Owner\Desktop\Fall2023\CSE275\6D Pose\training_data_filtered\training_data\v2.2\2-78-13_color_kinect.png
2-4-5,bleach_cleanser,8,z2,1274,15.442486971324573,0.6381873,15.442486971324573,0.6381872892379761,0.0,0.0,0.0,0.0,False,False,C:\Users\Owner\Desktop\Fall2023\CSE275\6D Pose\training_data_filtered\training_data\v2.2\2-4-5_color_kinect.png
2-64-20,e_toy_airplane,21,z2,139,15.280246249130505,0.18874839,15.280246249130505,0.18874838948249817,0.0,0.0,0.0,0.0,False,False,C:\Users\Owner\Desktop\Fall2023\CSE275\6D Pose\training_data_filtered\training_data\v2.2\2-64-20_color_kinect.png
2-63-13,sugar_box,55,z2|x2,322,14.944040690967563,0.28045684,14.944040690967563,0.2804568409919739,0.0,0.0,0.0,0.0,False,False,C:\Users\Owner\Desktop\Fall2023\CSE275\6D Pose\training_data_filtered\training_data\v2.2\2-63-13_color_kinect.png
2-63-8,e_toy_airplane,21,z2,129,14.742299194727304,0.44593602,14.742299194727304,0.44593602418899536,0.0,0.0,0.0,0.0,False,False,C:\Users\Owner\Desktop\Fall2023\CSE275\6D Pose\training_data_filtered\training_data\v2.2\2-63-8_color_kinect.png
2-10-19,e_lego_duplo,20,z2,105,6.455976987750219,0.7524043,14.447562762149829,0.6912163699626639,-7.99158577439961,0.06118790259364104,0.06234413965087282,0.17682965282227453,False,False,C:\Users\Owner\Desktop\Fall2023\CSE275\6D Pose\training_data_filtered\training_data\v2.2\2-10-19_color_kinect.png
2-2-13,sugar_box,55,z2|x2,350,13.600087306738008,0.028024262,13.600087306738008,0.028024261817336082,0.0,0.0,0.0,0.0,False,False,C:\Users\Owner\Desktop\Fall2023\CSE275\6D Pose\training_data_filtered\training_data\v2.2\2-2-13_color_kinect.png
2-38-4,gelatin_box,30,z2|x2,220,13.521039657589842,0.90264493,13.521039657589842,0.90264493227005,0.0,0.0,0.0,0.0,False,False,C:\Users\Owner\Desktop\Fall2023\CSE275\6D Pose\training_data_filtered\training_data\v2.2\2-38-4_color_kinect.png
2-70-3,a_lego_duplo,1,z2,105,7.142878005765192,1.5027496,13.392772711620463,1.3090430743055366,-6.2498947058552705,0.1937064879579522,0.07159353348729793,0.17519283237866456,False,False,C:\Users\Owner\Desktop\Fall2023\CSE275\6D Pose\training_data_filtered\training_data\v2.2\2-70-3_color_kinect.png
1-91-8,potted_meat_can,48,z2|x2,605,12.285240084650614,0.5591099,12.285240084650614,0.5591099262237549,0.0,0.0,0.0,0.0,False,False,C:\Users\Owner\Desktop\Fall2023\CSE275\6D Pose\training_data_filtered\training_data\v2.2\1-91-8_color_kinect.png
2-19-6,mustard_bottle,42,z2,919,12.179194150140589,0.29464084,12.179194150140589,0.29464083909988403,0.0,0.0,0.0,0.0,False,False,C:\Users\Owner\Desktop\Fall2023\CSE275\6D Pose\training_data_filtered\training_data\v2.2\2-19-6_color_kinect.png
2-98-18,jenga,35,z2|x2,648,11.934443522696323,0.29149303,11.934443522696323,0.2914930284023285,0.0,0.0,0.0,0.0,False,False,C:\Users\Owner\Desktop\Fall2023\CSE275\6D Pose\training_data_filtered\training_data\v2.2\2-98-18_color_kinect.png
2-82-14,b_lego_duplo,5,z4,72,11.921411161090827,0.39313304,11.921411161090827,0.3931330442428589,0.0,0.0,0.0,0.0,False,False,C:\Users\Owner\Desktop\Fall2023\CSE275\6D Pose\training_data_filtered\training_data\v2.2\2-82-14_color_kinect.png
2-70-3,e_toy_airplane,21,z2,123,11.812334472344151,0.29595968,11.812334472344151,0.2959596812725067,0.0,0.0,0.0,0.0,False,False,C:\Users\Owner\Desktop\Fall2023\CSE275\6D Pose\training_data_filtered\training_data\v2.2\2-70-3_color_kinect.png
2-6-14,e_lego_duplo,20,z2,89,11.00842250354517,0.74766076,11.00842250354517,0.747660756111145,0.0,0.0,0.0,0.0,False,False,C:\Users\Owner\Desktop\Fall2023\CSE275\6D Pose\training_data_filtered\training_data\v2.2\2-6-14_color_kinect.png
2-36-15,bleach_cleanser,8,z2,1308,10.812568476733896,0.17576928,10.812568476733896,0.17576928436756134,0.0,0.0,0.0,0.0,False,False,C:\Users\Owner\Desktop\Fall2023\CSE275\6D Pose\training_data_filtered\training_data\v2.2\2-36-15_color_kinect.png
2-93-13,jenga,35,z2|x2,683,10.56278383948987,0.095480315,10.56278383948987,0.09548031538724899,0.0,0.0,0.0,0.0,False,False,C:\Users\Owner\Desktop\Fall2023\CSE275\6D Pose\training_data_filtered\training_data\v2.2\2-93-13_color_kinect.png
2-7-6,e_toy_airplane,21,z2,132,10.528922914434817,0.1916272,10.528922914434817,0.19162720441818237,0.0,0.0,0.0,0.0,False,False,C:\Users\Owner\Desktop\Fall2023\CSE275\6D Pose\training_data_filtered\training_data\v2.2\2-7-6_color_kinect.png
1-62-18,cracker_box,14,z2|x2,80,10.46703148253422,0.5448381,10.46703148253422,0.5448380708694458,0.0,0.0,0.0,0.0,False,False,C:\Users\Owner\Desktop\Fall2023\CSE275\6D Pose\training_data_filtered\training_data\v2.2\1-62-18_color_kinect.png
2-77-11,wood_block,58,z2|y2|x4,425,10.354874868800158,0.6726545,10.354874868800158,0.6726545095443726,0.0,0.0,0.0,0.0,False,False,C:\Users\Owner\Desktop\Fall2023\CSE275\6D Pose\training_data_filtered\training_data\v2.2\2-77-11_color_kinect.png
2-72-13,bleach_cleanser,8,z2,1467,10.206061848158292,0.5869894,10.206061848158292,0.5869894027709961,0.0,0.0,0.0,0.0,False,False,C:\Users\Owner\Desktop\Fall2023\CSE275\6D Pose\training_data_filtered\training_data\v2.2\2-72-13_color_kinect.png
2-69-12,e_toy_airplane,21,z2,132,0.58582854841629,0.06366596,9.89452717492789,0.23282341977732177,-9.3086986265116,-0.16915745606796737,0.30618892508143325,0.1652551052904833,False,False,C:\Users\Owner\Desktop\Fall2023\CSE275\6D Pose\training_data_filtered\training_data\v2.2\2-69-12_color_kinect.png
1-49-20,pudding_box,51,z2|x2,158,9.800034696043342,0.21488932,9.800034696043342,0.2148893177509308,0.0,0.0,0.0,0.0,False,False,C:\Users\Owner\Desktop\Fall2023\CSE275\6D Pose\training_data_filtered\training_data\v2.2\1-49-20_color_kinect.png
2-58-11,bleach_cleanser,8,z2,1327,9.396568016759538,0.13467401,9.396568016759538,0.13467401266098022,0.0,0.0,0.0,0.0,False,False,C:\Users\Owner\Desktop\Fall2023\CSE275\6D Pose\training_data_filtered\training_data\v2.2\2-58-11_color_kinect.png
2-91-1,pudding_box,51,z2|x2,146,8.906872141649377,0.7444027,8.906872141649377,0.7444027066230774,0.0,0.0,0.0,0.0,False,False,C:\Users\Owner\Desktop\Fall2023\CSE275\6D Pose\training_data_filtered\training_data\v2.2\2-91-1_color_kinect.png
2-6-14,e_toy_airplane,21,z2,130,1.1712531654285785,0.13737941,8.628944316492815,0.16750304485619422,-7.457691151064236,-0.030123636973503787,0.3517915309446254,0.1728150457241641,False,False,C:\Users\Owner\Desktop\Fall2023\CSE275\6D Pose\training_data_filtered\training_data\v2.2\2-6-14_color_kinect.png
2-8-3,e_toy_airplane,21,z2,103,5.693069748251015,0.24727952,8.471426885745908,0.13858860596755415,-2.7783571374948925,0.10869091883560747,0.28664495114006516,0.16708331300233908,False,False,C:\Users\Owner\Desktop\Fall2023\CSE275\6D Pose\training_data_filtered\training_data\v2.2\2-8-3_color_kinect.png
2-2-2,e_toy_airplane,21,z2,128,8.278234047054632,0.11455322,8.278234047054632,0.11455322057008743,0.0,0.0,0.0,0.0,False,False,C:\Users\Owner\Desktop\Fall2023\CSE275\6D Pose\training_data_filtered\training_data\v2.2\2-2-2_color_kinect.png
2-6-11,bleach_cleanser,8,z2,1538,0.46579664239955915,0.48823306,8.203050397576785,1.3160757506461407,-7.737253755177226,-0.8278426910014416,0.17627737226277373,0.17234574292061836,False,False,C:\Users\Owner\Desktop\Fall2023\CSE275\6D Pose\training_data_filtered\training_data\v2.2\2-6-11_color_kinect.png
2-10-19,e_toy_airplane,21,z2,117,8.122790378035338,0.18857302,8.122790378035338,0.18857301771640778,0.0,0.0,0.0,0.0,False,False,C:\Users\Owner\Desktop\Fall2023\CSE275\6D Pose\training_data_filtered\training_data\v2.2\2-10-19_color_kinect.png
1-65-10,cracker_box,14,z2|x2,78,8.224101866410292,0.29054943,8.050278409652437,0.2905173117029826,0.17382345675785515,3.2115567906665365e-05,0.11513157894736842,0.17149372431485763,False,False,C:\Users\Owner\Desktop\Fall2023\CSE275\6D Pose\training_data_filtered\training_data\v2.2\1-65-10_color_kinect.png
2-52-12,foam_brick,26,z2|x4|y2,271,8.035992864986616,0.3672459,8.035992864986616,0.3672459125518799,0.0,0.0,0.0,0.0,False,False,C:\Users\Owner\Desktop\Fall2023\CSE275\6D Pose\training_data_filtered\training_data\v2.2\2-52-12_color_kinect.png
1-57-11,potted_meat_can,48,z2|x2,586,8.024237830580129,0.48920688,8.024237830580129,0.48920688033103943,0.0,0.0,0.0,0.0,False,False,C:\Users\Owner\Desktop\Fall2023\CSE275\6D Pose\training_data_filtered\training_data\v2.2\1-57-11_color_kinect.png
2-7-18,bleach_cleanser,8,z2,1471,1.2954368488481798,0.46580598,7.661996063770593,1.2808933107981586,-6.366559214922413,-0.8150873332152271,0.22445255474452555,0.17988235749813433,False,False,C:\Users\Owner\Desktop\Fall2023\CSE275\6D Pose\training_data_filtered\training_data\v2.2\2-7-18_color_kinect.png
2-70-5,bleach_cleanser,8,z2,1252,1.8087987951365638,0.42115408,7.626962104458544,1.28015888907456,-5.81816330932198,-0.8590048072531185,0.1864963503649635,0.18153895286087662,False,False,C:\Users\Owner\Desktop\Fall2023\CSE275\6D Pose\training_data_filtered\training_data\v2.2\2-70-5_color_kinect.png
2-14-17,bleach_cleanser,8,z2,1532,2.1774551228717005,0.41197804,7.621718521125624,1.306539630149228,-5.4442633982539235,-0.8945615939839906,0.1813868613138686,0.1783838021917253,False,False,C:\Users\Owner\Desktop\Fall2023\CSE275\6D Pose\training_data_filtered\training_data\v2.2\2-14-17_color_kinect.png
2-74-5,bleach_cleanser,8,z2,1364,7.593828424621726,1.1345952,7.593828424621726,1.1345951557159424,0.0,0.0,0.0,0.0,False,False,C:\Users\Owner\Desktop\Fall2023\CSE275\6D Pose\training_data_filtered\training_data\v2.2\2-74-5_color_kinect.png
2-63-11,bleach_cleanser,8,z2,1600,0.13419959882965005,0.4213382,7.550379085698983,1.3335759100792282,-7.416179486869334,-0.9122377095100753,0.1905109489051095,0.18313611564165086,False,False,C:\Users\Owner\Desktop\Fall2023\CSE275\6D Pose\training_data_filtered\training_data\v2.2\2-63-11_color_kinect.png
2-93-13,bleach_cleanser,8,z2,1519,4.583839872696393,0.43812487,7.480109221793225,1.3345382359440736,-2.8962693490968325,-0.8964133706505708,0.19927007299270072,0.18277239644071977,False,False,C:\Users\Owner\Desktop\Fall2023\CSE275\6D Pose\training_data_filtered\training_data\v2.2\2-93-13_color_kinect.png
2-63-13,bleach_cleanser,8,z2,1520,2.771576273284838,0.2944984,7.42474804574296,1.277993380189369,-4.653171772458122,-0.9834949663881758,0.19854014598540146,0.17241368132082566,False,False,C:\Users\Owner\Desktop\Fall2023\CSE275\6D Pose\training_data_filtered\training_data\v2.2\2-63-13_color_kinect.png
2-35-7,bleach_cleanser,8,z2,1484,0.4139011699237408,0.3861037,7.291319795213244,1.2861436236026529,-6.877418625289503,-0.9000399339320901,0.20693430656934306,0.17824442401720444,False,False,C:\Users\Owner\Desktop\Fall2023\CSE275\6D Pose\training_data_filtered\training_data\v2.2\2-35-7_color_kinect.png
1-6-2,pudding_box,51,z2|x2,151,7.059160984669979,0.2507064,7.229459580241057,0.2102174013024303,-0.17029859557107851,0.04048900314512524,0.233983286908078,0.17228445383316132,False,False,C:\Users\Owner\Desktop\Fall2023\CSE275\6D Pose\training_data_filtered\training_data\v2.2\1-6-2_color_kinect.png
2-68-12,bleach_cleanser,8,z2,1176,0.35394683929041093,0.5951933,7.1208238050015575,1.2350569146978008,-6.7668769657111465,-0.6398635882245647,0.17408759124087592,0.17824018186339421,False,False,C:\Users\Owner\Desktop\Fall2023\CSE275\6D Pose\training_data_filtered\training_data\v2.2\2-68-12_color_kinect.png
2-4-5,e_toy_airplane,21,z2,54,7.09585484805925,0.97948045,7.09585484805925,0.9794804453849792,0.0,0.0,0.0,0.0,False,False,C:\Users\Owner\Desktop\Fall2023\CSE275\6D Pose\training_data_filtered\training_data\v2.2\2-4-5_color_kinect.png
2-7-6,bleach_cleanser,8,z2,1255,4.144617399463855,0.6664467,7.020114411911184,1.2445094056115027,-2.8754970124473287,-0.5780627198204871,0.18248175182481752,0.1830769367068956,False,False,C:\Users\Owner\Desktop\Fall2023\CSE275\6D Pose\training_data_filtered\training_data\v2.2\2-7-6_color_kinect.png
2-79-3,bleach_cleanser,8,z2,1428,5.056187245307692,0.5441339,7.017884427575674,1.3001397489907618,-1.961697182267982,-0.7560058473946925,0.181021897810219,0.18261253652269038,False,False,C:\Users\Owner\Desktop\Fall2023\CSE275\6D Pose\training_data_filtered\training_data\v2.2\2-79-3_color_kinect.png
2-70-5,a_lego_duplo,1,z2,165,7.014750982743503,0.406015,7.014750982743503,0.406015008687973,0.0,0.0,0.0,0.0,False,False,C:\Users\Owner\Desktop\Fall2023\CSE275\6D Pose\training_data_filtered\training_data\v2.2\2-70-5_color_kinect.png
2-94-3,bleach_cleanser,8,z2,1559,0.45235803963480864,0.42947814,6.881457066835432,1.2625644112871683,-6.429099027200623,-0.8330862726019419,0.18467153284671534,0.17747866800893253,False,False,C:\Users\Owner\Desktop\Fall2023\CSE275\6D Pose\training_data_filtered\training_data\v2.2\2-94-3_color_kinect.png
2-46-0,bleach_cleanser,8,z2,1477,2.7192459932161497,0.29657817,6.866812435524388,1.204906985802044,-4.1475664423082375,-0.9083288169330255,0.19927007299270072,0.17893585780006557,False,False,C:\Users\Owner\Desktop\Fall2023\CSE275\6D Pose\training_data_filtered\training_data\v2.2\2-46-0_color_kinect.png
2-17-9,bleach_cleanser,8,z2,1417,2.3913800206084987,0.3722105,6.854381332214668,1.2135162543300875,-4.4630013116061695,-0.8413057517055758,0.18759124087591242,0.17827779774441221,False,False,C:\Users\Owner\Desktop\Fall2023\CSE275\6D Pose\training_data_filtered\training_data\v2.2\2-17-9_color_kinect.png
2-70-5,e_toy_airplane,21,z2,113,6.837142748952236,0.12587024,6.837142748952236,0.1258702427148819,0.0,0.0,0.0,0.0,False,False,C:\Users\Owner\Desktop\Fall2023\CSE275\6D Pose\training_data_filtered\training_data\v2.2\2-70-5_color_kinect.png
2-93-13,gelatin_box,30,z2|x2,73,0.5201070124226701,2.8070266,6.722626291600356,2.780550291195273,-6.202519279177686,0.026476333484292347,0.027472527472527472,0.15993301737969925,False,False,C:\Users\Owner\Desktop\Fall2023\CSE275\6D Pose\training_data_filtered\training_data\v2.2\2-93-13_color_kinect.png
2-2-6,bleach_cleanser,8,z2,1446,6.700083673291035,0.12347703,6.700083673291035,0.1234770268201828,0.0,0.0,0.0,0.0,False,False,C:\Users\Owner\Desktop\Fall2023\CSE275\6D Pose\training_data_filtered\training_data\v2.2\2-2-6_color_kinect.png
2-13-3,bleach_cleanser,8,z2,1200,1.3806205798651368,0.74595547,6.64939540109179,1.2461745581579673,-5.268774821226653,-0.5002190909338462,0.16058394160583941,0.18080441783375106,False,False,C:\Users\Owner\Desktop\Fall2023\CSE275\6D Pose\training_data_filtered\training_data\v2.2\2-13-3_color_kinect.png
2-70-3,sugar_box,55,z2|x2,95,4.851979179921092,0.8112557,6.613670280755852,0.7701778622884817,-1.76169110083476,0.041077831147187216,0.05137614678899083,0.1732680379894518,False,False,C:\Users\Owner\Desktop\Fall2023\CSE275\6D Pose\training_data_filtered\training_data\v2.2\2-70-3_color_kinect.png
2-65-11,potted_meat_can,48,z2|x2,644,6.54614515001519,0.23805714,6.54614515001519,0.23805713653564453,0.0,0.0,0.0,0.0,False,False,C:\Users\Owner\Desktop\Fall2023\CSE275\6D Pose\training_data_filtered\training_data\v2.2\2-65-11_color_kinect.png
1-56-17,potted_meat_can,48,z2|x2,504,6.537631207769217,1.3714418,6.537631207769217,1.3714418411254883,0.0,0.0,0.0,0.0,False,False,C:\Users\Owner\Desktop\Fall2023\CSE275\6D Pose\training_data_filtered\training_data\v2.2\1-56-17_color_kinect.png
2-51-3,foam_brick,26,z2|x4|y2,117,6.499144099738334,0.5713311,6.499144099738334,0.5713310837745667,0.0,0.0,0.0,0.0,False,False,C:\Users\Owner\Desktop\Fall2023\CSE275\6D Pose\training_data_filtered\training_data\v2.2\2-51-3_color_kinect.png
1-88-8,pudding_box,51,z2|x2,200,6.4452272169158435,0.47934943,6.4452272169158435,0.47934943437576294,0.0,0.0,0.0,0.0,False,False,C:\Users\Owner\Desktop\Fall2023\CSE275\6D Pose\training_data_filtered\training_data\v2.2\1-88-8_color_kinect.png
2-34-3,bleach_cleanser,8,z2,1384,6.377471620381275,1.5827241,6.377471620381275,1.5827240943908691,0.0,0.0,0.0,0.0,False,False,C:\Users\Owner\Desktop\Fall2023\CSE275\6D Pose\training_data_filtered\training_data\v2.2\2-34-3_color_kinect.png
1-8-1,pudding_box,51,z2|x2,165,6.350903543773353,0.7725606,6.350903543773353,0.7725605964660645,0.0,0.0,0.0,0.0,False,False,C:\Users\Owner\Desktop\Fall2023\CSE275\6D Pose\training_data_filtered\training_data\v2.2\1-8-1_color_kinect.png
2-34-12,bleach_cleanser,8,z2,1417,6.231959594788135,0.17578752,6.231959594788135,0.1757875233888626,0.0,0.0,0.0,0.0,False,False,C:\Users\Owner\Desktop\Fall2023\CSE275\6D Pose\training_data_filtered\training_data\v2.2\2-34-12_color_kinect.png
2-73-20,potted_meat_can,48,z2|x2,248,0.2912184545257808,2.004929,6.0819169457738145,2.5105901437158993,-5.790698491248033,-0.5056610780115536,0.11030478955007257,0.16270374548285427,False,False,C:\Users\Owner\Desktop\Fall2023\CSE275\6D Pose\training_data_filtered\training_data\v2.2\2-73-20_color_kinect.png
2-93-13,pudding_box,51,z2|x2,151,2.0781370820961493,0.6363935,6.058608569716218,0.621222402200257,-3.9804714876200684,0.015171085253203653,0.13370473537604458,0.1727218576309724,False,False,C:\Users\Owner\Desktop\Fall2023\CSE275\6D Pose\training_data_filtered\training_data\v2.2\2-93-13_color_kinect.png
2-68-12,e_toy_airplane,21,z2,133,5.985489735866173,0.07653044,5.985489735866173,0.07653044164180756,0.0,0.0,0.0,0.0,False,False,C:\Users\Owner\Desktop\Fall2023\CSE275\6D Pose\training_data_filtered\training_data\v2.2\2-68-12_color_kinect.png
2-35-10,bleach_cleanser,8,z2,1273,5.867553710750257,0.16304047,5.867553710750257,0.16304047405719757,0.0,0.0,0.0,0.0,False,False,C:\Users\Owner\Desktop\Fall2023\CSE275\6D Pose\training_data_filtered\training_data\v2.2\2-35-10_color_kinect.png
1-32-1,potted_meat_can,48,z2|x2,868,5.716754851082941,0.22565855,5.716754851082941,0.22565855085849762,0.0,0.0,0.0,0.0,False,False,C:\Users\Owner\Desktop\Fall2023\CSE275\6D Pose\training_data_filtered\training_data\v2.2\1-32-1_color_kinect.png
2-58-15,bleach_cleanser,8,z2,1328,5.682429822573666,0.31079566,5.682429822573666,0.3107956647872925,0.0,0.0,0.0,0.0,False,False,C:\Users\Owner\Desktop\Fall2023\CSE275\6D Pose\training_data_filtered\training_data\v2.2\2-58-15_color_kinect.png
1-92-8,cracker_box,14,z2|x2,182,5.78804537929054,0.16090612,5.663676762078243,0.19743335863276185,0.12436861721229686,-0.03652723749800385,0.34868421052631576,0.16947366504389053,False,False,C:\Users\Owner\Desktop\Fall2023\CSE275\6D Pose\training_data_filtered\training_data\v2.2\1-92-8_color_kinect.png
2-14-14,pudding_box,51,z2|x2,194,5.567307496167353,0.04707755,5.567307496167353,0.04707755148410797,0.0,0.0,0.0,0.0,False,False,C:\Users\Owner\Desktop\Fall2023\CSE275\6D Pose\training_data_filtered\training_data\v2.2\2-14-14_color_kinect.png
1-3-1,potted_meat_can,48,z2|x2,674,5.387737292840827,0.42045346,5.387737292840827,0.4204534590244293,0.0,0.0,0.0,0.0,False,False,C:\Users\Owner\Desktop\Fall2023\CSE275\6D Pose\training_data_filtered\training_data\v2.2\1-3-1_color_kinect.png
2-82-9,bleach_cleanser,8,z2,1328,5.370805943516557,0.3444114,5.370805943516557,0.3444114029407501,0.0,0.0,0.0,0.0,False,False,C:\Users\Owner\Desktop\Fall2023\CSE275\6D Pose\training_data_filtered\training_data\v2.2\2-82-9_color_kinect.png
1-97-9,cracker_box,14,z2|x2,180,5.409430728623845,0.1861588,5.348241984433462,0.13050567302579077,0.06118874419038356,0.05565313305979577,0.3848684210526316,0.16901287711954555,False,False,C:\Users\Owner\Desktop\Fall2023\CSE275\6D Pose\training_data_filtered\training_data\v2.2\1-97-9_color_kinect.png
2-7-18,gelatin_box,30,z2|x2,64,3.192607956187237,0.5394768,5.290945629387001,0.5039400021554603,-2.098337673199764,0.03553680973037343,0.04395604395604396,0.16289554152736974,False,False,C:\Users\Owner\Desktop\Fall2023\CSE275\6D Pose\training_data_filtered\training_data\v2.2\2-7-18_color_kinect.png
2-94-19,prism,50,z2,202,5.178344798605094,0.39823708,5.178344798605094,0.39823707938194275,0.0,0.0,0.0,0.0,False,False,C:\Users\Owner\Desktop\Fall2023\CSE275\6D Pose\training_data_filtered\training_data\v2.2\2-94-19_color_kinect.png
2-7-8,e_toy_airplane,21,z2,116,1.5809537701299377,0.04238824,5.149239770135758,0.1515045994864638,-3.5682860000058207,-0.10911635774838283,0.3289902280130293,0.16621022539480132,False,False,C:\Users\Owner\Desktop\Fall2023\CSE275\6D Pose\training_data_filtered\training_data\v2.2\2-7-8_color_kinect.png
1-51-4,pudding_box,51,z2|x2,185,1.89068329586187,0.15457466,5.0535743873522385,0.23262155108819152,-3.1628910914903683,-0.07804688864121581,0.3816155988857939,0.1667278726426748,False,False,C:\Users\Owner\Desktop\Fall2023\CSE275\6D Pose\training_data_filtered\training_data\v2.2\1-51-4_color_kinect.png
2-67-12,e_toy_airplane,21,z2,134,5.046609391356699,0.204301,5.046609391356699,0.20430099964141846,0.0,0.0,0.0,0.0,False,False,C:\Users\Owner\Desktop\Fall2023\CSE275\6D Pose\training_data_filtered\training_data\v2.2\2-67-12_color_kinect.png
2-63-11,e_toy_airplane,21,z2,126,1.30244235150236,0.18337896,5.024435695963784,0.05477540650463111,-3.721993344461424,0.12860355815792077,0.3127035830618892,0.16606681336895093,False,False,C:\Users\Owner\Desktop\Fall2023\CSE275\6D Pose\training_data_filtered\training_data\v2.2\2-63-11_color_kinect.png
2-52-12,jenga,35,z2|x2,190,4.178446824460917,1.3683996,4.178446824460917,1.3683996200561523,0.0,0.0,0.0,0.0,False,False,C:\Users\Owner\Desktop\Fall2023\CSE275\6D Pose\training_data_filtered\training_data\v2.2\2-52-12_color_kinect.png
2-26-15,gelatin_box,30,z2|x2,389,4.005620792711124,1.0410199,4.005620792711124,1.0410199165344238,0.0,0.0,0.0,0.0,False,False,C:\Users\Owner\Desktop\Fall2023\CSE275\6D Pose\training_data_filtered\training_data\v2.2\2-26-15_color_kinect.png
2-2-2,bleach_cleanser,8,z2,1068,3.817563591764751,2.0239348,3.817563591764751,2.023934841156006,0.0,0.0,0.0,0.0,False,False,C:\Users\Owner\Desktop\Fall2023\CSE275\6D Pose\training_data_filtered\training_data\v2.2\2-2-2_color_kinect.png
2-52-12,sugar_box,55,z2|x2,243,3.2597600240242395,1.2827586,3.2597600240242395,1.2827585935592651,0.0,0.0,0.0,0.0,False,False,C:\Users\Owner\Desktop\Fall2023\CSE275\6D Pose\training_data_filtered\training_data\v2.2\2-52-12_color_kinect.png
2-36-8,mustard_bottle,42,z2,747,2.36581791511925,1.263641,2.36581791511925,1.2636409997940063,0.0,0.0,0.0,0.0,False,False,C:\Users\Owner\Desktop\Fall2023\CSE275\6D Pose\training_data_filtered\training_data\v2.2\2-36-8_color_kinect.png
2-36-15,mustard_bottle,42,z2,959,2.003705013865885,1.1127108,2.003705013865885,1.1127108335494995,0.0,0.0,0.0,0.0,False,False,C:\Users\Owner\Desktop\Fall2023\CSE275\6D Pose\training_data_filtered\training_data\v2.2\2-36-15_color_kinect.png
1-6-2,jenga,35,z2|x2,459,1.7218624299708916,1.2353683,1.7218624299708916,1.235368251800537,0.0,0.0,0.0,0.0,False,False,C:\Users\Owner\Desktop\Fall2023\CSE275\6D Pose\training_data_filtered\training_data\v2.2\1-6-2_color_kinect.png
2-13-10,bleach_cleanser,8,z2,1258,1.662197592638888,1.2256483,1.662197592638888,1.225648283958435,0.0,0.0,0.0,0.0,False,False,C:\Users\Owner\Desktop\Fall2023\CSE275\6D Pose\training_data_filtered\training_data\v2.2\2-13-10_color_kinect.png
2-49-11,d_toy_airplane,18,zinf,84,0.5647757118364577,1.3865699,0.5647757118364577,1.386569857597351,0.0,0.0,0.0,0.0,False,False,C:\Users\Owner\Desktop\Fall2023\CSE275\6D Pose\training_data_filtered\training_data\v2.2\2-49-11_color_kinect.png
2-13-3,c_toy_airplane,13,zinf,56,0.12294219645452549,1.5025892,0.12294219645452549,1.502589225769043,0.0,0.0,0.0,0.0,False,False,C:\Users\Owner\Desktop\Fall2023\CSE275\6D Pose\training_data_filtered\training_data\v2.2\2-13-3_color_kinect.png
1-72-15,master_chef_can,39,zinf|x2,212,0.04513249230743574,1.3741826,0.04513249230743574,1.3741825819015503,0.0,0.0,0.0,0.0,False,False,C:\Users\Owner\Desktop\Fall2023\CSE275\6D Pose\training_data_filtered\training_data\v2.2\1-72-15_color_kinect.png
2-86-18,tomato_soup_can,56,zinf|x2,485,0.042785560248956106,1.2846574,0.042785560248956106,1.28465735912323,0.0,0.0,0.0,0.0,False,False,C:\Users\Owner\Desktop\Fall2023\CSE275\6D Pose\training_data_filtered\training_data\v2.2\2-86-18_color_kinect.png
1-86-1,pudding_box,51,z2|x2,208,1.595033166387271,0.1358166,4.778448867213959,0.16382658926808144,-3.1834157008266883,-0.028009985369079365,0.3649025069637883,0.17277037353756103,False,True,C:\Users\Owner\Desktop\Fall2023\CSE275\6D Pose\training_data_filtered\training_data\v2.2\1-86-1_color_kinect.png
2-38-17,wood_block,58,z2|y2|x4,362,4.7350012506958645,0.39236495,4.7350012506958645,0.3923649489879608,0.0,0.0,0.0,0.0,False,True,C:\Users\Owner\Desktop\Fall2023\CSE275\6D Pose\training_data_filtered\training_data\v2.2\2-38-17_color_kinect.png
1-65-16,cracker_box,14,z2|x2,201,2.2993314622302767,0.07923142,4.704748212903603,0.20725743867113644,-2.405416750673326,-0.12802602000191265,0.3618421052631579,0.17554902869454367,False,True,C:\Users\Owner\Desktop\Fall2023\CSE275\6D Pose\training_data_filtered\training_data\v2.2\1-65-16_color_kinect.png
2-55-10,rubiks_cube,52,z4|x4|y4,408,4.678067744969941,0.40617725,4.678067744969941,0.40617725253105164,0.0,0.0,0.0,0.0,False,True,C:\Users\Owner\Desktop\Fall2023\CSE275\6D Pose\training_data_filtered\training_data\v2.2\2-55-10_color_kinect.png
2-58-15,foam_brick,26,z2|x4|y2,400,4.654561203265788,0.19966769,4.654561203265788,0.19966769218444824,0.0,0.0,0.0,0.0,False,True,C:\Users\Owner\Desktop\Fall2023\CSE275\6D Pose\training_data_filtered\training_data\v2.2\2-58-15_color_kinect.png
2-2-6,e_toy_airplane,21,z2,124,1.272486457105119,0.089883305,4.638289786370117,0.15454610143479586,-3.365803329264998,-0.06466279630240679,0.2931596091205212,0.16930460275019046,False,True,C:\Users\Owner\Desktop\Fall2023\CSE275\6D Pose\training_data_filtered\training_data\v2.2\2-2-6_color_kinect.png
2-80-6,pudding_box,51,z2|x2,139,2.930467482183281,0.68099374,4.602872849587325,0.12875697134901198,-1.6724053674040436,0.5522367644412407,0.23676880222841226,0.15981592665525707,False,True,C:\Users\Owner\Desktop\Fall2023\CSE275\6D Pose\training_data_filtered\training_data\v2.2\2-80-6_color_kinect.png
1-93-18,potted_meat_can,48,z2|x2,837,4.592520611218782,0.15200534,4.592520611218782,0.15200534462928772,0.0,0.0,0.0,0.0,False,True,C:\Users\Owner\Desktop\Fall2023\CSE275\6D Pose\training_data_filtered\training_data\v2.2\1-93-18_color_kinect.png
1-29-2,pudding_box,51,z2|x2,214,4.513922503898548,0.053224348,4.513922503898548,0.0532243475317955,0.0,0.0,0.0,0.0,False,True,C:\Users\Owner\Desktop\Fall2023\CSE275\6D Pose\training_data_filtered\training_data\v2.2\1-29-2_color_kinect.png
2-49-11,cracker_box,14,z2|x2,175,2.508573616569611,0.10049654,4.458984971268894,0.16790300283353612,-1.9504113546992827,-0.06740646485011861,0.4473684210526316,0.16590833031370394,False,True,C:\Users\Owner\Desktop\Fall2023\CSE275\6D Pose\training_data_filtered\training_data\v2.2\2-49-11_color_kinect.png
1-27-6,cracker_box,14,z2|x2,180,2.771573531311691,0.20009926,4.435786806287458,0.13667924686114535,-1.6642132749757672,0.0634200127537991,0.4243421052631579,0.15608170064291574,False,True,C:\Users\Owner\Desktop\Fall2023\CSE275\6D Pose\training_data_filtered\training_data\v2.2\1-27-6_color_kinect.png
1-1-4,pudding_box,51,z2|x2,198,1.5960490773111786,0.28862095,4.42059449341121,0.16625750443850776,-2.8245454161000314,0.12236344435299615,0.34818941504178275,0.1744727371860916,False,True,C:\Users\Owner\Desktop\Fall2023\CSE275\6D Pose\training_data_filtered\training_data\v2.2\1-1-4_color_kinect.png
1-97-13,cracker_box,14,z2|x2,179,2.0509541865290237,0.120447785,4.419299378559275,0.12317853738347176,-2.3683451920302514,-0.002730752721225055,0.3881578947368421,0.17103145606272702,False,True,C:\Users\Owner\Desktop\Fall2023\CSE275\6D Pose\training_data_filtered\training_data\v2.2\1-97-13_color_kinect.png
2-18-8,cracker_box,14,z2|x2,206,1.1589289989195104,0.06744788,4.409366314641646,0.16106894119384205,-3.2504373157221362,-0.09362106277348911,0.375,0.17642340328637665,False,True,C:\Users\Owner\Desktop\Fall2023\CSE275\6D Pose\training_data_filtered\training_data\v2.2\2-18-8_color_kinect.png
1-21-8,cracker_box,14,z2|x2,188,1.677702230829514,0.06088874,4.363389170183985,0.1269980683276052,-2.685686939354471,-0.06610932716220566,0.4375,0.1643721395797245,False,True,C:\Users\Owner\Desktop\Fall2023\CSE275\6D Pose\training_data_filtered\training_data\v2.2\1-21-8_color_kinect.png
1-87-20,pudding_box,51,z2|x2,216,2.7568514069344734,0.32045552,4.334713181336436,0.11297916822212505,-1.577861774401963,0.2074763531230135,0.39275766016713093,0.1719973666921673,False,True,C:\Users\Owner\Desktop\Fall2023\CSE275\6D Pose\training_data_filtered\training_data\v2.2\1-87-20_color_kinect.png
2-69-10,e_toy_airplane,21,z2,129,0.8640977326721552,0.07105988,4.334197305072434,0.22191087810769974,-3.4700995724002786,-0.15085099546686112,0.3322475570032573,0.17143866075573722,False,True,C:\Users\Owner\Desktop\Fall2023\CSE275\6D Pose\training_data_filtered\training_data\v2.2\2-69-10_color_kinect.png
2-30-8,pudding_box,51,z2|x2,220,3.9579268088184536,0.13817668,4.300367141314525,0.11858187810820794,-0.3424403324960714,0.01959480150299811,0.40668523676880225,0.16541681140916054,False,True,C:\Users\Owner\Desktop\Fall2023\CSE275\6D Pose\training_data_filtered\training_data\v2.2\2-30-8_color_kinect.png
2-1-6,e_toy_airplane,21,z2,131,4.29825355594807,0.15790963,4.29825355594807,0.15790963172912598,0.0,0.0,0.0,0.0,False,True,C:\Users\Owner\Desktop\Fall2023\CSE275\6D Pose\training_data_filtered\training_data\v2.2\2-1-6_color_kinect.png
2-86-18,b_lego_duplo,5,z4,144,4.296972579317521,0.2297084,4.296972579317521,0.22970840334892273,0.0,0.0,0.0,0.0,False,True,C:\Users\Owner\Desktop\Fall2023\CSE275\6D Pose\training_data_filtered\training_data\v2.2\2-86-18_color_kinect.png
2-29-1,pudding_box,51,z2|x2,207,1.4855466698077056,0.26964167,4.293164355650053,0.08858022291427632,-2.807617685842348,0.1810614446901701,0.38997214484679665,0.177660650465089,False,True,C:\Users\Owner\Desktop\Fall2023\CSE275\6D Pose\training_data_filtered\training_data\v2.2\2-29-1_color_kinect.png
1-64-7,cracker_box,14,z2|x2,177,4.222594232973859,0.14944409,4.222594232973859,0.1494440883398056,0.0,0.0,0.0,0.0,False,True,C:\Users\Owner\Desktop\Fall2023\CSE275\6D Pose\training_data_filtered\training_data\v2.2\1-64-7_color_kinect.png
2-26-13,foam_brick,26,z2|x4|y2,221,1.6441204258679174,0.7938604,4.208313381109064,0.26041782458896734,-2.5641929552411464,0.5334425512922277,0.16666666666666666,0.16411839041620802,False,True,C:\Users\Owner\Desktop\Fall2023\CSE275\6D Pose\training_data_filtered\training_data\v2.2\2-26-13_color_kinect.png
1-46-0,cracker_box,14,z2|x2,193,2.1165144027445857,0.12723473,4.198440643361462,0.10969393560797316,-2.081926240616876,0.01754079153626817,0.4506578947368421,0.17905742120604265,False,True,C:\Users\Owner\Desktop\Fall2023\CSE275\6D Pose\training_data_filtered\training_data\v2.2\1-46-0_color_kinect.png
2-4-10,cracker_box,14,z2|x2,100,0.8643188070821667,0.36608514,4.196704031767677,0.2729887377248553,-3.33238522468551,0.09309640417234621,0.20723684210526316,0.17098352286401197,False,True,C:\Users\Owner\Desktop\Fall2023\CSE275\6D Pose\training_data_filtered\training_data\v2.2\2-4-10_color_kinect.png
2-77-11,pudding_box,51,z2|x2,188,1.4918405334003408,0.39288235,4.195524493196212,0.10814164046771979,-2.703683959795871,0.2847407066392138,0.3788300835654596,0.16304927433020108,False,True,C:\Users\Owner\Desktop\Fall2023\CSE275\6D Pose\training_data_filtered\training_data\v2.2\2-77-11_color_kinect.png
1-14-12,pudding_box,51,z2|x2,221,1.7402138285020523,0.18609162,4.1738272634159985,0.1337950948949966,-2.433613434913946,0.05229652185476688,0.3732590529247911,0.16714734601252967,False,True,C:\Users\Owner\Desktop\Fall2023\CSE275\6D Pose\training_data_filtered\training_data\v2.2\1-14-12_color_kinect.png
1-82-18,pudding_box,51,z2|x2,215,1.6694025006770585,0.12765533,4.1486883349059385,0.09676718202071823,-2.4792858342288797,0.03088814529938065,0.415041782729805,0.16990842780873042,False,True,C:\Users\Owner\Desktop\Fall2023\CSE275\6D Pose\training_data_filtered\training_data\v2.2\1-82-18_color_kinect.png
2-23-9,gelatin_box,30,z2|x2,562,4.126015062538373,0.119159944,4.126015062538373,0.11915994435548782,0.0,0.0,0.0,0.0,False,True,C:\Users\Owner\Desktop\Fall2023\CSE275\6D Pose\training_data_filtered\training_data\v2.2\2-23-9_color_kinect.png
2-86-18,cracker_box,14,z2|x2,113,4.121655914175073,0.34263447,4.121655914175073,0.3426344692707062,0.0,0.0,0.0,0.0,False,True,C:\Users\Owner\Desktop\Fall2023\CSE275\6D Pose\training_data_filtered\training_data\v2.2\2-86-18_color_kinect.png
2-4-10,e_lego_duplo,20,z2,139,0.4806055883521303,0.66439605,4.120942977683261,0.6106598473383769,-3.6403373893311306,0.053736200253786226,0.04738154613466334,0.17150772024038904,False,True,C:\Users\Owner\Desktop\Fall2023\CSE275\6D Pose\training_data_filtered\training_data\v2.2\2-4-10_color_kinect.png
2-11-1,pudding_box,51,z2|x2,214,2.4090313457675103,0.118247606,4.098197653673571,0.0929440669461004,-1.6891663079060608,0.02530353891413291,0.415041782729805,0.1710639130424728,False,True,C:\Users\Owner\Desktop\Fall2023\CSE275\6D Pose\training_data_filtered\training_data\v2.2\2-11-1_color_kinect.png
1-26-17,pudding_box,51,z2|x2,210,1.5260404208309755,0.034567185,4.095252872496123,0.12192489582301619,-2.5692124516651473,-0.08735771107675078,0.3649025069637883,0.17724404123084975,False,True,C:\Users\Owner\Desktop\Fall2023\CSE275\6D Pose\training_data_filtered\training_data\v2.2\1-26-17_color_kinect.png
2-7-10,e_lego_duplo,20,z2,369,0.12497138775323997,0.1568811,4.093838316211239,0.18527305273344086,-3.968866928457999,-0.02839195875455902,0.32169576059850374,0.16647142674145782,False,True,C:\Users\Owner\Desktop\Fall2023\CSE275\6D Pose\training_data_filtered\training_data\v2.2\2-7-10_color_kinect.png
1-58-12,pudding_box,51,z2|x2,222,1.52604317878685,0.10666085,4.079344910668493,0.140860601703891,-2.5533017318816436,-0.034199751357802594,0.3871866295264624,0.16873035029837438,False,True,C:\Users\Owner\Desktop\Fall2023\CSE275\6D Pose\training_data_filtered\training_data\v2.2\1-58-12_color_kinect.png
1-45-15,cracker_box,14,z2|x2,183,1.0572293649904991,0.08561093,4.047671971057835,0.1527890128609852,-2.990442606067336,-0.06717807925912897,0.35855263157894735,0.16865826609887433,False,True,C:\Users\Owner\Desktop\Fall2023\CSE275\6D Pose\training_data_filtered\training_data\v2.2\1-45-15_color_kinect.png
2-7-9,cracker_box,14,z2|x2,192,4.432082215532458,0.1025583,4.039545878307734,0.12660270865816453,0.39253633722472436,-0.024044408759063274,0.375,0.18109559650693605,False,True,C:\Users\Owner\Desktop\Fall2023\CSE275\6D Pose\training_data_filtered\training_data\v2.2\2-7-9_color_kinect.png
1-3-3,pudding_box,51,z2|x2,212,1.540754588223187,0.059578784,4.005004647957139,0.11713875588646044,-2.464250059733952,-0.05755997207632174,0.43175487465181056,0.17325387081397914,False,True,C:\Users\Owner\Desktop\Fall2023\CSE275\6D Pose\training_data_filtered\training_data\v2.2\1-3-3_color_kinect.png
1-20-2,pudding_box,51,z2|x2,195,2.7814337761630794,0.5661915,3.9764566918532704,0.12842056770052743,-1.195022915690191,0.4377709267643468,0.3426183844011142,0.17615435509400443,False,True,C:\Users\Owner\Desktop\Fall2023\CSE275\6D Pose\training_data_filtered\training_data\v2.2\1-20-2_color_kinect.png
1-29-11,cracker_box,14,z2|x2,189,2.3436432610349374,0.11696733,3.9746804402970044,0.14012876936173693,-1.631037179262067,-0.02316144146895663,0.3815789473684211,0.16406270988660454,False,True,C:\Users\Owner\Desktop\Fall2023\CSE275\6D Pose\training_data_filtered\training_data\v2.2\1-29-11_color_kinect.png
2-26-12,pudding_box,51,z2|x2,210,1.5295210843103215,0.24407439,3.9388914877490913,0.12333050597119743,-2.4093704034387695,0.12074388336729591,0.42618384401114207,0.16794757878215452,False,True,C:\Users\Owner\Desktop\Fall2023\CSE275\6D Pose\training_data_filtered\training_data\v2.2\2-26-12_color_kinect.png
1-31-0,pudding_box,51,z2|x2,215,2.2892837636756176,0.12373558,3.9167301380605393,0.0962530949210473,-1.6274463743849217,0.027482481947009946,0.3788300835654596,0.16994064012939336,False,True,C:\Users\Owner\Desktop\Fall2023\CSE275\6D Pose\training_data_filtered\training_data\v2.2\1-31-0_color_kinect.png
2-19-6,jenga,35,z2|x2,503,3.879327624827466,0.34939116,3.879327624827466,0.3493911623954773,0.0,0.0,0.0,0.0,False,True,C:\Users\Owner\Desktop\Fall2023\CSE275\6D Pose\training_data_filtered\training_data\v2.2\2-19-6_color_kinect.png
2-82-9,pudding_box,51,z2|x2,215,2.5638003912243503,0.06653106,3.871126249491425,0.17954397510782857,-1.3073258582670748,-0.1130129129816689,0.3788300835654596,0.1644330727770765,False,True,C:\Users\Owner\Desktop\Fall2023\CSE275\6D Pose\training_data_filtered\training_data\v2.2\2-82-9_color_kinect.png
1-61-12,cracker_box,14,z2|x2,177,3.9367646299641836,0.18499504,3.855960395028625,0.13755608054892648,0.08080423493555866,0.047438959748581755,0.3848684210526316,0.1806740206077137,False,True,C:\Users\Owner\Desktop\Fall2023\CSE275\6D Pose\training_data_filtered\training_data\v2.2\1-61-12_color_kinect.png
1-99-12,cracker_box,14,z2|x2,193,1.1041138948615274,0.026848618,3.8413309054972977,0.12047827185749432,-2.7372170106357703,-0.0936296539163532,0.41118421052631576,0.17331900854469764,False,True,C:\Users\Owner\Desktop\Fall2023\CSE275\6D Pose\training_data_filtered\training_data\v2.2\1-99-12_color_kinect.png
1-44-19,pudding_box,51,z2|x2,191,2.0509804766222683,0.25967002,3.8285939752747193,0.11719385112066596,-1.777613498652451,0.1424761680291143,0.31197771587743733,0.16410388384153593,False,True,C:\Users\Owner\Desktop\Fall2023\CSE275\6D Pose\training_data_filtered\training_data\v2.2\1-44-19_color_kinect.png
2-26-15,d_toy_airplane,18,zinf,137,3.8284907376614368,0.35737276,3.8284907376614368,0.3573727607727051,0.0,0.0,0.0,0.0,False,True,C:\Users\Owner\Desktop\Fall2023\CSE275\6D Pose\training_data_filtered\training_data\v2.2\2-26-15_color_kinect.png
1-6-5,pudding_box,51,z2|x2,212,1.475247095582644,0.15609874,3.827106352140922,0.12079630092460616,-2.351859256558278,0.03530243738811509,0.44846796657381616,0.16912330911514653,False,True,C:\Users\Owner\Desktop\Fall2023\CSE275\6D Pose\training_data_filtered\training_data\v2.2\1-6-5_color_kinect.png
2-2-2,cracker_box,14,z2|x2,170,4.677811856275042,0.14790559,3.8034905548595273,0.16459836286483479,0.8743213014155149,-0.01669277471481037,0.3651315789473684,0.17202913953108687,False,True,C:\Users\Owner\Desktop\Fall2023\CSE275\6D Pose\training_data_filtered\training_data\v2.2\2-2-2_color_kinect.png
2-94-19,pudding_box,51,z2|x2,132,9.04446524450351,0.3095924,3.789072500547901,0.1771511169249811,5.255392743955609,0.1324412790959082,0.25348189415041783,0.17675875882750594,False,True,C:\Users\Owner\Desktop\Fall2023\CSE275\6D Pose\training_data_filtered\training_data\v2.2\2-94-19_color_kinect.png
2-22-1,bleach_cleanser,8,z2,1239,3.768839933360484,0.28492734,3.768839933360484,0.2849273383617401,0.0,0.0,0.0,0.0,False,True,C:\Users\Owner\Desktop\Fall2023\CSE275\6D Pose\training_data_filtered\training_data\v2.2\2-22-1_color_kinect.png
1-39-3,pudding_box,51,z2|x2,215,1.593564006782368,0.11583776,3.7673693062268563,0.09698673635414916,-2.1738052994444885,0.018851023915492718,0.4206128133704735,0.1707868192257055,False,True,C:\Users\Owner\Desktop\Fall2023\CSE275\6D Pose\training_data_filtered\training_data\v2.2\1-39-3_color_kinect.png
2-19-6,cracker_box,14,z2|x2,195,3.7612433831922747,0.061892077,3.7612433831922747,0.0618920773267746,0.0,0.0,0.0,0.0,False,True,C:\Users\Owner\Desktop\Fall2023\CSE275\6D Pose\training_data_filtered\training_data\v2.2\2-19-6_color_kinect.png
2-18-8,bleach_cleanser,8,z2,1483,3.753350875173786,0.37567577,3.753350875173786,0.375675767660141,0.0,0.0,0.0,0.0,False,True,C:\Users\Owner\Desktop\Fall2023\CSE275\6D Pose\training_data_filtered\training_data\v2.2\2-18-8_color_kinect.png
1-46-20,pudding_box,51,z2|x2,221,2.2514157944452666,0.19747655,3.7250905822619496,0.15476322658577255,-1.473674787816683,0.04271332435092637,0.3955431754874652,0.16979345764913012,False,True,C:\Users\Owner\Desktop\Fall2023\CSE275\6D Pose\training_data_filtered\training_data\v2.2\1-46-20_color_kinect.png
1-57-10,pudding_box,51,z2|x2,183,4.5451376489631325,0.5411115,3.7181375574393374,0.36000902540236507,0.8270000915237952,0.18110250347107854,0.3342618384401114,0.16471154849272673,False,True,C:\Users\Owner\Desktop\Fall2023\CSE275\6D Pose\training_data_filtered\training_data\v2.2\1-57-10_color_kinect.png
2-38-4,wood_block,58,z2|y2|x4,500,3.713838300910814,0.18183286,3.713838300910814,0.18183286488056183,0.0,0.0,0.0,0.0,False,True,C:\Users\Owner\Desktop\Fall2023\CSE275\6D Pose\training_data_filtered\training_data\v2.2\2-38-4_color_kinect.png
2-12-2,cracker_box,14,z2|x2,192,0.767331544211587,0.109303914,3.713738267034282,0.13682261529717996,-2.946406722822695,-0.027518701286655206,0.3881578947368421,0.18016135347805,False,True,C:\Users\Owner\Desktop\Fall2023\CSE275\6D Pose\training_data_filtered\training_data\v2.2\2-12-2_color_kinect.png
2-9-10,e_toy_airplane,21,z2,134,4.492445482986543,0.35970917,3.7020557153981843,0.15307211899904843,0.7903897675883589,0.2066370544418848,0.32247557003257327,0.17141235511507324,False,True,C:\Users\Owner\Desktop\Fall2023\CSE275\6D Pose\training_data_filtered\training_data\v2.2\2-9-10_color_kinect.png
2-13-10,cracker_box,14,z2|x2,184,0.9726462641577286,0.0818275,3.6944975687494788,0.14295112256194095,-2.72185130459175,-0.06112362358952503,0.3881578947368421,0.16742119699183577,False,True,C:\Users\Owner\Desktop\Fall2023\CSE275\6D Pose\training_data_filtered\training_data\v2.2\2-13-10_color_kinect.png
2-46-0,cracker_box,14,z2|x2,203,0.8846593188435093,0.07422177,3.6871568722546026,0.18288301262344753,-2.802497553411093,-0.10866124513830577,0.41776315789473684,0.17421583983344638,False,True,C:\Users\Owner\Desktop\Fall2023\CSE275\6D Pose\training_data_filtered\training_data\v2.2\2-46-0_color_kinect.png
2-42-15,cracker_box,14,z2|x2,172,2.08361755929307,0.16142112,3.675020618870535,0.14259100655886164,-1.5914030595774653,0.01883011360791692,0.3256578947368421,0.16940429604001764,False,True,C:\Users\Owner\Desktop\Fall2023\CSE275\6D Pose\training_data_filtered\training_data\v2.2\2-42-15_color_kinect.png
1-23-6,pudding_box,51,z2|x2,193,2.217478572876503,0.32938108,3.6749115601380438,0.10166468335306045,-1.4574329872615408,0.22771639512861375,0.38997214484679665,0.16562598334164647,False,True,C:\Users\Owner\Desktop\Fall2023\CSE275\6D Pose\training_data_filtered\training_data\v2.2\1-23-6_color_kinect.png
2-55-10,bleach_cleanser,8,z2,1427,3.6539415968119595,0.351732,3.6539415968119595,0.3517319858074188,0.0,0.0,0.0,0.0,False,True,C:\Users\Owner\Desktop\Fall2023\CSE275\6D Pose\training_data_filtered\training_data\v2.2\2-55-10_color_kinect.png
1-3-11,pudding_box,51,z2|x2,177,3.6289154212968127,0.16617247,3.6289154212968127,0.16617247462272644,0.0,0.0,0.0,0.0,False,True,C:\Users\Owner\Desktop\Fall2023\CSE275\6D Pose\training_data_filtered\training_data\v2.2\1-3-11_color_kinect.png
1-29-2,cracker_box,14,z2|x2,185,2.958209521787311,0.051963337,3.6287115051456778,0.18405996498257102,-0.670501983358367,-0.13209662821680487,0.41118421052631576,0.1686981896380413,False,True,C:\Users\Owner\Desktop\Fall2023\CSE275\6D Pose\training_data_filtered\training_data\v2.2\1-29-2_color_kinect.png
2-6-11,cracker_box,14,z2|x2,190,0.7990121438850075,0.06293756,3.6089384354692697,0.13298702983653857,-2.8099262915842624,-0.07004947213924242,0.41776315789473684,0.16916238189096708,False,True,C:\Users\Owner\Desktop\Fall2023\CSE275\6D Pose\training_data_filtered\training_data\v2.2\2-6-11_color_kinect.png
2-11-4,pudding_box,51,z2|x2,210,1.5681987180168349,0.08954887,3.583566445427806,0.1295799702111771,-2.015367727410971,-0.040031099290042144,0.4233983286908078,0.1696788371603949,False,True,C:\Users\Owner\Desktop\Fall2023\CSE275\6D Pose\training_data_filtered\training_data\v2.2\2-11-4_color_kinect.png
1-46-0,pudding_box,51,z2|x2,175,2.1369603682167897,0.1600404,3.5822174698853066,0.3261536517224917,-1.445257101668517,-0.1661132582507739,0.3398328690807799,0.1663484808965317,False,True,C:\Users\Owner\Desktop\Fall2023\CSE275\6D Pose\training_data_filtered\training_data\v2.2\1-46-0_color_kinect.png
2-38-4,nine_hole_peg_test,43,no,200,2.7525462839963795,0.57267904,3.550477301919615,0.22870155547193532,-0.7979310179232355,0.3439774873442268,0.23905723905723905,0.15021201625308106,False,True,C:\Users\Owner\Desktop\Fall2023\CSE275\6D Pose\training_data_filtered\training_data\v2.2\2-38-4_color_kinect.png
2-11-4,cracker_box,14,z2|x2,191,2.019442096921534,0.2018299,3.548347585848856,0.12415176185953934,-1.5289054889273217,0.07767813351761978,0.41118421052631576,0.1662521227861067,False,True,C:\Users\Owner\Desktop\Fall2023\CSE275\6D Pose\training_data_filtered\training_data\v2.2\2-11-4_color_kinect.png
1-50-2,pudding_box,51,z2|x2,214,1.4944170340075547,0.076972306,3.546352390550832,0.12630009270720544,-2.051935356543277,-0.049327786932516715,0.36768802228412256,0.17040073385088042,False,True,C:\Users\Owner\Desktop\Fall2023\CSE275\6D Pose\training_data_filtered\training_data\v2.2\1-50-2_color_kinect.png
1-41-5,pudding_box,51,z2|x2,220,1.5215364919286993,0.08708349,3.5449624937590465,0.0979721049956669,-2.023426001830347,-0.010888616292892853,0.4456824512534819,0.16503102704151512,False,True,C:\Users\Owner\Desktop\Fall2023\CSE275\6D Pose\training_data_filtered\training_data\v2.2\1-41-5_color_kinect.png
2-69-10,bleach_cleanser,8,z2,1610,3.522297890370157,0.19157813,3.522297890370157,0.19157813489437103,0.0,0.0,0.0,0.0,False,True,C:\Users\Owner\Desktop\Fall2023\CSE275\6D Pose\training_data_filtered\training_data\v2.2\2-69-10_color_kinect.png
1-5-19,pudding_box,51,z2|x2,210,1.516236637183654,0.2554317,3.519850294196821,0.13854413090504347,-2.003613657013167,0.1168875807686931,0.3788300835654596,0.16741831921347614,False,True,C:\Users\Owner\Desktop\Fall2023\CSE275\6D Pose\training_data_filtered\training_data\v2.2\1-5-19_color_kinect.png
2-59-12,mustard_bottle,42,z2,1071,3.4937657023386515,0.17308594,3.4937657023386515,0.17308594286441803,0.0,0.0,0.0,0.0,False,True,C:\Users\Owner\Desktop\Fall2023\CSE275\6D Pose\training_data_filtered\training_data\v2.2\2-59-12_color_kinect.png
1-83-10,pudding_box,51,z2|x2,210,4.992064075205219,0.34813398,3.475540119209837,0.1600194019377996,1.5165239559953818,0.18811457929007516,0.39275766016713093,0.17398389987692237,False,True,C:\Users\Owner\Desktop\Fall2023\CSE275\6D Pose\training_data_filtered\training_data\v2.2\1-83-10_color_kinect.png
2-23-6,rubiks_cube,52,z4|x4|y4,506,3.4731972469491814,0.23529278,3.4731972469491814,0.23529277741909027,0.0,0.0,0.0,0.0,False,True,C:\Users\Owner\Desktop\Fall2023\CSE275\6D Pose\training_data_filtered\training_data\v2.2\2-23-6_color_kinect.png
2-93-1,bleach_cleanser,8,z2,1504,3.4333244362646576,0.34186545,3.4333244362646576,0.3418654501438141,0.0,0.0,0.0,0.0,False,True,C:\Users\Owner\Desktop\Fall2023\CSE275\6D Pose\training_data_filtered\training_data\v2.2\2-93-1_color_kinect.png
2-90-11,pudding_box,51,z2|x2,185,1.5890866624811253,0.39781985,3.401332801277062,0.2679759279460678,-1.8122461387959368,0.12984391892244723,0.35097493036211697,0.16038699477887244,False,True,C:\Users\Owner\Desktop\Fall2023\CSE275\6D Pose\training_data_filtered\training_data\v2.2\2-90-11_color_kinect.png
2-9-10,bleach_cleanser,8,z2,1490,3.400202115719818,0.5492196,3.400202115719818,0.5492196083068848,0.0,0.0,0.0,0.0,False,True,C:\Users\Owner\Desktop\Fall2023\CSE275\6D Pose\training_data_filtered\training_data\v2.2\2-9-10_color_kinect.png
2-4-10,e_toy_airplane,21,z2,127,3.3876298035142423,0.08037008,3.3876298035142423,0.08037008345127106,0.0,0.0,0.0,0.0,False,True,C:\Users\Owner\Desktop\Fall2023\CSE275\6D Pose\training_data_filtered\training_data\v2.2\2-4-10_color_kinect.png
2-26-15,wood_block,58,z2|y2|x4,465,3.375071254412388,0.23894653,3.375071254412388,0.23894652724266052,0.0,0.0,0.0,0.0,False,True,C:\Users\Owner\Desktop\Fall2023\CSE275\6D Pose\training_data_filtered\training_data\v2.2\2-26-15_color_kinect.png
1-49-1,pudding_box,51,z2|x2,216,4.090555595518091,0.07411427,3.3740114027354062,0.09612180248452153,0.7165441927826848,-0.02200753197623219,0.4011142061281337,0.1689366357870652,False,True,C:\Users\Owner\Desktop\Fall2023\CSE275\6D Pose\training_data_filtered\training_data\v2.2\1-49-1_color_kinect.png
2-6-3,e_toy_airplane,21,z2,123,3.3712685344412434,0.15678228,3.3712685344412434,0.15678228437900543,0.0,0.0,0.0,0.0,False,True,C:\Users\Owner\Desktop\Fall2023\CSE275\6D Pose\training_data_filtered\training_data\v2.2\2-6-3_color_kinect.png
2-91-1,prism,50,z2,156,3.3657838579157957,0.70167595,3.3657838579157957,0.7016759514808655,0.0,0.0,0.0,0.0,False,True,C:\Users\Owner\Desktop\Fall2023\CSE275\6D Pose\training_data_filtered\training_data\v2.2\2-91-1_color_kinect.png
1-13-7,pudding_box,51,z2|x2,223,1.5239986055144057,0.058845513,3.3399160595885693,0.1011685442503108,-1.8159174540741636,-0.042323031681360146,0.3983286908077994,0.1705511377356657,False,True,C:\Users\Owner\Desktop\Fall2023\CSE275\6D Pose\training_data_filtered\training_data\v2.2\1-13-7_color_kinect.png
1-22-20,sugar_box,55,z2|x2,317,2.0490822963903814,0.03192002,3.3315081228212726,0.10270537125532321,-1.2824258264308912,-0.07078535171811275,0.3486238532110092,0.17057484791330094,False,True,C:\Users\Owner\Desktop\Fall2023\CSE275\6D Pose\training_data_filtered\training_data\v2.2\1-22-20_color_kinect.png
1-50-2,cracker_box,14,z2|x2,187,1.7304732644445178,0.35680655,3.3268401938637173,0.09033488682112009,-1.5963669294191996,0.26647165962854114,0.3782894736842105,0.1742139628065291,False,True,C:\Users\Owner\Desktop\Fall2023\CSE275\6D Pose\training_data_filtered\training_data\v2.2\1-50-2_color_kinect.png
2-80-11,pudding_box,51,z2|x2,198,3.318311772197423,0.2653277,3.318311772197423,0.26532769203186035,0.0,0.0,0.0,0.0,False,True,C:\Users\Owner\Desktop\Fall2023\CSE275\6D Pose\training_data_filtered\training_data\v2.2\2-80-11_color_kinect.png
1-38-10,pudding_box,51,z2|x2,192,3.310436756351586,0.21438627,3.310436756351586,0.21438626945018768,0.0,0.0,0.0,0.0,False,True,C:\Users\Owner\Desktop\Fall2023\CSE275\6D Pose\training_data_filtered\training_data\v2.2\1-38-10_color_kinect.png
1-24-8,pudding_box,51,z2|x2,196,1.5689841406874696,0.05370648,3.3089505546665547,0.09675734283286769,-1.7399664139790851,-0.04305086450535495,0.4011142061281337,0.15983221947600804,False,True,C:\Users\Owner\Desktop\Fall2023\CSE275\6D Pose\training_data_filtered\training_data\v2.2\1-24-8_color_kinect.png
2-34-12,pudding_box,51,z2|x2,193,5.8502352297271445,0.28752142,3.2855184245204203,0.18008313770144016,2.564716805206724,0.10743828420789212,0.415041782729805,0.14439462863667077,False,True,C:\Users\Owner\Desktop\Fall2023\CSE275\6D Pose\training_data_filtered\training_data\v2.2\2-34-12_color_kinect.png
1-34-7,potted_meat_can,48,z2|x2,611,3.284746348445894,0.4204994,3.284746348445894,0.42049941420555115,0.0,0.0,0.0,0.0,False,True,C:\Users\Owner\Desktop\Fall2023\CSE275\6D Pose\training_data_filtered\training_data\v2.2\1-34-7_color_kinect.png
1-7-7,wood_block,58,z2|y2|x4,485,3.2844542166859023,0.261186,3.2844542166859023,0.26118600368499756,0.0,0.0,0.0,0.0,False,True,C:\Users\Owner\Desktop\Fall2023\CSE275\6D Pose\training_data_filtered\training_data\v2.2\1-7-7_color_kinect.png
1-53-14,pudding_box,51,z2|x2,210,1.51146344373167,0.1510879,3.282870976780223,0.10432022033254977,-1.7714075330485528,0.04676767470319394,0.39275766016713093,0.16547535984607037,False,True,C:\Users\Owner\Desktop\Fall2023\CSE275\6D Pose\training_data_filtered\training_data\v2.2\1-53-14_color_kinect.png
1-30-2,pudding_box,51,z2|x2,204,2.5851712275623693,0.14799923,3.2474902715039002,0.14372135147057474,-0.662319043941531,0.00427787557639181,0.3565459610027855,0.17235119111131794,False,True,C:\Users\Owner\Desktop\Fall2023\CSE275\6D Pose\training_data_filtered\training_data\v2.2\1-30-2_color_kinect.png
2-65-11,jenga,35,z2|x2,505,1.6771871475758333,0.6385155,3.2468086838781187,0.14664607304263516,-1.5696215363022854,0.4918693993694742,0.28650646950092423,0.149089355078461,False,True,C:\Users\Owner\Desktop\Fall2023\CSE275\6D Pose\training_data_filtered\training_data\v2.2\2-65-11_color_kinect.png
2-11-3,cracker_box,14,z2|x2,186,2.635495046014026,0.0678645,3.2409267502578047,0.14886166608386522,-0.6054317042437787,-0.0809971660976935,0.40460526315789475,0.1759791348076036,False,True,C:\Users\Owner\Desktop\Fall2023\CSE275\6D Pose\training_data_filtered\training_data\v2.2\2-11-3_color_kinect.png
1-50-8,pudding_box,51,z2|x2,212,1.5906047383446296,0.23366006,3.2354980159503053,0.19836242315491912,-1.6448932776056757,0.03529763403216127,0.38997214484679665,0.1646499816719057,False,True,C:\Users\Owner\Desktop\Fall2023\CSE275\6D Pose\training_data_filtered\training_data\v2.2\1-50-8_color_kinect.png
1-48-15,cracker_box,14,z2|x2,200,0.9543182559952381,0.05953846,3.2235441914547884,0.18031674171469558,-2.2692259354595503,-0.12077828044674743,0.4243421052631579,0.1709614136267296,False,True,C:\Users\Owner\Desktop\Fall2023\CSE275\6D Pose\training_data_filtered\training_data\v2.2\1-48-15_color_kinect.png
1-91-8,cracker_box,14,z2|x2,175,1.373758179265909,0.012855928,3.2165017340249493,0.12229116540316916,-1.8427435547590403,-0.10943523701195097,0.41776315789473684,0.17037283522002225,False,True,C:\Users\Owner\Desktop\Fall2023\CSE275\6D Pose\training_data_filtered\training_data\v2.2\1-91-8_color_kinect.png
1-40-17,pudding_box,51,z2|x2,221,3.2523184879331812,0.1494088,3.208538056637729,0.12195478437302522,0.04378043129545217,0.027454018017073353,0.36768802228412256,0.17760903880559412,False,True,C:\Users\Owner\Desktop\Fall2023\CSE275\6D Pose\training_data_filtered\training_data\v2.2\1-40-17_color_kinect.png
2-91-11,pudding_box,51,z2|x2,218,3.1966177608418263,0.18163605,3.208121341490338,0.14960678527962168,-0.011503580648511758,0.03202926506389181,0.41225626740947074,0.16797158406807522,False,True,C:\Users\Owner\Desktop\Fall2023\CSE275\6D Pose\training_data_filtered\training_data\v2.2\2-91-11_color_kinect.png
2-14-17,cracker_box,14,z2|x2,187,1.1086282668255147,0.317501,3.1887935448053697,0.17126028248599715,-2.080165277979855,0.14624072602459245,0.3717105263157895,0.169641164802113,False,True,C:\Users\Owner\Desktop\Fall2023\CSE275\6D Pose\training_data_filtered\training_data\v2.2\2-14-17_color_kinect.png
1-13-11,pudding_box,51,z2|x2,187,3.176873421098557,0.166617,3.176873421098557,0.1666170060634613,0.0,0.0,0.0,0.0,False,True,C:\Users\Owner\Desktop\Fall2023\CSE275\6D Pose\training_data_filtered\training_data\v2.2\1-13-11_color_kinect.png
1-56-1,pudding_box,51,z2|x2,198,3.174453463686619,0.44085476,3.174453463686619,0.4408547580242157,0.0,0.0,0.0,0.0,False,True,C:\Users\Owner\Desktop\Fall2023\CSE275\6D Pose\training_data_filtered\training_data\v2.2\1-56-1_color_kinect.png
1-22-7,cracker_box,14,z2|x2,200,1.661403062039864,0.13175274,3.1742123032811502,0.17989141569827583,-1.5128092412412861,-0.048138671381221076,0.47368421052631576,0.1603755571480251,False,True,C:\Users\Owner\Desktop\Fall2023\CSE275\6D Pose\training_data_filtered\training_data\v2.2\1-22-7_color_kinect.png
1-44-3,cracker_box,14,z2|x2,196,2.001206783007711,0.199415,3.1623704530248182,0.13461544854692672,-1.1611636700171073,0.06479954974599625,0.42105263157894735,0.17064095654887101,False,True,C:\Users\Owner\Desktop\Fall2023\CSE275\6D Pose\training_data_filtered\training_data\v2.2\1-44-3_color_kinect.png
2-94-3,prism,50,z2,297,1.5611848591093325,0.14827117,3.149425367307001,0.15225042520652746,-1.5882405081976687,-0.003979251967773184,0.5148514851485149,0.15464500255940739,False,True,C:\Users\Owner\Desktop\Fall2023\CSE275\6D Pose\training_data_filtered\training_data\v2.2\2-94-3_color_kinect.png
2-11-1,mustard_bottle,42,z2,1046,3.147082247414251,0.5647238,3.147082247414251,0.564723789691925,0.0,0.0,0.0,0.0,False,True,C:\Users\Owner\Desktop\Fall2023\CSE275\6D Pose\training_data_filtered\training_data\v2.2\2-11-1_color_kinect.png
1-1-16,pudding_box,51,z2|x2,218,1.6475942956749285,0.266184,3.1448795390731377,0.16996646710557733,-1.4972852433982091,0.09621753505544867,0.4011142061281337,0.16522948742895316,False,True,C:\Users\Owner\Desktop\Fall2023\CSE275\6D Pose\training_data_filtered\training_data\v2.2\1-1-16_color_kinect.png
1-61-4,cracker_box,14,z2|x2,172,5.166996768517189,0.100686505,3.144278920372979,0.14159533692427914,2.0227178481442096,-0.040908831487381864,0.3717105263157895,0.16905107443548079,False,True,C:\Users\Owner\Desktop\Fall2023\CSE275\6D Pose\training_data_filtered\training_data\v2.2\1-61-4_color_kinect.png
1-51-11,pudding_box,51,z2|x2,209,1.6637771590444181,0.2251416,3.1185830834575556,0.08149779792419577,-1.4548059244131375,0.1436438018501649,0.43454038997214484,0.16681216574512456,False,True,C:\Users\Owner\Desktop\Fall2023\CSE275\6D Pose\training_data_filtered\training_data\v2.2\1-51-11_color_kinect.png
1-58-16,pudding_box,51,z2|x2,217,2.3819083563423087,0.56911296,3.0933769838778873,0.10960838163579119,-0.7114686275355786,0.4595045748881041,0.4373259052924791,0.1651000995475267,False,True,C:\Users\Owner\Desktop\Fall2023\CSE275\6D Pose\training_data_filtered\training_data\v2.2\1-58-16_color_kinect.png
2-52-12,mustard_bottle,42,z2,820,3.077649570391426,0.32735595,3.077649570391426,0.3273559510707855,0.0,0.0,0.0,0.0,False,True,C:\Users\Owner\Desktop\Fall2023\CSE275\6D Pose\training_data_filtered\training_data\v2.2\2-52-12_color_kinect.png
2-63-13,gelatin_box,30,z2|x2,509,3.068308469072963,0.25073668,3.068308469072963,0.25073668360710144,0.0,0.0,0.0,0.0,False,True,C:\Users\Owner\Desktop\Fall2023\CSE275\6D Pose\training_data_filtered\training_data\v2.2\2-63-13_color_kinect.png
2-10-19,cracker_box,14,z2|x2,185,1.9633391812297099,0.036560327,3.060335416486095,0.14562207381950545,-1.0969962352563853,-0.10906174700485397,0.4934210526315789,0.1691351267524306,False,True,C:\Users\Owner\Desktop\Fall2023\CSE275\6D Pose\training_data_filtered\training_data\v2.2\2-10-19_color_kinect.png
1-4-17,pudding_box,51,z2|x2,193,1.5253197050943839,0.24069487,3.056927702329465,0.11828351345837286,-1.5316079972350813,0.12241135212600061,0.415041782729805,0.1708865350793503,False,True,C:\Users\Owner\Desktop\Fall2023\CSE275\6D Pose\training_data_filtered\training_data\v2.2\1-4-17_color_kinect.png
1-36-9,pudding_box,51,z2|x2,223,1.9020572596596172,0.12987301,3.048862730654802,0.11919293723775704,-1.146805470995185,0.010680070298177413,0.4011142061281337,0.1762298643989098,False,True,C:\Users\Owner\Desktop\Fall2023\CSE275\6D Pose\training_data_filtered\training_data\v2.2\1-36-9_color_kinect.png
2-37-7,bleach_cleanser,8,z2,1552,3.047550920587573,0.3429723,3.047550920587573,0.3429723083972931,0.0,0.0,0.0,0.0,False,True,C:\Users\Owner\Desktop\Fall2023\CSE275\6D Pose\training_data_filtered\training_data\v2.2\2-37-7_color_kinect.png
1-35-17,pudding_box,51,z2|x2,209,1.8719853511668263,0.22126238,3.027732325435734,0.0953572093217165,-1.1557469742689075,0.1259051711590498,0.38440111420612816,0.1642261590731958,False,True,C:\Users\Owner\Desktop\Fall2023\CSE275\6D Pose\training_data_filtered\training_data\v2.2\1-35-17_color_kinect.png
2-82-9,b_lego_duplo,5,z4,174,2.7366194777007746,0.15322381,3.019478030061796,0.13849817237786302,-0.2828585523610214,0.014725640202245621,0.37317784256559766,0.15291818897300494,False,True,C:\Users\Owner\Desktop\Fall2023\CSE275\6D Pose\training_data_filtered\training_data\v2.2\2-82-9_color_kinect.png
2-52-0,bleach_cleanser,8,z2,1536,3.009472981154703,0.374412,3.009472981154703,0.37441200017929077,0.0,0.0,0.0,0.0,False,True,C:\Users\Owner\Desktop\Fall2023\CSE275\6D Pose\training_data_filtered\training_data\v2.2\2-52-0_color_kinect.png
2-47-11,cracker_box,14,z2|x2,199,0.792393743913023,0.048416983,3.0086598645309994,0.10759389942754946,-2.2162661206179766,-0.05917691609133921,0.45723684210526316,0.16775972026135094,False,True,C:\Users\Owner\Desktop\Fall2023\CSE275\6D Pose\training_data_filtered\training_data\v2.2\2-47-11_color_kinect.png
2-11-1,cracker_box,14,z2|x2,198,2.33810858155409,0.19564773,2.998386212550577,0.12233951011166241,-0.6602776309964873,0.07330822131171558,0.4375,0.16515486954587996,False,True,C:\Users\Owner\Desktop\Fall2023\CSE275\6D Pose\training_data_filtered\training_data\v2.2\2-11-1_color_kinect.png
1-48-15,pudding_box,51,z2|x2,210,1.812015358602701,0.17802922,2.99830635513274,0.13045988802093947,-1.186290996530039,0.047569336255603195,0.3398328690807799,0.16161812220764565,False,True,C:\Users\Owner\Desktop\Fall2023\CSE275\6D Pose\training_data_filtered\training_data\v2.2\1-48-15_color_kinect.png
1-46-6,cracker_box,14,z2|x2,168,3.2883513362616843,0.4260368,2.9925356506906056,0.10729690402355287,0.29581568557107873,0.31873990089092163,0.3881578947368421,0.17872239115604768,False,True,C:\Users\Owner\Desktop\Fall2023\CSE275\6D Pose\training_data_filtered\training_data\v2.2\1-46-6_color_kinect.png
1-97-9,wood_block,58,z2|y2|x4,450,2.981313297441595,0.41211835,2.981313297441595,0.4121183454990387,0.0,0.0,0.0,0.0,False,True,C:\Users\Owner\Desktop\Fall2023\CSE275\6D Pose\training_data_filtered\training_data\v2.2\1-97-9_color_kinect.png
1-65-16,sugar_box,55,z2|x2,285,2.9680219759987674,0.18834177,2.9680219759987674,0.18834176659584045,0.0,0.0,0.0,0.0,False,True,C:\Users\Owner\Desktop\Fall2023\CSE275\6D Pose\training_data_filtered\training_data\v2.2\1-65-16_color_kinect.png
2-63-11,a_lego_duplo,1,z2,201,2.9521427864921663,0.09423618,2.9521427864921663,0.09423618018627167,0.0,0.0,0.0,0.0,False,True,C:\Users\Owner\Desktop\Fall2023\CSE275\6D Pose\training_data_filtered\training_data\v2.2\2-63-11_color_kinect.png
1-97-9,tomato_soup_can,56,zinf|x2,714,2.941096939958782,0.10639798,2.941096939958782,0.10639797896146774,0.0,0.0,0.0,0.0,False,True,C:\Users\Owner\Desktop\Fall2023\CSE275\6D Pose\training_data_filtered\training_data\v2.2\1-97-9_color_kinect.png
2-84-0,b_lego_duplo,5,z4,209,1.324055673403116,0.1034806,2.9410901019196585,0.09818389020294155,-1.6170344285165426,0.005296709617672313,0.3760932944606414,0.17612751967761192,False,True,C:\Users\Owner\Desktop\Fall2023\CSE275\6D Pose\training_data_filtered\training_data\v2.2\2-84-0_color_kinect.png
1-9-4,pudding_box,51,z2|x2,170,2.3855622689592715,0.33029738,2.9368238122384462,0.12968686258080125,-0.5512615432791748,0.20061051810500502,0.362116991643454,0.16635992528209215,False,True,C:\Users\Owner\Desktop\Fall2023\CSE275\6D Pose\training_data_filtered\training_data\v2.2\1-9-4_color_kinect.png
2-23-6,pudding_box,51,z2|x2,178,1.6486130168523716,0.19453923,2.9340249678974275,0.14593630196376794,-1.285411951045056,0.04860293207839972,0.38997214484679665,0.15977297002554436,False,True,C:\Users\Owner\Desktop\Fall2023\CSE275\6D Pose\training_data_filtered\training_data\v2.2\2-23-6_color_kinect.png
2-35-7,pudding_box,51,z2|x2,203,1.5036284534875697,0.23020382,2.928992348384399,0.12155799792215563,-1.4253638948968295,0.10864582433297895,0.4233983286908078,0.16026086969872308,False,True,C:\Users\Owner\Desktop\Fall2023\CSE275\6D Pose\training_data_filtered\training_data\v2.2\2-35-7_color_kinect.png
2-93-4,pudding_box,51,z2|x2,209,2.925396848214328,0.21392563,2.925396848214328,0.21392562985420227,0.0,0.0,0.0,0.0,False,True,C:\Users\Owner\Desktop\Fall2023\CSE275\6D Pose\training_data_filtered\training_data\v2.2\2-93-4_color_kinect.png
2-82-14,cracker_box,14,z2|x2,193,3.744453838342832,0.036748987,2.883318386690786,0.09999874500199038,0.861135451652046,-0.06324975831075388,0.41776315789473684,0.16756288966065735,False,True,C:\Users\Owner\Desktop\Fall2023\CSE275\6D Pose\training_data_filtered\training_data\v2.2\2-82-14_color_kinect.png
1-47-6,pudding_box,51,z2|x2,173,2.1046504563527604,0.45687476,2.8829613595788808,0.22973945843325905,-0.7783109032261204,0.22713529957188316,0.34818941504178275,0.16239542929234568,False,True,C:\Users\Owner\Desktop\Fall2023\CSE275\6D Pose\training_data_filtered\training_data\v2.2\1-47-6_color_kinect.png
2-90-11,b_lego_duplo,5,z4,196,2.886042152868865,0.081974365,2.865570593906831,0.15471257561175708,0.020471558962033676,-0.0727382107946146,0.36443148688046645,0.1689525954891501,False,True,C:\Users\Owner\Desktop\Fall2023\CSE275\6D Pose\training_data_filtered\training_data\v2.2\2-90-11_color_kinect.png
2-6-3,cracker_box,14,z2|x2,190,2.1493447225901345,0.13838516,2.8647702508291277,0.15144584360881674,-0.7154255282389932,-0.013060681851347566,0.39473684210526316,0.17366438281045596,False,True,C:\Users\Owner\Desktop\Fall2023\CSE275\6D Pose\training_data_filtered\training_data\v2.2\2-6-3_color_kinect.png
2-8-18,cracker_box,14,z2|x2,192,1.2407911677900736,0.13122854,2.8597931785247876,0.1547232457443473,-1.619002010734714,-0.023494709376930906,0.3848684210526316,0.17133647613428493,False,True,C:\Users\Owner\Desktop\Fall2023\CSE275\6D Pose\training_data_filtered\training_data\v2.2\2-8-18_color_kinect.png
2-7-10,cracker_box,14,z2|x2,185,2.8572092506577467,0.2848978,2.8572092506577467,0.2848978042602539,0.0,0.0,0.0,0.0,False,True,C:\Users\Owner\Desktop\Fall2023\CSE275\6D Pose\training_data_filtered\training_data\v2.2\2-7-10_color_kinect.png
2-19-6,c_toy_airplane,13,zinf,175,0.14524371203127295,0.04961639,2.8422247848301305,0.1915642933429178,-2.6969810727988577,-0.14194790436634386,0.33766233766233766,0.17839255192243567,False,True,C:\Users\Owner\Desktop\Fall2023\CSE275\6D Pose\training_data_filtered\training_data\v2.2\2-19-6_color_kinect.png
2-9-10,cracker_box,14,z2|x2,182,1.5480507992498331,0.22598413,2.8353889363567117,0.1419613831871893,-1.2873381371068786,0.08402274314223271,0.45723684210526316,0.15700296924261445,False,True,C:\Users\Owner\Desktop\Fall2023\CSE275\6D Pose\training_data_filtered\training_data\v2.2\2-9-10_color_kinect.png
2-49-11,sugar_box,55,z2|x2,319,1.473286911352243,0.30341387,2.8316932960218826,0.09900585653963459,-1.3584063846696395,0.20440801141080486,0.3431192660550459,0.17564957607147455,False,True,C:\Users\Owner\Desktop\Fall2023\CSE275\6D Pose\training_data_filtered\training_data\v2.2\2-49-11_color_kinect.png
1-19-18,pudding_box,51,z2|x2,210,1.9432499687170868,0.43704146,2.8188416763736637,0.14121376863350027,-0.8755917076565769,0.29582769283424265,0.40947075208913647,0.17126908928261436,False,True,C:\Users\Owner\Desktop\Fall2023\CSE275\6D Pose\training_data_filtered\training_data\v2.2\1-19-18_color_kinect.png
1-22-20,cracker_box,14,z2|x2,188,1.7120737613582655,0.098959185,2.808902673403282,0.132431616197969,-1.0968289120450163,-0.033472431014920756,0.3848684210526316,0.1724171557087647,False,True,C:\Users\Owner\Desktop\Fall2023\CSE275\6D Pose\training_data_filtered\training_data\v2.2\1-22-20_color_kinect.png
2-68-12,sugar_box,55,z2|x2,181,7.06774798140547,0.69415265,2.8074316229597462,0.1298692608303057,4.260316358445723,0.56428339238701,0.1981651376146789,0.16392722302382062,False,True,C:\Users\Owner\Desktop\Fall2023\CSE275\6D Pose\training_data_filtered\training_data\v2.2\2-68-12_color_kinect.png
2-70-5,wood_block,58,z2|y2|x4,299,1.9896548815394293,0.6778267,2.803784595950527,0.16296274263125518,-0.8141297144110977,0.5148639599635019,0.17091295116772823,0.16979073314349688,False,True,C:\Users\Owner\Desktop\Fall2023\CSE275\6D Pose\training_data_filtered\training_data\v2.2\2-70-5_color_kinect.png
1-88-10,pudding_box,51,z2|x2,217,1.5252817608901454,0.20909789,2.802444438630076,0.15131494908816123,-1.2771626777399308,0.0577829429578135,0.4233983286908078,0.17118648709302892,False,True,C:\Users\Owner\Desktop\Fall2023\CSE275\6D Pose\training_data_filtered\training_data\v2.2\1-88-10_color_kinect.png
2-25-7,gelatin_box,30,z2|x2,450,2.29410091567168,0.6526217,2.7642481743863847,0.14106460840529736,-0.47014725871470464,0.5115570780532903,0.3241758241758242,0.15513518409683133,False,True,C:\Users\Owner\Desktop\Fall2023\CSE275\6D Pose\training_data_filtered\training_data\v2.2\2-25-7_color_kinect.png
2-7-6,cracker_box,14,z2|x2,191,1.6247906687667228,0.03505391,2.7605231554870517,0.1733977489624137,-1.135732486720329,-0.13834384013749304,0.47368421052631576,0.1555646492671411,False,True,C:\Users\Owner\Desktop\Fall2023\CSE275\6D Pose\training_data_filtered\training_data\v2.2\2-7-6_color_kinect.png
2-42-15,mustard_bottle,42,z2,1105,2.7487957264566543,0.18836762,2.7487957264566543,0.18836762011051178,0.0,0.0,0.0,0.0,False,True,C:\Users\Owner\Desktop\Fall2023\CSE275\6D Pose\training_data_filtered\training_data\v2.2\2-42-15_color_kinect.png
2-93-9,pudding_box,51,z2|x2,221,1.5098144918770355,0.21250314,2.7465147689548997,0.1344351833739366,-1.2367002770778641,0.0780679518303786,0.415041782729805,0.16605907719923949,False,True,C:\Users\Owner\Desktop\Fall2023\CSE275\6D Pose\training_data_filtered\training_data\v2.2\2-93-9_color_kinect.png
1-44-3,pudding_box,51,z2|x2,182,1.7812279169091891,0.21953446,2.7438076395918936,0.11732045572889398,-0.9625797226827044,0.10221400100099494,0.3231197771587744,0.1735587190613708,False,True,C:\Users\Owner\Desktop\Fall2023\CSE275\6D Pose\training_data_filtered\training_data\v2.2\1-44-3_color_kinect.png
1-72-15,rubiks_cube,52,z4|x4|y4,362,2.7354636680692272,0.24728142,2.7354636680692272,0.24728141725063324,0.0,0.0,0.0,0.0,False,True,C:\Users\Owner\Desktop\Fall2023\CSE275\6D Pose\training_data_filtered\training_data\v2.2\1-72-15_color_kinect.png
2-91-11,prism,50,z2,233,0.09317397570717656,0.2070555,2.7282955370135045,0.2077133438367605,-2.635121561306328,-0.0006578496474980988,0.3589108910891089,0.1613876516239072,False,True,C:\Users\Owner\Desktop\Fall2023\CSE275\6D Pose\training_data_filtered\training_data\v2.2\2-91-11_color_kinect.png
1-53-13,pudding_box,51,z2|x2,203,3.9433811157554524,0.3276966,2.719214533813644,0.10653862000295979,1.2241665819418084,0.2211579716127171,0.4623955431754875,0.16924706407389659,False,True,C:\Users\Owner\Desktop\Fall2023\CSE275\6D Pose\training_data_filtered\training_data\v2.2\1-53-13_color_kinect.png
2-54-15,foam_brick,26,z2|x4|y2,525,2.7148658772744514,0.15981713,2.7148658772744514,0.15981712937355042,0.0,0.0,0.0,0.0,False,True,C:\Users\Owner\Desktop\Fall2023\CSE275\6D Pose\training_data_filtered\training_data\v2.2\2-54-15_color_kinect.png
1-47-6,cracker_box,14,z2|x2,175,2.4835712746157337,0.040634967,2.7007711517133757,0.11405746051447248,-0.217199877097642,-0.07342249312774991,0.41118421052631576,0.17262758355040533,False,True,C:\Users\Owner\Desktop\Fall2023\CSE275\6D Pose\training_data_filtered\training_data\v2.2\1-47-6_color_kinect.png
2-74-5,sugar_box,55,z2|x2,180,1.7052775166400844,0.29412034,2.689796526469382,0.1826596848918861,-0.9845190098292977,0.11146065664749683,0.20550458715596331,0.16281844181390412,False,True,C:\Users\Owner\Desktop\Fall2023\CSE275\6D Pose\training_data_filtered\training_data\v2.2\2-74-5_color_kinect.png
1-30-2,cracker_box,14,z2|x2,195,0.8038529585299367,0.12087731,2.6844589913249832,0.12083552976133692,-1.8806060327950465,4.178087232244165e-05,0.48026315789473684,0.17189747101114575,False,True,C:\Users\Owner\Desktop\Fall2023\CSE275\6D Pose\training_data_filtered\training_data\v2.2\1-30-2_color_kinect.png
1-8-1,potted_meat_can,48,z2|x2,805,2.6821389284908865,0.24015117,2.6821389284908865,0.24015116691589355,0.0,0.0,0.0,0.0,False,True,C:\Users\Owner\Desktop\Fall2023\CSE275\6D Pose\training_data_filtered\training_data\v2.2\1-8-1_color_kinect.png
2-4-10,bleach_cleanser,8,z2,1592,2.6749691574300223,0.2602168,2.6749691574300223,0.2602168023586273,0.0,0.0,0.0,0.0,False,True,C:\Users\Owner\Desktop\Fall2023\CSE275\6D Pose\training_data_filtered\training_data\v2.2\2-4-10_color_kinect.png
2-8-18,e_toy_airplane,21,z2,117,2.6695541669812806,0.48563048,2.6695541669812806,0.48563048243522644,0.0,0.0,0.0,0.0,False,True,C:\Users\Owner\Desktop\Fall2023\CSE275\6D Pose\training_data_filtered\training_data\v2.2\2-8-18_color_kinect.png
2-26-13,rubiks_cube,52,z4|x4|y4,468,8.113911942913493,0.1509452,2.6674808243715464,0.1361963636603976,5.4464311185419465,0.014748837855753816,0.3623348017621145,0.1677098186745931,False,True,C:\Users\Owner\Desktop\Fall2023\CSE275\6D Pose\training_data_filtered\training_data\v2.2\2-26-13_color_kinect.png
2-96-0,mustard_bottle,42,z2,1141,2.66721776971363,0.09975967,2.66721776971363,0.09975966811180115,0.0,0.0,0.0,0.0,False,True,C:\Users\Owner\Desktop\Fall2023\CSE275\6D Pose\training_data_filtered\training_data\v2.2\2-96-0_color_kinect.png
2-13-16,bleach_cleanser,8,z2,1247,2.6666369463374187,0.3162487,2.6666369463374187,0.31624868512153625,0.0,0.0,0.0,0.0,False,True,C:\Users\Owner\Desktop\Fall2023\CSE275\6D Pose\training_data_filtered\training_data\v2.2\2-13-16_color_kinect.png
1-99-12,jenga,35,z2|x2,418,2.666197052357418,0.30576795,2.666197052357418,0.3057679533958435,0.0,0.0,0.0,0.0,False,True,C:\Users\Owner\Desktop\Fall2023\CSE275\6D Pose\training_data_filtered\training_data\v2.2\1-99-12_color_kinect.png
1-61-4,potted_meat_can,48,z2|x2,808,2.620371523746138,0.12497052,2.620371523746138,0.12497051805257797,0.0,0.0,0.0,0.0,False,True,C:\Users\Owner\Desktop\Fall2023\CSE275\6D Pose\training_data_filtered\training_data\v2.2\1-61-4_color_kinect.png
2-70-3,mustard_bottle,42,z2,1087,2.620159058545783,0.072860844,2.620159058545783,0.07286084443330765,0.0,0.0,0.0,0.0,False,True,C:\Users\Owner\Desktop\Fall2023\CSE275\6D Pose\training_data_filtered\training_data\v2.2\2-70-3_color_kinect.png
2-93-1,nine_hole_peg_test,43,no,339,4.269645680812274,0.06957603,2.619670927587732,0.11922952492021018,1.6499747532245417,-0.049653492460474305,0.44612794612794615,0.15694189236841755,False,True,C:\Users\Owner\Desktop\Fall2023\CSE275\6D Pose\training_data_filtered\training_data\v2.2\2-93-1_color_kinect.png
1-82-18,tuna_fish_can,57,zinf|x2,131,0.11385534338756398,0.045186464,2.611984390628981,0.11042782170010608,-2.4981290472414166,-0.06524135795665782,0.41545893719806765,0.1695242929509981,False,True,C:\Users\Owner\Desktop\Fall2023\CSE275\6D Pose\training_data_filtered\training_data\v2.2\1-82-18_color_kinect.png
2-8-3,bleach_cleanser,8,z2,1411,2.6093263101162125,0.2289145,2.6093263101162125,0.22891449928283691,0.0,0.0,0.0,0.0,False,True,C:\Users\Owner\Desktop\Fall2023\CSE275\6D Pose\training_data_filtered\training_data\v2.2\2-8-3_color_kinect.png
1-29-11,pudding_box,51,z2|x2,222,2.265030684746832,0.055002615,2.6074168453452895,0.10186151863415958,-0.3423861605984575,-0.04685890377839329,0.3955431754874652,0.16908123957154425,False,True,C:\Users\Owner\Desktop\Fall2023\CSE275\6D Pose\training_data_filtered\training_data\v2.2\1-29-11_color_kinect.png
2-7-8,sugar_box,55,z2|x2,306,1.5202256696660577,0.1646803,2.6030788121542043,0.11426346553945728,-1.0828531424881467,0.050416836603639645,0.30642201834862387,0.16845143510465044,False,True,C:\Users\Owner\Desktop\Fall2023\CSE275\6D Pose\training_data_filtered\training_data\v2.2\2-7-8_color_kinect.png
2-11-1,c_toy_airplane,13,zinf,168,0.12262780432021773,0.17849502,2.5932734439269165,0.19663718527658447,-2.470645639606699,-0.018142165602283322,0.33246753246753247,0.17652392461393215,False,True,C:\Users\Owner\Desktop\Fall2023\CSE275\6D Pose\training_data_filtered\training_data\v2.2\2-11-1_color_kinect.png
1-26-17,cracker_box,14,z2|x2,178,2.7376963890089834,0.09788736,2.5931787307153082,0.19988419039038868,0.14451765829367513,-0.1019968308308527,0.41118421052631576,0.15637909315038595,False,True,C:\Users\Owner\Desktop\Fall2023\CSE275\6D Pose\training_data_filtered\training_data\v2.2\1-26-17_color_kinect.png
2-96-0,pudding_box,51,z2|x2,185,4.203063291070139,0.4835488,2.5729454930407103,0.137304872647242,1.6301177980294286,0.3462439175692039,0.362116991643454,0.16520839157604705,False,True,C:\Users\Owner\Desktop\Fall2023\CSE275\6D Pose\training_data_filtered\training_data\v2.2\2-96-0_color_kinect.png
2-34-3,pudding_box,51,z2|x2,200,2.7842250674576854,0.19318,2.561588323247102,0.13002295037296677,0.22263674421058344,0.0631570444485817,0.4428969359331476,0.14850517611608519,False,True,C:\Users\Owner\Desktop\Fall2023\CSE275\6D Pose\training_data_filtered\training_data\v2.2\2-34-3_color_kinect.png
2-64-20,sugar_box,55,z2|x2,235,5.295909917577277,0.43024585,2.556985408721407,0.16066933433948505,2.7389245088558702,0.2695765121704484,0.27155963302752295,0.16993718641095873,False,True,C:\Users\Owner\Desktop\Fall2023\CSE275\6D Pose\training_data_filtered\training_data\v2.2\2-64-20_color_kinect.png
2-9-10,mustard_bottle,42,z2,1073,2.549092244289214,0.098952055,2.549092244289214,0.09895205497741699,0.0,0.0,0.0,0.0,False,True,C:\Users\Owner\Desktop\Fall2023\CSE275\6D Pose\training_data_filtered\training_data\v2.2\2-9-10_color_kinect.png
2-6-3,e_lego_duplo,20,z2,357,1.1537602736379378,0.14492758,2.544562491890133,0.13266750117297715,-1.3908022182521953,0.012260075011295613,0.3316708229426434,0.17244920751369408,False,True,C:\Users\Owner\Desktop\Fall2023\CSE275\6D Pose\training_data_filtered\training_data\v2.2\2-6-3_color_kinect.png
1-21-5,pudding_box,51,z2|x2,224,2.5407674482385945,0.10379412,2.5407674482385945,0.10379412025213242,0.0,0.0,0.0,0.0,False,True,C:\Users\Owner\Desktop\Fall2023\CSE275\6D Pose\training_data_filtered\training_data\v2.2\1-21-5_color_kinect.png
2-25-7,rubiks_cube,52,z4|x4|y4,380,2.5351689123942833,0.18961683,2.5351689123942833,0.1896168291568756,0.0,0.0,0.0,0.0,False,True,C:\Users\Owner\Desktop\Fall2023\CSE275\6D Pose\training_data_filtered\training_data\v2.2\2-25-7_color_kinect.png
2-63-8,sugar_box,55,z2|x2,309,2.8757059221160977,0.11607663,2.530936993892536,0.29872079856064737,0.34476892822356175,-0.18264416522648752,0.3669724770642202,0.16257532397054478,False,True,C:\Users\Owner\Desktop\Fall2023\CSE275\6D Pose\training_data_filtered\training_data\v2.2\2-63-8_color_kinect.png
1-13-19,pudding_box,51,z2|x2,215,1.6371328684145516,0.09167154,2.5302187459588263,0.183790580344527,-0.8930858775442747,-0.09211903901132845,0.3788300835654596,0.17035326613266252,False,True,C:\Users\Owner\Desktop\Fall2023\CSE275\6D Pose\training_data_filtered\training_data\v2.2\1-13-19_color_kinect.png
1-1-15,pudding_box,51,z2|x2,213,2.718835463063583,0.22098522,2.5259969395923054,0.14260740919066625,0.1928385234712775,0.07837780969189448,0.41225626740947074,0.16825723719807414,False,True,C:\Users\Owner\Desktop\Fall2023\CSE275\6D Pose\training_data_filtered\training_data\v2.2\1-1-15_color_kinect.png
1-54-18,potted_meat_can,48,z2|x2,670,2.5240082994627273,0.10652139,2.5240082994627273,0.10652139037847519,0.0,0.0,0.0,0.0,False,True,C:\Users\Owner\Desktop\Fall2023\CSE275\6D Pose\training_data_filtered\training_data\v2.2\1-54-18_color_kinect.png
2-84-0,pudding_box,51,z2|x2,207,1.9484458827422324,0.14747058,2.5032468040490214,0.0979129340340304,-0.554800921306789,0.04955764451726202,0.4011142061281337,0.1727860887195235,False,True,C:\Users\Owner\Desktop\Fall2023\CSE275\6D Pose\training_data_filtered\training_data\v2.2\2-84-0_color_kinect.png
1-62-18,sugar_box,55,z2|x2,328,4.103695420560945,0.15945594,2.4990844595813835,0.1730608601229573,1.6046109609795618,-0.013604919995584552,0.3743119266055046,0.1739133711529114,False,True,C:\Users\Owner\Desktop\Fall2023\CSE275\6D Pose\training_data_filtered\training_data\v2.2\1-62-18_color_kinect.png
2-8-3,cracker_box,14,z2|x2,178,1.8957886990184771,0.18289807,2.4982736840245394,0.1201177339561022,-0.6024849850060623,0.06278034043240183,0.41118421052631576,0.16596520421755215,False,True,C:\Users\Owner\Desktop\Fall2023\CSE275\6D Pose\training_data_filtered\training_data\v2.2\2-8-3_color_kinect.png
2-7-8,e_lego_duplo,20,z2,358,0.4560744535896388,0.16055247,2.4977100747499126,0.20870172658491928,-2.0416356211602738,-0.048149254708774875,0.3054862842892768,0.16828373879602196,False,True,C:\Users\Owner\Desktop\Fall2023\CSE275\6D Pose\training_data_filtered\training_data\v2.2\2-7-8_color_kinect.png
2-75-4,gelatin_box,30,z2|x2,537,2.48645090985313,0.15737268,2.48645090985313,0.15737268328666687,0.0,0.0,0.0,0.0,False,True,C:\Users\Owner\Desktop\Fall2023\CSE275\6D Pose\training_data_filtered\training_data\v2.2\2-75-4_color_kinect.png
2-6-11,e_lego_duplo,20,z2,372,2.272391203684759,0.6794275,2.481794038514727,0.16507318643377694,-0.2094028348299677,0.5143543181057129,0.29925187032418954,0.165830401153042,False,True,C:\Users\Owner\Desktop\Fall2023\CSE275\6D Pose\training_data_filtered\training_data\v2.2\2-6-11_color_kinect.png
1-93-18,cracker_box,14,z2|x2,143,1.0965593994714111,0.29219905,2.4773613225994007,0.19497789360705908,-1.3808019231279896,0.09722115181263391,0.3157894736842105,0.17109054097804563,False,True,C:\Users\Owner\Desktop\Fall2023\CSE275\6D Pose\training_data_filtered\training_data\v2.2\1-93-18_color_kinect.png
2-4-5,gelatin_box,30,z2|x2,429,1.5928753515091678,0.61690164,2.458239757148305,0.17154590330882089,-0.865364405639137,0.4453557328148363,0.289010989010989,0.17384447836248432,False,True,C:\Users\Owner\Desktop\Fall2023\CSE275\6D Pose\training_data_filtered\training_data\v2.2\2-4-5_color_kinect.png
1-15-15,rubiks_cube,52,z4|x4|y4,482,2.2964547045080406,0.051109884,2.452700648883417,0.09556002060344386,-0.1562459443753763,-0.044450136669184445,0.3590308370044053,0.16444394527544573,False,True,C:\Users\Owner\Desktop\Fall2023\CSE275\6D Pose\training_data_filtered\training_data\v2.2\1-15-15_color_kinect.png
1-21-5,sugar_box,55,z2|x2,353,1.700199628061425,0.18965667,2.428059441408154,0.22193274173655744,-0.7278598133467291,-0.032276066874649484,0.363302752293578,0.1670994934021267,False,True,C:\Users\Owner\Desktop\Fall2023\CSE275\6D Pose\training_data_filtered\training_data\v2.2\1-21-5_color_kinect.png
1-61-14,sugar_box,55,z2|x2,184,1.3787694909590849,0.16899689,2.4212561799180676,0.15623931776066208,-1.0424866889589828,0.01275756765822983,0.22201834862385322,0.16326165805905726,False,True,C:\Users\Owner\Desktop\Fall2023\CSE275\6D Pose\training_data_filtered\training_data\v2.2\1-61-14_color_kinect.png
2-64-20,a_lego_duplo,1,z2,171,0.2732782637428476,0.13499863,2.420873400058501,0.13230725270666666,-2.1475951363156534,0.00269138175092154,0.3302540415704388,0.17300913165627912,False,True,C:\Users\Owner\Desktop\Fall2023\CSE275\6D Pose\training_data_filtered\training_data\v2.2\2-64-20_color_kinect.png
1-84-19,tuna_fish_can,57,zinf|x2,126,0.03885694111746155,0.0975611,2.4139663939478355,0.12036810125314176,-2.375109452830374,-0.022807002617945077,0.3961352657004831,0.16710497560125187,False,True,C:\Users\Owner\Desktop\Fall2023\CSE275\6D Pose\training_data_filtered\training_data\v2.2\1-84-19_color_kinect.png
1-4-17,potted_meat_can,48,z2|x2,743,2.4129184827688794,0.18934014,2.4129184827688794,0.18934014439582825,0.0,0.0,0.0,0.0,False,True,C:\Users\Owner\Desktop\Fall2023\CSE275\6D Pose\training_data_filtered\training_data\v2.2\1-4-17_color_kinect.png
2-7-8,cracker_box,14,z2|x2,156,0.960801019691544,0.22128022,2.4072589740817767,0.1694659148659401,-1.4464579543902327,0.05181430230477524,0.3651315789473684,0.17016376589529,False,True,C:\Users\Owner\Desktop\Fall2023\CSE275\6D Pose\training_data_filtered\training_data\v2.2\2-7-8_color_kinect.png
1-53-14,potted_meat_can,48,z2|x2,776,2.3933420179259164,0.18057181,2.3933420179259164,0.1805718094110489,0.0,0.0,0.0,0.0,False,True,C:\Users\Owner\Desktop\Fall2023\CSE275\6D Pose\training_data_filtered\training_data\v2.2\1-53-14_color_kinect.png
2-7-9,e_toy_airplane,21,z2,124,2.3868563014444115,0.14677018,2.3868563014444115,0.146770179271698,0.0,0.0,0.0,0.0,False,True,C:\Users\Owner\Desktop\Fall2023\CSE275\6D Pose\training_data_filtered\training_data\v2.2\2-7-9_color_kinect.png
1-60-16,pudding_box,51,z2|x2,186,1.8456225395393717,0.08991896,2.382102832564056,0.26886605725236173,-0.5364802930246844,-0.1789470936412358,0.35097493036211697,0.16721387386463793,False,True,C:\Users\Owner\Desktop\Fall2023\CSE275\6D Pose\training_data_filtered\training_data\v2.2\1-60-16_color_kinect.png
2-23-9,mustard_bottle,42,z2,1082,2.3738518837883538,0.26946324,2.3738518837883538,0.2694632411003113,0.0,0.0,0.0,0.0,False,True,C:\Users\Owner\Desktop\Fall2023\CSE275\6D Pose\training_data_filtered\training_data\v2.2\2-23-9_color_kinect.png
1-30-6,cracker_box,14,z2|x2,201,3.888498553969168,0.0644734,2.371233101403697,0.14569697934754838,1.517265452565471,-0.08122358131774415,0.4407894736842105,0.17441704754347342,False,True,C:\Users\Owner\Desktop\Fall2023\CSE275\6D Pose\training_data_filtered\training_data\v2.2\1-30-6_color_kinect.png
2-98-20,wood_block,58,z2|y2|x4,246,5.537582253677972,0.9900181,2.355278088077697,0.09223377689457483,3.1823041656002755,0.8977843524541801,0.16348195329087048,0.1578475475818495,False,True,C:\Users\Owner\Desktop\Fall2023\CSE275\6D Pose\training_data_filtered\training_data\v2.2\2-98-20_color_kinect.png
2-74-10,b_lego_duplo,5,z4,179,0.28923440365076947,0.13853507,2.3422126838673125,0.12204377118122621,-2.052978280216543,0.016491296257853075,0.3819241982507289,0.1642898846456774,False,True,C:\Users\Owner\Desktop\Fall2023\CSE275\6D Pose\training_data_filtered\training_data\v2.2\2-74-10_color_kinect.png
1-53-6,pudding_box,51,z2|x2,209,2.336251387518446,0.20736118,2.336251387518446,0.20736117660999298,0.0,0.0,0.0,0.0,False,True,C:\Users\Owner\Desktop\Fall2023\CSE275\6D Pose\training_data_filtered\training_data\v2.2\1-53-6_color_kinect.png
2-54-15,bleach_cleanser,8,z2,1131,2.3356805023252623,0.4105465,2.3356805023252623,0.41054651141166687,0.0,0.0,0.0,0.0,False,True,C:\Users\Owner\Desktop\Fall2023\CSE275\6D Pose\training_data_filtered\training_data\v2.2\2-54-15_color_kinect.png
2-10-19,gelatin_box,30,z2|x2,483,2.0318708447146085,0.2702797,2.333930044466628,0.10478482629552853,-0.30205919975201967,0.16549487922891604,0.32967032967032966,0.15885701875444763,False,True,C:\Users\Owner\Desktop\Fall2023\CSE275\6D Pose\training_data_filtered\training_data\v2.2\2-10-19_color_kinect.png
2-7-10,e_toy_airplane,21,z2,129,2.3264489021834622,0.2060723,2.3264489021834622,0.20607230067253113,0.0,0.0,0.0,0.0,False,True,C:\Users\Owner\Desktop\Fall2023\CSE275\6D Pose\training_data_filtered\training_data\v2.2\2-7-10_color_kinect.png
1-57-11,pudding_box,51,z2|x2,215,1.9243103521894043,0.19492203,2.3236020936659507,0.13778127304057325,-0.39929174147654645,0.05714075693150317,0.3871866295264624,0.17206304821311455,False,True,C:\Users\Owner\Desktop\Fall2023\CSE275\6D Pose\training_data_filtered\training_data\v2.2\1-57-11_color_kinect.png
2-74-5,pudding_box,51,z2|x2,173,1.619276324667556,0.21450962,2.3174923967199543,0.12923502545468063,-0.6982160720523982,0.08527459580786972,0.3370473537604457,0.17466334453770144,False,True,C:\Users\Owner\Desktop\Fall2023\CSE275\6D Pose\training_data_filtered\training_data\v2.2\2-74-5_color_kinect.png
1-63-18,sugar_box,55,z2|x2,266,1.4689362377086943,0.08533991,2.316400712883471,0.15141488513852733,-0.8474644751747769,-0.0660749738564648,0.3137614678899083,0.16970716721910856,False,True,C:\Users\Owner\Desktop\Fall2023\CSE275\6D Pose\training_data_filtered\training_data\v2.2\1-63-18_color_kinect.png
1-49-19,cracker_box,14,z2|x2,166,2.487746941783571,0.10998554,2.2900730406351006,0.11408080062093205,0.1976739011484705,-0.004095262793917129,0.3815789473684211,0.1668283793653685,False,True,C:\Users\Owner\Desktop\Fall2023\CSE275\6D Pose\training_data_filtered\training_data\v2.2\1-49-19_color_kinect.png
2-93-1,pudding_box,51,z2|x2,201,2.285571287444482,0.09548728,2.285571287444482,0.09548728168010712,0.0,0.0,0.0,0.0,False,True,C:\Users\Owner\Desktop\Fall2023\CSE275\6D Pose\training_data_filtered\training_data\v2.2\2-93-1_color_kinect.png
1-49-1,cracker_box,14,z2|x2,178,1.1483123252253873,0.13661565,2.2729226201172756,0.1546898538891319,-1.1246102948918884,-0.018074205023432127,0.42105263157894735,0.17495012428282858,False,True,C:\Users\Owner\Desktop\Fall2023\CSE275\6D Pose\training_data_filtered\training_data\v2.2\1-49-1_color_kinect.png
2-11-4,tuna_fish_can,57,zinf|x2,131,0.038190242009948805,0.29418102,2.2674893520777433,0.2883264881789405,-2.2292991100677946,0.005854530888823761,0.33816425120772947,0.16779507763741822,False,True,C:\Users\Owner\Desktop\Fall2023\CSE275\6D Pose\training_data_filtered\training_data\v2.2\2-11-4_color_kinect.png
2-90-11,sugar_box,55,z2|x2,325,2.1315440392797997,0.13117126,2.2663559047594033,0.1299205292551784,-0.13481186547960355,0.0012507270486088184,0.3779816513761468,0.16633041127684503,False,True,C:\Users\Owner\Desktop\Fall2023\CSE275\6D Pose\training_data_filtered\training_data\v2.2\2-90-11_color_kinect.png
2-93-4,nine_hole_peg_test,43,no,346,1.8771261450143941,0.119196504,2.263582780109097,0.20859136639681014,-0.38645663509470274,-0.08939486204233321,0.4175084175084175,0.15053557221571684,False,True,C:\Users\Owner\Desktop\Fall2023\CSE275\6D Pose\training_data_filtered\training_data\v2.2\2-93-4_color_kinect.png
1-69-3,potted_meat_can,48,z2|x2,610,7.026858138530217,0.6269634,2.2547328388879446,0.12135008668764156,4.772125299642273,0.5056132903112598,0.22351233671988388,0.17115350689613154,False,True,C:\Users\Owner\Desktop\Fall2023\CSE275\6D Pose\training_data_filtered\training_data\v2.2\1-69-3_color_kinect.png
2-100-13,prism,50,z2,255,2.2454115668935546,0.17331982,2.2454115668935546,0.17331981658935547,0.0,0.0,0.0,0.0,False,True,C:\Users\Owner\Desktop\Fall2023\CSE275\6D Pose\training_data_filtered\training_data\v2.2\2-100-13_color_kinect.png
1-46-7,pudding_box,51,z2|x2,207,1.4068535198217227,0.0639514,2.238014068587171,0.14547368368214877,-0.8311605487654481,-0.08152228077954563,0.42618384401114207,0.1472411319604159,False,True,C:\Users\Owner\Desktop\Fall2023\CSE275\6D Pose\training_data_filtered\training_data\v2.2\1-46-7_color_kinect.png
1-7-6,wood_block,58,z2|y2|x4,559,2.234396552931314,0.1728908,2.234396552931314,0.1728907972574234,0.0,0.0,0.0,0.0,False,True,C:\Users\Owner\Desktop\Fall2023\CSE275\6D Pose\training_data_filtered\training_data\v2.2\1-7-6_color_kinect.png
1-36-9,wood_block,58,z2|y2|x4,522,2.2325774046438216,0.116225645,2.2325774046438216,0.11622564494609833,0.0,0.0,0.0,0.0,False,True,C:\Users\Owner\Desktop\Fall2023\CSE275\6D Pose\training_data_filtered\training_data\v2.2\1-36-9_color_kinect.png
2-86-18,sugar_box,55,z2|x2,325,1.3264231921687535,0.25628588,2.2295620950176303,0.10183022362030639,-0.9031389028488768,0.15445565241538392,0.326605504587156,0.16974262012332567,False,True,C:\Users\Owner\Desktop\Fall2023\CSE275\6D Pose\training_data_filtered\training_data\v2.2\2-86-18_color_kinect.png
2-6-3,sugar_box,55,z2|x2,286,3.252562106679333,0.11038522,2.2286325119214503,0.24625014214345667,1.0239295947578828,-0.13586492537090036,0.3834862385321101,0.1482255925891601,False,True,C:\Users\Owner\Desktop\Fall2023\CSE275\6D Pose\training_data_filtered\training_data\v2.2\2-6-3_color_kinect.png
2-35-7,sugar_box,55,z2|x2,300,4.3593430243236755,0.38977,2.217938932607888,0.32505889910176267,2.1414040917157875,0.06471110207125674,0.4018348623853211,0.15775341882113794,False,True,C:\Users\Owner\Desktop\Fall2023\CSE275\6D Pose\training_data_filtered\training_data\v2.2\2-35-7_color_kinect.png
2-4-5,cracker_box,14,z2|x2,162,1.7898712056409651,0.21779281,2.2146300439622326,0.1494865385653253,-0.4247588383212675,0.06830627044422671,0.3848684210526316,0.15805786226741897,False,True,C:\Users\Owner\Desktop\Fall2023\CSE275\6D Pose\training_data_filtered\training_data\v2.2\2-4-5_color_kinect.png
2-76-9,b_lego_duplo,5,z4,165,0.18559548655429497,0.26435953,2.213910956750783,0.09092717974141626,-2.028315470196488,0.17343235404535742,0.34110787172011664,0.1696086864353994,False,True,C:\Users\Owner\Desktop\Fall2023\CSE275\6D Pose\training_data_filtered\training_data\v2.2\2-76-9_color_kinect.png
1-20-2,wood_block,58,z2|y2|x4,378,2.3954642703823,0.4482564,2.211688689251058,0.1633103990396627,0.18377558113124204,0.2849460041681162,0.2197452229299363,0.1716254314046745,False,True,C:\Users\Owner\Desktop\Fall2023\CSE275\6D Pose\training_data_filtered\training_data\v2.2\1-20-2_color_kinect.png
2-82-14,wood_block,58,z2|y2|x4,137,2.2116877405699666,0.6605812,2.2116877405699666,0.6605811715126038,0.0,0.0,0.0,0.0,False,True,C:\Users\Owner\Desktop\Fall2023\CSE275\6D Pose\training_data_filtered\training_data\v2.2\2-82-14_color_kinect.png
2-78-13,b_lego_duplo,5,z4,172,0.4469424757634985,0.09898055,2.2101844777778394,0.17134195022487755,-1.763242002014341,-0.07236139677667733,0.29737609329446063,0.16497400571447535,False,True,C:\Users\Owner\Desktop\Fall2023\CSE275\6D Pose\training_data_filtered\training_data\v2.2\2-78-13_color_kinect.png
2-38-17,sugar_box,55,z2|x2,333,2.5063698706011204,0.1293245,2.1957937014701874,0.175751269012914,0.310576169130933,-0.046426773220525075,0.3596330275229358,0.17272806864375723,False,True,C:\Users\Owner\Desktop\Fall2023\CSE275\6D Pose\training_data_filtered\training_data\v2.2\2-38-17_color_kinect.png
2-46-0,sugar_box,55,z2|x2,305,7.044441637414932,0.14660327,2.192916588859584,0.5056083409321358,4.851525048555349,-0.3590050695669701,0.27889908256880735,0.16486577830541524,False,True,C:\Users\Owner\Desktop\Fall2023\CSE275\6D Pose\training_data_filtered\training_data\v2.2\2-46-0_color_kinect.png
2-54-15,sugar_box,55,z2|x2,355,1.5600683987168147,0.25634074,2.1909328787913487,0.1091929827333639,-0.630864480074534,0.14714775937784214,0.3908256880733945,0.17133233984612242,False,True,C:\Users\Owner\Desktop\Fall2023\CSE275\6D Pose\training_data_filtered\training_data\v2.2\2-54-15_color_kinect.png
2-21-18,gelatin_box,30,z2|x2,503,2.7209717566575016,0.23705831,2.1877945817079025,0.12102508491370018,0.533177174949599,0.11603322678712075,0.35274725274725277,0.17040725481129435,False,True,C:\Users\Owner\Desktop\Fall2023\CSE275\6D Pose\training_data_filtered\training_data\v2.2\2-21-18_color_kinect.png
2-58-15,sugar_box,55,z2|x2,113,1.3985826544128162,0.4738951,2.1798110198004887,0.34669928008413997,-0.7812283653876726,0.12719582265519414,0.13027522935779817,0.1547936415941885,False,True,C:\Users\Owner\Desktop\Fall2023\CSE275\6D Pose\training_data_filtered\training_data\v2.2\2-58-15_color_kinect.png
2-54-15,tuna_fish_can,57,zinf|x2,62,0.07143899639050069,0.41308385,2.1780142921204817,0.370167975894399,-2.106575295729981,0.04291587544303388,0.13043478260869565,0.1755520992009651,False,True,C:\Users\Owner\Desktop\Fall2023\CSE275\6D Pose\training_data_filtered\training_data\v2.2\2-54-15_color_kinect.png
2-80-11,b_lego_duplo,5,z4,190,1.0354411293023522,0.14699182,2.1768790604542634,0.07908472050692766,-1.1414379311519112,0.06790709863636762,0.4110787172011662,0.16357178669767933,False,True,C:\Users\Owner\Desktop\Fall2023\CSE275\6D Pose\training_data_filtered\training_data\v2.2\2-80-11_color_kinect.png
2-73-20,pudding_box,51,z2|x2,210,3.4003533468416065,0.24907643,2.1726067954030484,0.17404391314050408,1.2277465514385582,0.07503251288870125,0.4428969359331476,0.15949706728976032,False,True,C:\Users\Owner\Desktop\Fall2023\CSE275\6D Pose\training_data_filtered\training_data\v2.2\2-73-20_color_kinect.png
2-34-3,sugar_box,55,z2|x2,246,1.9084910382543467,0.45243096,2.168546210700875,0.13744511476624283,-0.2600551724465283,0.3149858487499925,0.30458715596330277,0.17548217514327555,False,True,C:\Users\Owner\Desktop\Fall2023\CSE275\6D Pose\training_data_filtered\training_data\v2.2\2-34-3_color_kinect.png
2-75-4,potted_meat_can,48,z2|x2,595,2.1660381621515588,0.38454312,2.1660381621515588,0.38454312086105347,0.0,0.0,0.0,0.0,False,True,C:\Users\Owner\Desktop\Fall2023\CSE275\6D Pose\training_data_filtered\training_data\v2.2\2-75-4_color_kinect.png
1-13-7,rubiks_cube,52,z4|x4|y4,498,2.1570622094333545,0.18071431,2.1570622094333545,0.18071430921554565,0.0,0.0,0.0,0.0,False,True,C:\Users\Owner\Desktop\Fall2023\CSE275\6D Pose\training_data_filtered\training_data\v2.2\1-13-7_color_kinect.png
1-95-15,cracker_box,14,z2|x2,145,0.9582154826513887,0.18505354,2.155140788051109,0.2241367337020884,-1.1969253053997204,-0.039083191445733106,0.27960526315789475,0.1723830471103642,False,True,C:\Users\Owner\Desktop\Fall2023\CSE275\6D Pose\training_data_filtered\training_data\v2.2\1-95-15_color_kinect.png
2-75-4,b_lego_duplo,5,z4,178,2.1490345154460564,0.17339052,2.1490345154460564,0.17339052259922028,0.0,0.0,0.0,0.0,False,True,C:\Users\Owner\Desktop\Fall2023\CSE275\6D Pose\training_data_filtered\training_data\v2.2\2-75-4_color_kinect.png
1-79-2,tuna_fish_can,57,zinf|x2,130,0.13906529976425647,0.065205954,2.1340563500890535,0.10977951017619648,-1.994991050324797,-0.04457355616094151,0.42028985507246375,0.16896172823200992,False,True,C:\Users\Owner\Desktop\Fall2023\CSE275\6D Pose\training_data_filtered\training_data\v2.2\1-79-2_color_kinect.png
2-13-16,pudding_box,51,z2|x2,214,2.124440754301702,0.23228186,2.124440754301702,0.2322818636894226,0.0,0.0,0.0,0.0,False,True,C:\Users\Owner\Desktop\Fall2023\CSE275\6D Pose\training_data_filtered\training_data\v2.2\2-13-16_color_kinect.png
2-56-0,sugar_box,55,z2|x2,334,5.286138650195847,0.21079902,2.1141824916834477,0.20590416381334595,3.171956158512399,0.004894859695679626,0.3871559633027523,0.1700592758793902,False,True,C:\Users\Owner\Desktop\Fall2023\CSE275\6D Pose\training_data_filtered\training_data\v2.2\2-56-0_color_kinect.png
1-32-5,potted_meat_can,48,z2|x2,850,2.112926650879621,0.21004176,2.112926650879621,0.21004176139831543,0.0,0.0,0.0,0.0,False,True,C:\Users\Owner\Desktop\Fall2023\CSE275\6D Pose\training_data_filtered\training_data\v2.2\1-32-5_color_kinect.png
1-63-18,cracker_box,14,z2|x2,185,2.1929961500672097,0.13903995,2.1096632553857986,0.1370638723634952,0.08333289468141114,0.0019760762191540215,0.40131578947368424,0.17777575829449505,False,True,C:\Users\Owner\Desktop\Fall2023\CSE275\6D Pose\training_data_filtered\training_data\v2.2\1-63-18_color_kinect.png
2-63-13,tuna_fish_can,57,zinf|x2,131,0.04005233473709027,0.17694916,2.1048343698401863,0.10710656589198257,-2.064782035103096,0.06984259241890763,0.5024154589371981,0.14113054040526726,False,True,C:\Users\Owner\Desktop\Fall2023\CSE275\6D Pose\training_data_filtered\training_data\v2.2\2-63-13_color_kinect.png
2-71-10,b_lego_duplo,5,z4,174,2.0916214931643524,0.26015666,2.0916214931643524,0.26015666127204895,0.0,0.0,0.0,0.0,False,True,C:\Users\Owner\Desktop\Fall2023\CSE275\6D Pose\training_data_filtered\training_data\v2.2\2-71-10_color_kinect.png
1-9-4,potted_meat_can,48,z2|x2,800,2.091033192256065,0.24736363,2.091033192256065,0.2473636269569397,0.0,0.0,0.0,0.0,False,True,C:\Users\Owner\Desktop\Fall2023\CSE275\6D Pose\training_data_filtered\training_data\v2.2\1-9-4_color_kinect.png
2-84-0,mustard_bottle,42,z2,1083,2.088758188581461,0.1417253,2.088758188581461,0.1417253017425537,0.0,0.0,0.0,0.0,False,True,C:\Users\Owner\Desktop\Fall2023\CSE275\6D Pose\training_data_filtered\training_data\v2.2\2-84-0_color_kinect.png
2-12-2,pudding_box,51,z2|x2,219,2.66012409143117,0.05720954,2.08530461106717,0.13944121976616958,0.5748194803639999,-0.08223167960765937,0.41225626740947074,0.17782333922397803,False,True,C:\Users\Owner\Desktop\Fall2023\CSE275\6D Pose\training_data_filtered\training_data\v2.2\2-12-2_color_kinect.png
2-55-10,cracker_box,14,z2|x2,188,0.8158166962976373,0.09692081,2.0723247861966865,0.13523893895905117,-1.2565080898990493,-0.03831812831919293,0.4375,0.16858987508569284,False,True,C:\Users\Owner\Desktop\Fall2023\CSE275\6D Pose\training_data_filtered\training_data\v2.2\2-55-10_color_kinect.png
2-52-0,rubiks_cube,52,z4|x4|y4,184,2.4208880260016006,0.71972466,2.0700010234096546,0.041564054072454164,0.35088700259194594,0.6781606010789131,0.13215859030837004,0.17009139890123465,False,True,C:\Users\Owner\Desktop\Fall2023\CSE275\6D Pose\training_data_filtered\training_data\v2.2\2-52-0_color_kinect.png
2-35-10,pudding_box,51,z2|x2,229,2.0695828998776435,0.09593902,2.0695828998776435,0.0959390178322792,0.0,0.0,0.0,0.0,False,True,C:\Users\Owner\Desktop\Fall2023\CSE275\6D Pose\training_data_filtered\training_data\v2.2\2-35-10_color_kinect.png
2-35-4,pudding_box,51,z2|x2,168,2.6221352145583565,0.2178459,2.0691497835290478,0.20691671697979813,0.5529854310293087,0.010929184867087549,0.3565459610027855,0.16144490699726996,False,True,C:\Users\Owner\Desktop\Fall2023\CSE275\6D Pose\training_data_filtered\training_data\v2.2\2-35-4_color_kinect.png
1-22-7,sugar_box,55,z2|x2,343,3.873992188569127,0.0920639,2.0689919670299264,0.16037870446942085,1.8050002215392005,-0.0683148081114077,0.3761467889908257,0.1729245885515655,False,True,C:\Users\Owner\Desktop\Fall2023\CSE275\6D Pose\training_data_filtered\training_data\v2.2\1-22-7_color_kinect.png
2-75-4,pudding_box,51,z2|x2,183,1.9101381892018017,0.16992873,2.0656712980110403,0.1126202722496625,-0.15553310880923865,0.057308457284486664,0.35097493036211697,0.1593872660489117,False,True,C:\Users\Owner\Desktop\Fall2023\CSE275\6D Pose\training_data_filtered\training_data\v2.2\2-75-4_color_kinect.png
2-65-11,sugar_box,55,z2|x2,365,1.7283096342599666,0.39405254,2.061332854553125,0.14761867596951822,-0.33302322029315823,0.24643385932596823,0.4018348623853211,0.17397014568110758,False,True,C:\Users\Owner\Desktop\Fall2023\CSE275\6D Pose\training_data_filtered\training_data\v2.2\2-65-11_color_kinect.png
2-21-18,rubiks_cube,52,z4|x4|y4,474,3.2085673282917484,0.19052371,2.06082260007327,0.09562883556655226,1.1477447282184783,0.09489487826058092,0.34801762114537443,0.1637828277835509,False,True,C:\Users\Owner\Desktop\Fall2023\CSE275\6D Pose\training_data_filtered\training_data\v2.2\2-21-18_color_kinect.png
2-98-20,nine_hole_peg_test,43,no,329,1.2595536826312816,0.12404311,2.059205562895231,0.10503833427462385,-0.7996518802639492,0.01900477275815203,0.3787878787878788,0.1715567718996259,False,True,C:\Users\Owner\Desktop\Fall2023\CSE275\6D Pose\training_data_filtered\training_data\v2.2\2-98-20_color_kinect.png
2-69-10,gelatin_box,30,z2|x2,482,0.5887712694629821,0.13407646,2.0589461603946133,0.14813272994196885,-1.4701748909316312,-0.014056268746023115,0.378021978021978,0.1696273708702709,False,True,C:\Users\Owner\Desktop\Fall2023\CSE275\6D Pose\training_data_filtered\training_data\v2.2\2-69-10_color_kinect.png
2-22-1,wood_block,58,z2|y2|x4,387,1.3913500473832823,0.51826364,2.053129079390042,0.09740198138898665,-0.6617790320067596,0.4208616566305751,0.24203821656050956,0.16922422402961987,False,True,C:\Users\Owner\Desktop\Fall2023\CSE275\6D Pose\training_data_filtered\training_data\v2.2\2-22-1_color_kinect.png
2-74-10,bleach_cleanser,8,z2,1391,2.0461940571245547,0.31463942,2.0461940571245547,0.3146394193172455,0.0,0.0,0.0,0.0,False,True,C:\Users\Owner\Desktop\Fall2023\CSE275\6D Pose\training_data_filtered\training_data\v2.2\2-74-10_color_kinect.png
2-52-0,cracker_box,14,z2|x2,176,0.9925658087889819,0.2075964,2.043252943619603,0.11801022575275583,-1.0506871348306213,0.08958618058784323,0.4309210526315789,0.17012522157996351,False,True,C:\Users\Owner\Desktop\Fall2023\CSE275\6D Pose\training_data_filtered\training_data\v2.2\2-52-0_color_kinect.png
2-98-20,prism,50,z2,300,1.775078195390295,0.10873237,2.040931799502551,0.09982300623092848,-0.2658536041122559,0.00890936629142565,0.48267326732673266,0.17275750101230716,False,True,C:\Users\Owner\Desktop\Fall2023\CSE275\6D Pose\training_data_filtered\training_data\v2.2\2-98-20_color_kinect.png
1-7-6,pudding_box,51,z2|x2,222,3.0027118023155155,0.032121282,2.031209811124417,0.1145157615297549,0.9715019911910985,-0.08239447945887973,0.415041782729805,0.17346809441044075,False,True,C:\Users\Owner\Desktop\Fall2023\CSE275\6D Pose\training_data_filtered\training_data\v2.2\1-7-6_color_kinect.png
2-34-12,tuna_fish_can,57,zinf|x2,127,0.08669931772867887,0.12094167,2.02661877006241,0.1537455098639386,-1.939919452333731,-0.032803841115083,0.4444444444444444,0.16847997033679468,False,True,C:\Users\Owner\Desktop\Fall2023\CSE275\6D Pose\training_data_filtered\training_data\v2.2\2-34-12_color_kinect.png
2-71-10,potted_meat_can,48,z2|x2,809,2.018367178551721,0.2596729,2.018367178551721,0.2596729099750519,0.0,0.0,0.0,0.0,False,True,C:\Users\Owner\Desktop\Fall2023\CSE275\6D Pose\training_data_filtered\training_data\v2.2\2-71-10_color_kinect.png
1-21-8,pudding_box,51,z2|x2,222,3.217727562927895,0.1800406,2.0145330277591347,0.19868103446813035,1.2031945351687603,-0.018640436552480932,0.3955431754874652,0.17091552362707096,False,True,C:\Users\Owner\Desktop\Fall2023\CSE275\6D Pose\training_data_filtered\training_data\v2.2\1-21-8_color_kinect.png
2-100-13,mustard_bottle,42,z2,1105,2.0143285435640825,0.1724335,2.0143285435640825,0.1724334955215454,0.0,0.0,0.0,0.0,False,True,C:\Users\Owner\Desktop\Fall2023\CSE275\6D Pose\training_data_filtered\training_data\v2.2\2-100-13_color_kinect.png
2-93-9,nine_hole_peg_test,43,no,315,3.4007005098268994,0.52398777,2.0143190820517938,0.1536934494738407,1.3863814277751056,0.37029432060672574,0.3333333333333333,0.16760769491838984,False,True,C:\Users\Owner\Desktop\Fall2023\CSE275\6D Pose\training_data_filtered\training_data\v2.2\2-93-9_color_kinect.png
2-6-14,gelatin_box,30,z2|x2,517,0.889346981081558,0.11400132,2.0082924051651436,0.11744416347829352,-1.1189454240835857,-0.00344284466592322,0.3769230769230769,0.16964518831796382,False,True,C:\Users\Owner\Desktop\Fall2023\CSE275\6D Pose\training_data_filtered\training_data\v2.2\2-6-14_color_kinect.png
2-1-6,sugar_box,55,z2|x2,356,2.7399641613227765,0.115089305,2.005269669452436,0.1459387930579273,0.7346944918703406,-0.030849488312730017,0.3706422018348624,0.16896138211101197,False,True,C:\Users\Owner\Desktop\Fall2023\CSE275\6D Pose\training_data_filtered\training_data\v2.2\2-1-6_color_kinect.png
2-36-15,wood_block,58,z2|y2|x4,546,1.9961626683596292,0.2490556,1.9961626683596292,0.24905559420585632,0.0,0.0,0.0,0.0,False,True,C:\Users\Owner\Desktop\Fall2023\CSE275\6D Pose\training_data_filtered\training_data\v2.2\2-36-15_color_kinect.png
1-24-8,cracker_box,14,z2|x2,189,1.4676704853255607,0.28941387,1.9882739456358793,0.11883189561111165,-0.5206034603103187,0.17058197376983927,0.39144736842105265,0.161831673931359,False,True,C:\Users\Owner\Desktop\Fall2023\CSE275\6D Pose\training_data_filtered\training_data\v2.2\1-24-8_color_kinect.png
2-90-11,tuna_fish_can,57,zinf|x2,143,2.547882394984689,0.11835842,1.9849830906717003,0.09298731888982516,0.5628993043129886,0.025371099455626198,0.4444444444444444,0.1608061179243283,False,True,C:\Users\Owner\Desktop\Fall2023\CSE275\6D Pose\training_data_filtered\training_data\v2.2\2-90-11_color_kinect.png
2-37-7,pudding_box,51,z2|x2,207,1.4329326677222238,0.20985755,1.9841816280167188,0.11081151714524798,-0.551248960294495,0.0990460360983891,0.3871866295264624,0.1651357946248598,False,True,C:\Users\Owner\Desktop\Fall2023\CSE275\6D Pose\training_data_filtered\training_data\v2.2\2-37-7_color_kinect.png
1-67-18,sugar_box,55,z2|x2,328,1.3060176641298131,0.11242216,1.977655751853032,0.17076993759511785,-0.6716380877232189,-0.058347776790846156,0.41651376146788993,0.16602613998604349,False,True,C:\Users\Owner\Desktop\Fall2023\CSE275\6D Pose\training_data_filtered\training_data\v2.2\1-67-18_color_kinect.png
2-8-18,mustard_bottle,42,z2,896,0.7115412955460474,0.18067026,1.975238534762045,0.15308543205746872,-1.2636972392159975,0.027584829325587923,0.2255278310940499,0.17108931460178176,False,True,C:\Users\Owner\Desktop\Fall2023\CSE275\6D Pose\training_data_filtered\training_data\v2.2\2-8-18_color_kinect.png
1-54-6,pudding_box,51,z2|x2,220,3.9558240962051032,0.08329085,1.9749444213754872,0.08922584891268834,1.980879674829616,-0.005934996306391799,0.38440111420612816,0.1678234315074477,False,True,C:\Users\Owner\Desktop\Fall2023\CSE275\6D Pose\training_data_filtered\training_data\v2.2\1-54-6_color_kinect.png
1-26-17,tuna_fish_can,57,zinf|x2,121,0.1131342611455953,0.2783673,1.9595417804442348,0.14234553067015954,-1.8464075192986396,0.13602178009224586,0.40096618357487923,0.16195623313622842,False,True,C:\Users\Owner\Desktop\Fall2023\CSE275\6D Pose\training_data_filtered\training_data\v2.2\1-26-17_color_kinect.png
2-70-3,bleach_cleanser,8,z2,1546,1.9445769577777394,0.029243663,1.9445769577777394,0.02924366295337677,0.0,0.0,0.0,0.0,False,True,C:\Users\Owner\Desktop\Fall2023\CSE275\6D Pose\training_data_filtered\training_data\v2.2\2-70-3_color_kinect.png
1-39-3,potted_meat_can,48,z2|x2,836,1.9419839426693777,0.2738723,1.9419839426693777,0.2738722860813141,0.0,0.0,0.0,0.0,False,True,C:\Users\Owner\Desktop\Fall2023\CSE275\6D Pose\training_data_filtered\training_data\v2.2\1-39-3_color_kinect.png
2-56-0,foam_brick,26,z2|x4|y2,553,1.940258737011043,0.23062763,1.940258737011043,0.2306276261806488,0.0,0.0,0.0,0.0,False,True,C:\Users\Owner\Desktop\Fall2023\CSE275\6D Pose\training_data_filtered\training_data\v2.2\2-56-0_color_kinect.png
2-55-10,sugar_box,55,z2|x2,305,1.7685881475743244,0.14391428,1.9330494423067484,0.14978026558343807,-0.164461294732424,-0.00586598326150814,0.3614678899082569,0.1649474396428602,False,True,C:\Users\Owner\Desktop\Fall2023\CSE275\6D Pose\training_data_filtered\training_data\v2.2\2-55-10_color_kinect.png
2-75-4,sugar_box,55,z2|x2,337,2.504783505042274,0.26567563,1.9316457025508027,0.14683181693029854,0.5731378024914713,0.11884381721543816,0.3889908256880734,0.172308982339504,False,True,C:\Users\Owner\Desktop\Fall2023\CSE275\6D Pose\training_data_filtered\training_data\v2.2\2-75-4_color_kinect.png
2-4-5,tuna_fish_can,57,zinf|x2,127,0.07092776076300603,0.16371411,1.92252449872406,0.19250192766592686,-1.8515967379610538,-0.028787816814639017,0.41545893719806765,0.16425071346242276,False,True,C:\Users\Owner\Desktop\Fall2023\CSE275\6D Pose\training_data_filtered\training_data\v2.2\2-4-5_color_kinect.png
1-3-1,pudding_box,51,z2|x2,183,3.234401991529709,0.13754193,1.9185277914954177,0.10186607948262599,1.3158742000342913,0.03567585536520573,0.3732590529247911,0.16942065316491842,False,True,C:\Users\Owner\Desktop\Fall2023\CSE275\6D Pose\training_data_filtered\training_data\v2.2\1-3-1_color_kinect.png
2-93-4,wood_block,58,z2|y2|x4,505,1.916390946904994,0.20875731,1.916390946904994,0.20875731110572815,0.0,0.0,0.0,0.0,False,True,C:\Users\Owner\Desktop\Fall2023\CSE275\6D Pose\training_data_filtered\training_data\v2.2\2-93-4_color_kinect.png
1-39-3,gelatin_box,30,z2|x2,434,4.831219914221671,0.1548317,1.912463262493378,0.3403162065180922,2.918756651728293,-0.1854845139416838,0.2978021978021978,0.16583047869781836,False,True,C:\Users\Owner\Desktop\Fall2023\CSE275\6D Pose\training_data_filtered\training_data\v2.2\1-39-3_color_kinect.png
2-67-12,tuna_fish_can,57,zinf|x2,127,0.0880803083772691,0.13474108,1.9119906487342988,0.1262010065500575,-1.8239103403570298,0.008540076237456229,0.4106280193236715,0.16706772349894317,False,True,C:\Users\Owner\Desktop\Fall2023\CSE275\6D Pose\training_data_filtered\training_data\v2.2\2-67-12_color_kinect.png
2-49-11,bleach_cleanser,8,z2,1337,1.9082857096357853,0.31761926,1.9082857096357853,0.317619264125824,0.0,0.0,0.0,0.0,False,True,C:\Users\Owner\Desktop\Fall2023\CSE275\6D Pose\training_data_filtered\training_data\v2.2\2-49-11_color_kinect.png
2-51-3,sugar_box,55,z2|x2,139,1.443173717333039,0.28587458,1.9075610556041402,0.36441853452476525,-0.46438733827110124,-0.07854395914825463,0.14678899082568808,0.1614498422283187,False,True,C:\Users\Owner\Desktop\Fall2023\CSE275\6D Pose\training_data_filtered\training_data\v2.2\2-51-3_color_kinect.png
1-88-10,tuna_fish_can,57,zinf|x2,131,0.1253551411233636,0.14628577,1.9051005734757998,0.1478158841854484,-1.7797454323524362,-0.001530111861839989,0.4396135265700483,0.1700021021895164,False,True,C:\Users\Owner\Desktop\Fall2023\CSE275\6D Pose\training_data_filtered\training_data\v2.2\1-88-10_color_kinect.png
2-23-6,d_toy_airplane,18,zinf,130,0.22151437015437536,0.03255292,1.904337703267356,0.11374463649516842,-1.6828233331129807,-0.08119171621328136,0.3343949044585987,0.171955693069418,False,True,C:\Users\Owner\Desktop\Fall2023\CSE275\6D Pose\training_data_filtered\training_data\v2.2\2-23-6_color_kinect.png
1-92-8,potted_meat_can,48,z2|x2,573,1.903791432701079,0.87964165,1.903791432701079,0.8796416521072388,0.0,0.0,0.0,0.0,False,True,C:\Users\Owner\Desktop\Fall2023\CSE275\6D Pose\training_data_filtered\training_data\v2.2\1-92-8_color_kinect.png
1-50-2,wood_block,58,z2|y2|x4,502,2.979128640295635,0.20547535,1.8973668193625028,0.11704951939713044,1.0817618209331321,0.08842582585681395,0.30254777070063693,0.17062592636469837,False,True,C:\Users\Owner\Desktop\Fall2023\CSE275\6D Pose\training_data_filtered\training_data\v2.2\1-50-2_color_kinect.png
2-10-19,sugar_box,55,z2|x2,334,3.871342673347986,0.05161165,1.882395421326135,0.14179295480945492,1.9889472520218512,-0.09018130407431507,0.3724770642201835,0.17161203143308024,False,True,C:\Users\Owner\Desktop\Fall2023\CSE275\6D Pose\training_data_filtered\training_data\v2.2\2-10-19_color_kinect.png
1-97-13,potted_meat_can,48,z2|x2,827,1.8751336753310288,0.23152645,1.8751336753310288,0.2315264493227005,0.0,0.0,0.0,0.0,False,True,C:\Users\Owner\Desktop\Fall2023\CSE275\6D Pose\training_data_filtered\training_data\v2.2\1-97-13_color_kinect.png
2-82-14,bleach_cleanser,8,z2,1491,1.8701627976687045,0.31664714,1.8701627976687045,0.31664714217185974,0.0,0.0,0.0,0.0,False,True,C:\Users\Owner\Desktop\Fall2023\CSE275\6D Pose\training_data_filtered\training_data\v2.2\2-82-14_color_kinect.png
2-69-12,a_lego_duplo,1,z2,200,1.86937088720624,0.102711886,1.86937088720624,0.10271188616752625,0.0,0.0,0.0,0.0,False,True,C:\Users\Owner\Desktop\Fall2023\CSE275\6D Pose\training_data_filtered\training_data\v2.2\2-69-12_color_kinect.png
2-96-0,prism,50,z2,280,5.736741478671163,0.20325018,1.8668842090446156,0.1447160494565039,3.869857269626547,0.05853413519868561,0.4801980198019802,0.16081971357050423,False,True,C:\Users\Owner\Desktop\Fall2023\CSE275\6D Pose\training_data_filtered\training_data\v2.2\2-96-0_color_kinect.png
1-34-8,potted_meat_can,48,z2|x2,864,1.8627432717642844,0.25303933,1.8627432717642844,0.25303933024406433,0.0,0.0,0.0,0.0,False,True,C:\Users\Owner\Desktop\Fall2023\CSE275\6D Pose\training_data_filtered\training_data\v2.2\1-34-8_color_kinect.png
2-26-12,d_toy_airplane,18,zinf,123,0.37022078907946926,0.07910509,1.8627253053323065,0.14245401584882517,-1.4925045162528372,-0.06334892922420282,0.2929936305732484,0.16427334047882008,False,True,C:\Users\Owner\Desktop\Fall2023\CSE275\6D Pose\training_data_filtered\training_data\v2.2\2-26-12_color_kinect.png
2-86-18,mustard_bottle,42,z2,859,1.8582028385405442,0.3145715,1.8582028385405442,0.3145714998245239,0.0,0.0,0.0,0.0,False,True,C:\Users\Owner\Desktop\Fall2023\CSE275\6D Pose\training_data_filtered\training_data\v2.2\2-86-18_color_kinect.png
1-20-8,pudding_box,51,z2|x2,172,1.856098246282396,0.2235414,1.856098246282396,0.22354139387607574,0.0,0.0,0.0,0.0,False,True,C:\Users\Owner\Desktop\Fall2023\CSE275\6D Pose\training_data_filtered\training_data\v2.2\1-20-8_color_kinect.png
1-53-14,gelatin_box,30,z2|x2,495,1.250201698454659,0.21381769,1.8529745156058313,0.16143543264850585,-0.6027728171511724,0.05238225319400819,0.34615384615384615,0.162995597357459,False,True,C:\Users\Owner\Desktop\Fall2023\CSE275\6D Pose\training_data_filtered\training_data\v2.2\1-53-14_color_kinect.png
2-29-1,mustard_bottle,42,z2,1036,1.850737187619484,0.19565088,1.850737187619484,0.1956508755683899,0.0,0.0,0.0,0.0,False,True,C:\Users\Owner\Desktop\Fall2023\CSE275\6D Pose\training_data_filtered\training_data\v2.2\2-29-1_color_kinect.png
2-93-4,prism,50,z2,171,0.9288252250370386,0.445128,1.8482771800049425,0.1543349150072703,-0.9194519549679039,0.29079307881482747,0.2747524752475248,0.16929530392450196,False,True,C:\Users\Owner\Desktop\Fall2023\CSE275\6D Pose\training_data_filtered\training_data\v2.2\2-93-4_color_kinect.png
2-7-10,tuna_fish_can,57,zinf|x2,102,0.08168100403896077,0.11685321,1.840170268749287,0.21833679952614074,-1.758489264710326,-0.10148359217636352,0.3333333333333333,0.15954227715928312,False,True,C:\Users\Owner\Desktop\Fall2023\CSE275\6D Pose\training_data_filtered\training_data\v2.2\2-7-10_color_kinect.png
2-52-12,cracker_box,14,z2|x2,174,1.8368411328074132,0.25229725,1.8368411328074132,0.2522972524166107,0.0,0.0,0.0,0.0,False,True,C:\Users\Owner\Desktop\Fall2023\CSE275\6D Pose\training_data_filtered\training_data\v2.2\2-52-12_color_kinect.png
2-23-9,d_toy_airplane,18,zinf,128,0.13878071743891007,0.42128894,1.8353680747771564,0.37339193541288296,-1.6965873573382462,0.047897001917363013,0.25477707006369427,0.17754173245636828,False,True,C:\Users\Owner\Desktop\Fall2023\CSE275\6D Pose\training_data_filtered\training_data\v2.2\2-23-9_color_kinect.png
1-31-0,gelatin_box,30,z2|x2,516,1.828855261753788,0.17564908,1.828855261753788,0.17564907670021057,0.0,0.0,0.0,0.0,False,True,C:\Users\Owner\Desktop\Fall2023\CSE275\6D Pose\training_data_filtered\training_data\v2.2\1-31-0_color_kinect.png
2-74-10,pudding_box,51,z2|x2,223,2.7538479533081635,0.14043224,1.8270678703838261,0.10481953669411795,0.9267800829243373,0.03561270188467844,0.415041782729805,0.17032072131882028,False,True,C:\Users\Owner\Desktop\Fall2023\CSE275\6D Pose\training_data_filtered\training_data\v2.2\2-74-10_color_kinect.png
1-46-6,pudding_box,51,z2|x2,200,1.8231482340155205,0.06794513,1.8231482340155205,0.06794513016939163,0.0,0.0,0.0,0.0,False,True,C:\Users\Owner\Desktop\Fall2023\CSE275\6D Pose\training_data_filtered\training_data\v2.2\1-46-6_color_kinect.png
1-53-13,potted_meat_can,48,z2|x2,756,1.822174930366758,0.2008708,1.822174930366758,0.2008707970380783,0.0,0.0,0.0,0.0,False,True,C:\Users\Owner\Desktop\Fall2023\CSE275\6D Pose\training_data_filtered\training_data\v2.2\1-53-13_color_kinect.png
2-6-11,sugar_box,55,z2|x2,341,2.5558608331832353,0.14072633,1.8193878498035998,0.1431831884163598,0.7364729833796355,-0.0024568605202416327,0.3834862385321101,0.1723528320472751,False,True,C:\Users\Owner\Desktop\Fall2023\CSE275\6D Pose\training_data_filtered\training_data\v2.2\2-6-11_color_kinect.png
1-29-2,tuna_fish_can,57,zinf|x2,134,0.05235868864634192,0.19342916,1.8127126934104147,0.13929592624190504,-1.7603540047640729,0.05413323089596575,0.46859903381642515,0.13991148568946413,False,True,C:\Users\Owner\Desktop\Fall2023\CSE275\6D Pose\training_data_filtered\training_data\v2.2\1-29-2_color_kinect.png
1-21-8,sugar_box,55,z2|x2,282,1.5775073526456103,0.25387466,1.8092358465245904,0.1066085042987738,-0.2317284938789801,0.14726615523949524,0.3504587155963303,0.17029411778248774,False,True,C:\Users\Owner\Desktop\Fall2023\CSE275\6D Pose\training_data_filtered\training_data\v2.2\1-21-8_color_kinect.png
2-6-14,tuna_fish_can,57,zinf|x2,87,0.01331092894003668,0.6778186,1.8088700980047983,0.602532157546097,-1.7955591690647617,0.07528643881697061,0.2463768115942029,0.16126436710206257,False,True,C:\Users\Owner\Desktop\Fall2023\CSE275\6D Pose\training_data_filtered\training_data\v2.2\2-6-14_color_kinect.png
2-37-7,sugar_box,55,z2|x2,296,1.298642235151036,0.31647304,1.7996825922218285,0.23281393827540883,-0.5010403570707924,0.08365909872906199,0.3596330275229358,0.16714728389047775,False,True,C:\Users\Owner\Desktop\Fall2023\CSE275\6D Pose\training_data_filtered\training_data\v2.2\2-37-7_color_kinect.png
2-47-11,mustard_bottle,42,z2,1095,1.7963514250865305,0.2729571,1.7963514250865305,0.27295708656311035,0.0,0.0,0.0,0.0,False,True,C:\Users\Owner\Desktop\Fall2023\CSE275\6D Pose\training_data_filtered\training_data\v2.2\2-47-11_color_kinect.png
2-38-17,gelatin_box,30,z2|x2,451,1.385495633648746,0.07513846,1.7928457272305538,0.11646606879692305,-0.40735009358180774,-0.04132761167745817,0.34615384615384615,0.1642150243128311,False,True,C:\Users\Owner\Desktop\Fall2023\CSE275\6D Pose\training_data_filtered\training_data\v2.2\2-38-17_color_kinect.png
1-49-20,cracker_box,14,z2|x2,185,1.790263545218071,0.21868949,1.790263545218071,0.21868948638439178,0.0,0.0,0.0,0.0,False,True,C:\Users\Owner\Desktop\Fall2023\CSE275\6D Pose\training_data_filtered\training_data\v2.2\1-49-20_color_kinect.png
2-23-8,foam_brick,26,z2|x4|y2,438,0.8375400936770988,0.2071755,1.785098671309468,0.16026282262453415,-0.9475585776323693,0.0469126706158223,0.30985915492957744,0.16354961017388284,False,True,C:\Users\Owner\Desktop\Fall2023\CSE275\6D Pose\training_data_filtered\training_data\v2.2\2-23-8_color_kinect.png
1-88-10,gelatin_box,30,z2|x2,517,0.9914126694669274,0.03977459,1.7777542746540473,0.10719307112626748,-0.7863416051871199,-0.06741848188571649,0.3516483516483517,0.16502180624651086,False,True,C:\Users\Owner\Desktop\Fall2023\CSE275\6D Pose\training_data_filtered\training_data\v2.2\1-88-10_color_kinect.png
2-80-11,sugar_box,55,z2|x2,296,1.7768599676411252,0.16358693,1.7768599676411252,0.16358692944049835,0.0,0.0,0.0,0.0,False,True,C:\Users\Owner\Desktop\Fall2023\CSE275\6D Pose\training_data_filtered\training_data\v2.2\2-80-11_color_kinect.png
1-24-8,sugar_box,55,z2|x2,349,1.3420756173932369,0.30236447,1.776371800025065,0.10786108261701015,-0.4342961826318281,0.19450338595751376,0.381651376146789,0.16966930962451127,False,True,C:\Users\Owner\Desktop\Fall2023\CSE275\6D Pose\training_data_filtered\training_data\v2.2\1-24-8_color_kinect.png
1-3-11,wood_block,58,z2|y2|x4,530,1.7723353403708366,0.0992905,1.7723353403708366,0.09929049760103226,0.0,0.0,0.0,0.0,False,True,C:\Users\Owner\Desktop\Fall2023\CSE275\6D Pose\training_data_filtered\training_data\v2.2\1-3-11_color_kinect.png
2-69-10,a_lego_duplo,1,z2,150,1.7665712785357612,0.15497763,1.7684759652532405,0.20650003660288946,-0.0019046867174792315,-0.05152240205374853,0.29330254041570436,0.1655585573114694,False,True,C:\Users\Owner\Desktop\Fall2023\CSE275\6D Pose\training_data_filtered\training_data\v2.2\2-69-10_color_kinect.png
1-56-17,jenga,35,z2|x2,504,1.7610438625860982,0.18704839,1.7610438625860982,0.18704839050769806,0.0,0.0,0.0,0.0,False,True,C:\Users\Owner\Desktop\Fall2023\CSE275\6D Pose\training_data_filtered\training_data\v2.2\1-56-17_color_kinect.png
2-63-11,tuna_fish_can,57,zinf|x2,125,0.11756451092377837,0.3049157,1.7571503005728846,0.2063026468698681,-1.6395857896491062,0.09861304951265448,0.40096618357487923,0.16443489539025952,False,True,C:\Users\Owner\Desktop\Fall2023\CSE275\6D Pose\training_data_filtered\training_data\v2.2\2-63-11_color_kinect.png
1-86-9,pudding_box,51,z2|x2,206,1.7570033676195795,0.059115037,1.7570033676195795,0.05911503732204437,0.0,0.0,0.0,0.0,False,True,C:\Users\Owner\Desktop\Fall2023\CSE275\6D Pose\training_data_filtered\training_data\v2.2\1-86-9_color_kinect.png
2-65-11,wood_block,58,z2|y2|x4,520,0.8040978450136285,0.10891502,1.7569829555594247,0.11679814661942962,-0.9528851105457963,-0.00788312311374191,0.3365180467091295,0.16980158859915329,False,True,C:\Users\Owner\Desktop\Fall2023\CSE275\6D Pose\training_data_filtered\training_data\v2.2\2-65-11_color_kinect.png
1-58-16,gelatin_box,30,z2|x2,490,0.9025869963690109,0.14140758,1.7516717601434202,0.1736728790117204,-0.8490847637744093,-0.03226529982814191,0.3747252747252747,0.1502121820675758,False,True,C:\Users\Owner\Desktop\Fall2023\CSE275\6D Pose\training_data_filtered\training_data\v2.2\1-58-16_color_kinect.png
2-36-15,gelatin_box,30,z2|x2,501,1.131637801170047,0.05158508,1.7511213418007059,0.09754626150479764,-0.6194835406306589,-0.045961183265356725,0.3659340659340659,0.16705701969955367,False,True,C:\Users\Owner\Desktop\Fall2023\CSE275\6D Pose\training_data_filtered\training_data\v2.2\2-36-15_color_kinect.png
1-53-13,gelatin_box,30,z2|x2,527,1.7499320437688968,0.21657033,1.7499320437688968,0.21657033264636993,0.0,0.0,0.0,0.0,False,True,C:\Users\Owner\Desktop\Fall2023\CSE275\6D Pose\training_data_filtered\training_data\v2.2\1-53-13_color_kinect.png
2-47-11,d_toy_airplane,18,zinf,128,0.16713356934672816,0.11347859,1.7435205375299425,0.13749218970914806,-1.5763869681832143,-0.02401359618087734,0.34076433121019106,0.16375560785299578,False,True,C:\Users\Owner\Desktop\Fall2023\CSE275\6D Pose\training_data_filtered\training_data\v2.2\2-47-11_color_kinect.png
2-73-20,b_lego_duplo,5,z4,206,2.0718623437730974,0.10659889,1.7414655855285988,0.12290996153896767,0.33039675824449866,-0.016311070221123283,0.3965014577259475,0.1712080439887695,False,True,C:\Users\Owner\Desktop\Fall2023\CSE275\6D Pose\training_data_filtered\training_data\v2.2\2-73-20_color_kinect.png
2-60-7,sugar_box,55,z2|x2,309,2.826931258163639,0.075229995,1.7382242181123215,0.17641955533022965,1.0887070400513175,-0.10118956037755097,0.3614678899082569,0.1621577647527743,False,True,C:\Users\Owner\Desktop\Fall2023\CSE275\6D Pose\training_data_filtered\training_data\v2.2\2-60-7_color_kinect.png
1-34-7,pudding_box,51,z2|x2,221,1.8729626437260691,0.12733391,1.73350634054962,0.11155661753714674,0.13945630317644908,0.015777291736000842,0.4373259052924791,0.1645124249844986,False,True,C:\Users\Owner\Desktop\Fall2023\CSE275\6D Pose\training_data_filtered\training_data\v2.2\1-34-7_color_kinect.png
1-32-1,pudding_box,51,z2|x2,155,1.7311138595693745,0.44226164,1.7311138595693745,0.44226163625717163,0.0,0.0,0.0,0.0,False,True,C:\Users\Owner\Desktop\Fall2023\CSE275\6D Pose\training_data_filtered\training_data\v2.2\1-32-1_color_kinect.png
1-18-12,pudding_box,51,z2|x2,232,1.6401001901408254,0.22142711,1.7287964001465719,0.1090688399279717,-0.08869621000574646,0.11235827288979258,0.39275766016713093,0.1709845065413195,False,True,C:\Users\Owner\Desktop\Fall2023\CSE275\6D Pose\training_data_filtered\training_data\v2.2\1-18-12_color_kinect.png
2-98-20,gelatin_box,30,z2|x2,385,2.962545646845828,0.12830892,1.726673749750248,0.1251221862341181,1.23587189709558,0.0031867358182653127,0.310989010989011,0.17096671928573934,False,True,C:\Users\Owner\Desktop\Fall2023\CSE275\6D Pose\training_data_filtered\training_data\v2.2\2-98-20_color_kinect.png
1-18-12,rubiks_cube,52,z4|x4|y4,474,0.41975151231942387,0.05065188,1.7262567024175104,0.12083833171754521,-1.3065051900980866,-0.0701864498737399,0.3656387665198238,0.17315508047400063,False,True,C:\Users\Owner\Desktop\Fall2023\CSE275\6D Pose\training_data_filtered\training_data\v2.2\1-18-12_color_kinect.png
2-32-19,sugar_box,55,z2|x2,306,1.9414768072209694,0.084856376,1.719096187543327,0.1615240924986116,0.22238061967764233,-0.07666771644670883,0.3504587155963303,0.17061555593551211,False,True,C:\Users\Owner\Desktop\Fall2023\CSE275\6D Pose\training_data_filtered\training_data\v2.2\2-32-19_color_kinect.png
2-38-17,pudding_box,51,z2|x2,174,1.7187108969070408,0.35713902,1.7187108969070408,0.3571390211582184,0.0,0.0,0.0,0.0,False,True,C:\Users\Owner\Desktop\Fall2023\CSE275\6D Pose\training_data_filtered\training_data\v2.2\2-38-17_color_kinect.png
2-67-12,mustard_bottle,42,z2,879,1.7184898429642144,0.2216438,1.7184898429642144,0.22164380550384521,0.0,0.0,0.0,0.0,False,True,C:\Users\Owner\Desktop\Fall2023\CSE275\6D Pose\training_data_filtered\training_data\v2.2\2-67-12_color_kinect.png
2-34-12,sugar_box,55,z2|x2,342,1.5145833206678632,0.13564329,1.7099109736414475,0.1271846451443161,-0.19532765297358434,0.008458643348840333,0.381651376146789,0.16995761076020585,False,True,C:\Users\Owner\Desktop\Fall2023\CSE275\6D Pose\training_data_filtered\training_data\v2.2\2-34-12_color_kinect.png
2-23-9,rubiks_cube,52,z4|x4|y4,478,4.037691695169936,0.26482064,1.7091162837745146,0.1321608649946942,2.3285754113954216,0.1326597703240619,0.3744493392070485,0.17107063780151777,False,True,C:\Users\Owner\Desktop\Fall2023\CSE275\6D Pose\training_data_filtered\training_data\v2.2\2-23-9_color_kinect.png
1-95-15,wood_block,58,z2|y2|x4,603,1.7051187721822694,0.1835811,1.7051187721822694,0.18358109891414642,0.0,0.0,0.0,0.0,False,True,C:\Users\Owner\Desktop\Fall2023\CSE275\6D Pose\training_data_filtered\training_data\v2.2\1-95-15_color_kinect.png
1-37-18,tuna_fish_can,57,zinf|x2,130,0.12787880170666296,0.056806453,1.7027410673816743,0.12126835870801139,-1.5748622656750113,-0.06446190613566566,0.4057971014492754,0.16903415326053176,False,True,C:\Users\Owner\Desktop\Fall2023\CSE275\6D Pose\training_data_filtered\training_data\v2.2\1-37-18_color_kinect.png
1-27-10,sugar_box,55,z2|x2,286,1.4686965231502223,0.08200081,1.6975160407278413,0.12479785231718236,-0.2288195175776191,-0.042797045389501395,0.3211009174311927,0.1661786491071044,False,True,C:\Users\Owner\Desktop\Fall2023\CSE275\6D Pose\training_data_filtered\training_data\v2.2\1-27-10_color_kinect.png
2-63-11,potted_meat_can,48,z2|x2,762,1.6973723900207696,0.1460032,1.6973723900207696,0.14600320160388947,0.0,0.0,0.0,0.0,False,True,C:\Users\Owner\Desktop\Fall2023\CSE275\6D Pose\training_data_filtered\training_data\v2.2\2-63-11_color_kinect.png
2-73-20,sugar_box,55,z2|x2,303,1.697588318626172,0.17357408,1.6872302059775257,0.1700156473112679,0.010358112648646278,0.003558427791538199,0.3559633027522936,0.1627709389770015,False,True,C:\Users\Owner\Desktop\Fall2023\CSE275\6D Pose\training_data_filtered\training_data\v2.2\2-73-20_color_kinect.png
2-80-6,wood_block,58,z2|y2|x4,340,0.6585927691405733,0.38540888,1.6858674699817366,0.12672788550551728,-1.0272747008411633,0.25868099282089874,0.21762208067940553,0.16673664597520255,False,True,C:\Users\Owner\Desktop\Fall2023\CSE275\6D Pose\training_data_filtered\training_data\v2.2\2-80-6_color_kinect.png
2-17-9,pudding_box,51,z2|x2,205,1.6798540041933623,0.21108796,1.6798540041933623,0.21108795702457428,0.0,0.0,0.0,0.0,False,True,C:\Users\Owner\Desktop\Fall2023\CSE275\6D Pose\training_data_filtered\training_data\v2.2\2-17-9_color_kinect.png
2-42-15,sugar_box,55,z2|x2,342,1.447105301056359,0.26729432,1.678234185346511,0.16392860631829717,-0.231128884290152,0.1033657111656048,0.3908256880733945,0.1691417810656317,False,True,C:\Users\Owner\Desktop\Fall2023\CSE275\6D Pose\training_data_filtered\training_data\v2.2\2-42-15_color_kinect.png
2-55-10,foam_brick,26,z2|x4|y2,460,1.812021910616516,0.15475722,1.6732818337110142,0.20840483353912284,0.13874007690550183,-0.053647616966361306,0.36384976525821594,0.1583204436683304,False,True,C:\Users\Owner\Desktop\Fall2023\CSE275\6D Pose\training_data_filtered\training_data\v2.2\2-55-10_color_kinect.png
1-29-2,sugar_box,55,z2|x2,336,2.0657633596889067,0.1204298,1.6717161116593633,0.16296297574378796,0.3940472480295434,-0.04253317678310223,0.3467889908256881,0.17123045531803116,False,True,C:\Users\Owner\Desktop\Fall2023\CSE275\6D Pose\training_data_filtered\training_data\v2.2\1-29-2_color_kinect.png
2-67-12,wood_block,58,z2|y2|x4,512,1.6659519531650853,0.22650246,1.6659519531650853,0.22650246322155,0.0,0.0,0.0,0.0,False,True,C:\Users\Owner\Desktop\Fall2023\CSE275\6D Pose\training_data_filtered\training_data\v2.2\2-67-12_color_kinect.png
2-69-12,sugar_box,55,z2|x2,337,1.3691695696233444,0.17044169,1.6658039049092743,0.14059162436768857,-0.29663433528593,0.02985006273939761,0.381651376146789,0.16634713074840163,False,True,C:\Users\Owner\Desktop\Fall2023\CSE275\6D Pose\training_data_filtered\training_data\v2.2\2-69-12_color_kinect.png
2-14-17,c_toy_airplane,13,zinf,168,0.15057514245389728,0.10835532,1.6630098447590838,0.16593427024381638,-1.5124347023051865,-0.05757894925373078,0.3168831168831169,0.1666992920148924,False,True,C:\Users\Owner\Desktop\Fall2023\CSE275\6D Pose\training_data_filtered\training_data\v2.2\2-14-17_color_kinect.png
2-36-8,bleach_cleanser,8,z2,1571,1.6615447671592916,0.2009328,1.6615447671592916,0.2009328007698059,0.0,0.0,0.0,0.0,False,True,C:\Users\Owner\Desktop\Fall2023\CSE275\6D Pose\training_data_filtered\training_data\v2.2\2-36-8_color_kinect.png
2-56-0,cracker_box,14,z2|x2,196,1.6599298658512054,0.064097986,1.6599298658512054,0.06409798562526703,0.0,0.0,0.0,0.0,False,True,C:\Users\Owner\Desktop\Fall2023\CSE275\6D Pose\training_data_filtered\training_data\v2.2\2-56-0_color_kinect.png
2-11-3,pudding_box,51,z2|x2,183,7.726815264888659,0.5728143,1.6568607893470162,0.24918716678869393,6.069954475541643,0.32362711896646357,0.3398328690807799,0.1682035513693657,False,True,C:\Users\Owner\Desktop\Fall2023\CSE275\6D Pose\training_data_filtered\training_data\v2.2\2-11-3_color_kinect.png
1-57-12,pudding_box,51,z2|x2,225,1.4483300410394369,0.18221751,1.6538476665595265,0.10271984654720105,-0.20551762552008968,0.07949766200725757,0.3983286908077994,0.16818865220286675,False,True,C:\Users\Owner\Desktop\Fall2023\CSE275\6D Pose\training_data_filtered\training_data\v2.2\1-57-12_color_kinect.png
2-63-11,gelatin_box,30,z2|x2,451,1.6521051636349446,0.13533981,1.6521051636349446,0.13533981144428253,0.0,0.0,0.0,0.0,False,True,C:\Users\Owner\Desktop\Fall2023\CSE275\6D Pose\training_data_filtered\training_data\v2.2\2-63-11_color_kinect.png
2-76-9,sugar_box,55,z2|x2,284,1.3378341807401661,0.21116619,1.6513172602255457,0.16053114692775175,-0.31348307948537957,0.05063504119309023,0.3321100917431193,0.16952801960866398,False,True,C:\Users\Owner\Desktop\Fall2023\CSE275\6D Pose\training_data_filtered\training_data\v2.2\2-76-9_color_kinect.png
2-74-5,b_lego_duplo,5,z4,196,1.651286000743564,0.22336766,1.651286000743564,0.22336766123771667,0.0,0.0,0.0,0.0,False,True,C:\Users\Owner\Desktop\Fall2023\CSE275\6D Pose\training_data_filtered\training_data\v2.2\2-74-5_color_kinect.png
1-45-15,pudding_box,51,z2|x2,218,1.3627864064766668,0.07364627,1.6507203233533363,0.09295759287441745,-0.28793391687666947,-0.019311323135743283,0.42896935933147634,0.16835882947374559,False,True,C:\Users\Owner\Desktop\Fall2023\CSE275\6D Pose\training_data_filtered\training_data\v2.2\1-45-15_color_kinect.png
2-4-10,gelatin_box,30,z2|x2,525,0.695750654864494,0.05310744,1.6455528191209767,0.11474275036874185,-0.9498021642564828,-0.06163530989709268,0.3989010989010989,0.1651827154333268,False,True,C:\Users\Owner\Desktop\Fall2023\CSE275\6D Pose\training_data_filtered\training_data\v2.2\2-4-10_color_kinect.png
2-100-13,bleach_cleanser,8,z2,1381,1.6454878498984038,0.07480502,1.6454878498984038,0.07480502128601074,0.0,0.0,0.0,0.0,False,True,C:\Users\Owner\Desktop\Fall2023\CSE275\6D Pose\training_data_filtered\training_data\v2.2\2-100-13_color_kinect.png
2-75-4,wood_block,58,z2|y2|x4,365,1.6439086506071718,0.26749313,1.6439086506071718,0.2674931287765503,0.0,0.0,0.0,0.0,False,True,C:\Users\Owner\Desktop\Fall2023\CSE275\6D Pose\training_data_filtered\training_data\v2.2\2-75-4_color_kinect.png
2-82-9,e_lego_duplo,20,z2,375,0.9632328838960996,0.1553146,1.6438584400228384,0.10532635369238594,-0.6806255561267388,0.04998824081483147,0.34413965087281795,0.17045347510896364,False,True,C:\Users\Owner\Desktop\Fall2023\CSE275\6D Pose\training_data_filtered\training_data\v2.2\2-82-9_color_kinect.png
1-22-7,pudding_box,51,z2|x2,211,1.6418314590633438,0.11302092,1.6418314590633438,0.11302091926336288,0.0,0.0,0.0,0.0,False,True,C:\Users\Owner\Desktop\Fall2023\CSE275\6D Pose\training_data_filtered\training_data\v2.2\1-22-7_color_kinect.png
2-58-11,cracker_box,14,z2|x2,201,1.6416769322307254,0.18043587,1.6416769322307254,0.18043586611747742,0.0,0.0,0.0,0.0,False,True,C:\Users\Owner\Desktop\Fall2023\CSE275\6D Pose\training_data_filtered\training_data\v2.2\2-58-11_color_kinect.png
2-75-4,d_toy_airplane,18,zinf,127,0.22375572100852742,0.15035157,1.641654212204696,0.2406441358292721,-1.4178984911961685,-0.09029256677276118,0.321656050955414,0.1678859671657016,False,True,C:\Users\Owner\Desktop\Fall2023\CSE275\6D Pose\training_data_filtered\training_data\v2.2\2-75-4_color_kinect.png
2-63-13,mustard_bottle,42,z2,1098,1.6386572444760712,0.14762923,1.6386572444760712,0.14762923121452332,0.0,0.0,0.0,0.0,False,True,C:\Users\Owner\Desktop\Fall2023\CSE275\6D Pose\training_data_filtered\training_data\v2.2\2-63-13_color_kinect.png
2-64-20,bleach_cleanser,8,z2,1559,1.637090160186945,0.23282608,1.637090160186945,0.2328260838985443,0.0,0.0,0.0,0.0,False,True,C:\Users\Owner\Desktop\Fall2023\CSE275\6D Pose\training_data_filtered\training_data\v2.2\2-64-20_color_kinect.png
1-12-2,pudding_box,51,z2|x2,193,1.6356517071034824,0.2496291,1.6356517071034824,0.24962909519672394,0.0,0.0,0.0,0.0,False,True,C:\Users\Owner\Desktop\Fall2023\CSE275\6D Pose\training_data_filtered\training_data\v2.2\1-12-2_color_kinect.png
2-2-6,sugar_box,55,z2|x2,309,3.8580277385525608,0.18149745,1.6355198580245596,0.25687048946962937,2.222507880528001,-0.07537303482637986,0.381651376146789,0.15232776007662446,False,True,C:\Users\Owner\Desktop\Fall2023\CSE275\6D Pose\training_data_filtered\training_data\v2.2\2-2-6_color_kinect.png
2-91-1,mustard_bottle,42,z2,1099,1.6320334172539273,0.2042233,1.6320334172539273,0.20422330498695374,0.0,0.0,0.0,0.0,False,True,C:\Users\Owner\Desktop\Fall2023\CSE275\6D Pose\training_data_filtered\training_data\v2.2\2-91-1_color_kinect.png
2-7-9,sugar_box,55,z2|x2,326,1.740524944998952,0.13533415,1.6312853016896713,0.2191652158301789,0.1092396433092806,-0.08383106682715002,0.3706422018348624,0.1776178273023478,False,True,C:\Users\Owner\Desktop\Fall2023\CSE275\6D Pose\training_data_filtered\training_data\v2.2\2-7-9_color_kinect.png
2-46-0,gelatin_box,30,z2|x2,537,1.6296736721015521,0.22145481,1.6296736721015521,0.22145481407642365,0.0,0.0,0.0,0.0,False,True,C:\Users\Owner\Desktop\Fall2023\CSE275\6D Pose\training_data_filtered\training_data\v2.2\2-46-0_color_kinect.png
2-82-14,e_lego_duplo,20,z2,359,1.7699157869048632,0.18141459,1.6289613942485068,0.06814575074999969,0.14095439265635634,0.11326883853585083,0.30798004987531175,0.16793915135877654,False,True,C:\Users\Owner\Desktop\Fall2023\CSE275\6D Pose\training_data_filtered\training_data\v2.2\2-82-14_color_kinect.png
2-2-13,gelatin_box,30,z2|x2,472,1.6262221597293014,0.12764357,1.6262221597293014,0.12764357030391693,0.0,0.0,0.0,0.0,False,True,C:\Users\Owner\Desktop\Fall2023\CSE275\6D Pose\training_data_filtered\training_data\v2.2\2-2-13_color_kinect.png
2-13-10,rubiks_cube,52,z4|x4|y4,472,1.85016630300561,0.12613319,1.626124542771689,0.11321359224680015,0.22404176023392086,0.012919596358508381,0.30176211453744495,0.17022041279673256,False,True,C:\Users\Owner\Desktop\Fall2023\CSE275\6D Pose\training_data_filtered\training_data\v2.2\2-13-10_color_kinect.png
2-63-8,a_lego_duplo,1,z2,164,1.626051404474571,0.5133594,1.626051404474571,0.5133594274520874,0.0,0.0,0.0,0.0,False,True,C:\Users\Owner\Desktop\Fall2023\CSE275\6D Pose\training_data_filtered\training_data\v2.2\2-63-8_color_kinect.png
1-46-7,cracker_box,14,z2|x2,178,1.1080686009062395,0.21579622,1.6236770395088662,0.1450784862029435,-0.5156084386026267,0.07071773111940605,0.4769736842105263,0.17030360512243953,False,True,C:\Users\Owner\Desktop\Fall2023\CSE275\6D Pose\training_data_filtered\training_data\v2.2\1-46-7_color_kinect.png
2-58-15,cracker_box,14,z2|x2,157,2.385219606731128,0.2910535,1.6208330685079555,0.1519612364814555,0.7643865382231727,0.13909226727029927,0.3684210526315789,0.15510603354322058,False,True,C:\Users\Owner\Desktop\Fall2023\CSE275\6D Pose\training_data_filtered\training_data\v2.2\2-58-15_color_kinect.png
2-56-0,rubiks_cube,52,z4|x4|y4,508,1.6160737336590794,0.09495384,1.6160737336590794,0.09495384246110916,0.0,0.0,0.0,0.0,False,True,C:\Users\Owner\Desktop\Fall2023\CSE275\6D Pose\training_data_filtered\training_data\v2.2\2-56-0_color_kinect.png
2-42-15,bleach_cleanser,8,z2,1566,1.614954211076614,0.2274988,1.614954211076614,0.22749879956245422,0.0,0.0,0.0,0.0,False,True,C:\Users\Owner\Desktop\Fall2023\CSE275\6D Pose\training_data_filtered\training_data\v2.2\2-42-15_color_kinect.png
1-37-4,gelatin_box,30,z2|x2,499,0.5533825224471212,0.20524171,1.6129907894360473,0.12143197841429923,-1.0596082669889262,0.08380973153328683,0.35274725274725277,0.18065529372600023,False,True,C:\Users\Owner\Desktop\Fall2023\CSE275\6D Pose\training_data_filtered\training_data\v2.2\1-37-4_color_kinect.png
1-37-18,pudding_box,51,z2|x2,209,1.8673222159161738,0.08893577,1.6097935116933546,0.11113563309240258,0.25752870422281915,-0.0221998629980079,0.40668523676880225,0.17434806921915155,False,True,C:\Users\Owner\Desktop\Fall2023\CSE275\6D Pose\training_data_filtered\training_data\v2.2\1-37-18_color_kinect.png
2-26-13,bleach_cleanser,8,z2,1510,1.6065455826323256,0.21767302,1.6065455826323256,0.21767301857471466,0.0,0.0,0.0,0.0,False,True,C:\Users\Owner\Desktop\Fall2023\CSE275\6D Pose\training_data_filtered\training_data\v2.2\2-26-13_color_kinect.png
2-34-12,gelatin_box,30,z2|x2,525,1.6061403459926524,0.11850977,1.6061403459926524,0.11850976943969727,0.0,0.0,0.0,0.0,False,True,C:\Users\Owner\Desktop\Fall2023\CSE275\6D Pose\training_data_filtered\training_data\v2.2\2-34-12_color_kinect.png
2-79-3,pudding_box,51,z2|x2,192,1.6041047560988817,0.14487575,1.6041047560988817,0.14487574994564056,0.0,0.0,0.0,0.0,False,True,C:\Users\Owner\Desktop\Fall2023\CSE275\6D Pose\training_data_filtered\training_data\v2.2\2-79-3_color_kinect.png
2-36-8,nine_hole_peg_test,43,no,322,1.6794398843756135,0.124686494,1.5902155848588346,0.1760780705106733,0.0892242995167789,-0.05139157604103067,0.37373737373737376,0.17513879325390416,False,True,C:\Users\Owner\Desktop\Fall2023\CSE275\6D Pose\training_data_filtered\training_data\v2.2\2-36-8_color_kinect.png
2-72-13,potted_meat_can,48,z2|x2,800,1.5852617966008282,0.08394489,1.5852617966008282,0.0839448869228363,0.0,0.0,0.0,0.0,False,True,C:\Users\Owner\Desktop\Fall2023\CSE275\6D Pose\training_data_filtered\training_data\v2.2\2-72-13_color_kinect.png
2-36-8,sugar_box,55,z2|x2,249,5.3332960609991815,0.06492276,1.5837589740757634,0.20476047743521117,3.749537086923418,-0.13983771998844527,0.28807339449541286,0.16371594782233215,False,True,C:\Users\Owner\Desktop\Fall2023\CSE275\6D Pose\training_data_filtered\training_data\v2.2\2-36-8_color_kinect.png
2-93-1,tuna_fish_can,57,zinf|x2,129,0.08171146575039517,0.035390586,1.5816975018790382,0.09752948410982804,-1.499986036128643,-0.06213889844889359,0.4057971014492754,0.1724710010190384,False,True,C:\Users\Owner\Desktop\Fall2023\CSE275\6D Pose\training_data_filtered\training_data\v2.2\2-93-1_color_kinect.png
1-45-15,tuna_fish_can,57,zinf|x2,137,4.591180097798097,0.17578997,1.5802035383227417,0.11820007361754468,3.0109765594753553,0.057589893561753716,0.4057971014492754,0.1623278940703888,False,True,C:\Users\Owner\Desktop\Fall2023\CSE275\6D Pose\training_data_filtered\training_data\v2.2\1-45-15_color_kinect.png
2-58-11,tuna_fish_can,57,zinf|x2,130,0.14038873741542757,0.08986079,1.57672875955668,0.13958136637065538,-1.4363400221412523,-0.049720576892830215,0.43478260869565216,0.15476206798532413,False,True,C:\Users\Owner\Desktop\Fall2023\CSE275\6D Pose\training_data_filtered\training_data\v2.2\2-58-11_color_kinect.png
1-3-3,potted_meat_can,48,z2|x2,805,1.5763648394448884,0.25572532,1.5763648394448884,0.25572532415390015,0.0,0.0,0.0,0.0,False,True,C:\Users\Owner\Desktop\Fall2023\CSE275\6D Pose\training_data_filtered\training_data\v2.2\1-3-3_color_kinect.png
1-40-17,tuna_fish_can,57,zinf|x2,132,0.08663732093628615,0.07310432,1.5692359988294453,0.11198894985313612,-1.4825986778931592,-0.0388846278965016,0.4396135265700483,0.16673876908571345,False,True,C:\Users\Owner\Desktop\Fall2023\CSE275\6D Pose\training_data_filtered\training_data\v2.2\1-40-17_color_kinect.png
2-82-9,sugar_box,55,z2|x2,333,2.7452629897518444,0.22842374,1.5689005381822783,0.1500886315304659,1.176362451569566,0.07833511290961284,0.3761467889908257,0.17357104258367648,False,True,C:\Users\Owner\Desktop\Fall2023\CSE275\6D Pose\training_data_filtered\training_data\v2.2\2-82-9_color_kinect.png
2-6-14,sugar_box,55,z2|x2,322,1.5770319954604926,0.20053454,1.5682342470444999,0.18028062505875223,0.008797748415992679,0.020253912375825717,0.363302752293578,0.17316188165352736,False,True,C:\Users\Owner\Desktop\Fall2023\CSE275\6D Pose\training_data_filtered\training_data\v2.2\2-6-14_color_kinect.png
1-51-11,gelatin_box,30,z2|x2,496,1.1582924254577374,0.062075544,1.5654993315124648,0.1078127961944762,-0.4072069060547274,-0.04573725204579265,0.3989010989010989,0.16905809277363024,False,True,C:\Users\Owner\Desktop\Fall2023\CSE275\6D Pose\training_data_filtered\training_data\v2.2\1-51-11_color_kinect.png
2-100-13,tuna_fish_can,57,zinf|x2,127,0.08238080984291835,0.065840855,1.5634406886395744,0.11831571660359666,-1.481059878796656,-0.05247486136277482,0.4444444444444444,0.14749719667566039,False,True,C:\Users\Owner\Desktop\Fall2023\CSE275\6D Pose\training_data_filtered\training_data\v2.2\2-100-13_color_kinect.png
2-58-11,sugar_box,55,z2|x2,346,1.3102532605510753,0.22736025,1.5614595020833277,0.11752831077284796,-0.25120624153225246,0.10983193779282586,0.3724770642201835,0.17054098107139357,False,True,C:\Users\Owner\Desktop\Fall2023\CSE275\6D Pose\training_data_filtered\training_data\v2.2\2-58-11_color_kinect.png
1-69-3,cracker_box,14,z2|x2,160,1.5582625417049236,0.18730605,1.5582625417049236,0.18730604648590088,0.0,0.0,0.0,0.0,False,True,C:\Users\Owner\Desktop\Fall2023\CSE275\6D Pose\training_data_filtered\training_data\v2.2\1-69-3_color_kinect.png
2-4-10,sugar_box,55,z2|x2,301,6.275924061193743,0.15252617,1.5574265980724005,0.1630830419223691,4.718497463121343,-0.010556871907034027,0.30642201834862387,0.17303037658852805,False,True,C:\Users\Owner\Desktop\Fall2023\CSE275\6D Pose\training_data_filtered\training_data\v2.2\2-4-10_color_kinect.png
1-86-0,tuna_fish_can,57,zinf|x2,131,0.10485205053164519,0.068539076,1.555614030750828,0.10275033544485675,-1.4507619802191827,-0.03421125989143954,0.4444444444444444,0.1650133276364555,False,True,C:\Users\Owner\Desktop\Fall2023\CSE275\6D Pose\training_data_filtered\training_data\v2.2\1-86-0_color_kinect.png
2-91-1,nine_hole_peg_test,43,no,307,2.5931427745737397,0.16013648,1.5529926061761208,0.1404700772280111,1.0401501683976189,0.019666398931084655,0.39225589225589225,0.14785710225862655,False,True,C:\Users\Owner\Desktop\Fall2023\CSE275\6D Pose\training_data_filtered\training_data\v2.2\2-91-1_color_kinect.png
2-11-1,tuna_fish_can,57,zinf|x2,135,0.053614009050453,0.10556442,1.5506635322807532,0.14547794307112602,-1.4970495232303,-0.03991352016568092,0.47342995169082125,0.14678115237259945,False,True,C:\Users\Owner\Desktop\Fall2023\CSE275\6D Pose\training_data_filtered\training_data\v2.2\2-11-1_color_kinect.png
2-7-18,sugar_box,55,z2|x2,297,1.9314135591160546,0.11086124,1.5454352387496986,0.19869310347521624,0.38597832036635604,-0.08783186165774187,0.3651376146788991,0.16259736709466618,False,True,C:\Users\Owner\Desktop\Fall2023\CSE275\6D Pose\training_data_filtered\training_data\v2.2\2-7-18_color_kinect.png
2-73-20,gelatin_box,30,z2|x2,512,1.2725895799402787,0.08219714,1.5407783302766362,0.09993546690477177,-0.2681887503363576,-0.017738329727781263,0.3648351648351648,0.17365237952612186,False,True,C:\Users\Owner\Desktop\Fall2023\CSE275\6D Pose\training_data_filtered\training_data\v2.2\2-73-20_color_kinect.png
2-69-10,sugar_box,55,z2|x2,327,1.3417433338275935,0.23091646,1.540477927971207,0.15921813390502068,-0.1987345941436136,0.07169832148304847,0.3798165137614679,0.1655935225851977,False,True,C:\Users\Owner\Desktop\Fall2023\CSE275\6D Pose\training_data_filtered\training_data\v2.2\2-69-10_color_kinect.png
2-60-7,jenga,35,z2|x2,652,0.26256612626719544,0.11382216,1.5390021912712437,0.1965027538147649,-1.2764360650040483,-0.08268059166342823,0.3419593345656192,0.16728740930455213,False,True,C:\Users\Owner\Desktop\Fall2023\CSE275\6D Pose\training_data_filtered\training_data\v2.2\2-60-7_color_kinect.png
1-9-9,pudding_box,51,z2|x2,205,1.538989067616902,0.18464774,1.538989067616902,0.18464773893356323,0.0,0.0,0.0,0.0,False,True,C:\Users\Owner\Desktop\Fall2023\CSE275\6D Pose\training_data_filtered\training_data\v2.2\1-9-9_color_kinect.png
2-36-15,pudding_box,51,z2|x2,177,1.5373987306479895,0.18213299,1.5373987306479895,0.18213298916816711,0.0,0.0,0.0,0.0,False,True,C:\Users\Owner\Desktop\Fall2023\CSE275\6D Pose\training_data_filtered\training_data\v2.2\2-36-15_color_kinect.png
2-72-13,b_lego_duplo,5,z4,199,1.0300311070916404,0.1154639,1.5344325943228332,0.1600319289240845,-0.5044014872311928,-0.04456803133821566,0.33819241982507287,0.17252109022805415,False,True,C:\Users\Owner\Desktop\Fall2023\CSE275\6D Pose\training_data_filtered\training_data\v2.2\2-72-13_color_kinect.png
2-35-4,sugar_box,55,z2|x2,332,1.362033912708968,0.1955231,1.5330593988388315,0.1298603024114158,-0.17102548612986346,0.06566279569973685,0.3871559633027523,0.17040232421292217,False,True,C:\Users\Owner\Desktop\Fall2023\CSE275\6D Pose\training_data_filtered\training_data\v2.2\2-35-4_color_kinect.png
2-35-7,d_toy_airplane,18,zinf,131,0.18750459403209765,0.123383604,1.530910848789429,0.1361995067087485,-1.3434062547573313,-0.01281590271867053,0.3184713375796178,0.17392714240704593,False,True,C:\Users\Owner\Desktop\Fall2023\CSE275\6D Pose\training_data_filtered\training_data\v2.2\2-35-7_color_kinect.png
2-58-15,rubiks_cube,52,z4|x4|y4,506,1.530524686695118,0.2167585,1.530524686695118,0.21675850450992584,0.0,0.0,0.0,0.0,False,True,C:\Users\Owner\Desktop\Fall2023\CSE275\6D Pose\training_data_filtered\training_data\v2.2\2-58-15_color_kinect.png
2-59-12,sugar_box,55,z2|x2,161,5.839601381977396,1.1817385,1.5297403613055292,0.8763830945737303,4.3098610206718675,0.3053554012529909,0.1743119266055046,0.1695838977737953,False,True,C:\Users\Owner\Desktop\Fall2023\CSE275\6D Pose\training_data_filtered\training_data\v2.2\2-59-12_color_kinect.png
2-23-8,master_chef_can,39,zinf|x2,383,0.046112323648029266,0.07374617,1.5266393454184286,0.1703752731969521,-1.4805270217703994,-0.09662910607363437,0.3475783475783476,0.16471982962218348,False,True,C:\Users\Owner\Desktop\Fall2023\CSE275\6D Pose\training_data_filtered\training_data\v2.2\2-23-8_color_kinect.png
1-78-20,tuna_fish_can,57,zinf|x2,134,0.10028845967004657,0.039353576,1.5244346961192632,0.14016754697581027,-1.4241462364492166,-0.10081397141833995,0.42995169082125606,0.16107137920377013,False,True,C:\Users\Owner\Desktop\Fall2023\CSE275\6D Pose\training_data_filtered\training_data\v2.2\1-78-20_color_kinect.png
1-64-7,sugar_box,55,z2|x2,212,1.5241834869210564,0.9158804,1.5241834869210564,0.9158803820610046,0.0,0.0,0.0,0.0,False,True,C:\Users\Owner\Desktop\Fall2023\CSE275\6D Pose\training_data_filtered\training_data\v2.2\1-64-7_color_kinect.png
2-38-4,sugar_box,55,z2|x2,316,2.0855926209498405,0.086684965,1.523233668013914,0.19282119332517186,0.5623589529359265,-0.10613622872794667,0.3596330275229358,0.1669374113966207,False,True,C:\Users\Owner\Desktop\Fall2023\CSE275\6D Pose\training_data_filtered\training_data\v2.2\2-38-4_color_kinect.png
1-90-2,wood_block,58,z2|y2|x4,560,1.943334476070206,0.16088656,1.5228187581674875,0.15140891253723848,0.4205157179027186,0.009477643372871991,0.31422505307855625,0.17203903869973733,False,True,C:\Users\Owner\Desktop\Fall2023\CSE275\6D Pose\training_data_filtered\training_data\v2.2\1-90-2_color_kinect.png
2-98-20,mustard_bottle,42,z2,882,1.1454422448875314,0.3675928,1.5214602544658349,0.21013041201075425,-0.37601800957830345,0.1574623995737184,0.21641074856046066,0.17395078740093492,False,True,C:\Users\Owner\Desktop\Fall2023\CSE275\6D Pose\training_data_filtered\training_data\v2.2\2-98-20_color_kinect.png
1-5-11,pudding_box,51,z2|x2,209,1.521440402626061,0.31108755,1.521440402626061,0.31108754873275757,0.0,0.0,0.0,0.0,False,True,C:\Users\Owner\Desktop\Fall2023\CSE275\6D Pose\training_data_filtered\training_data\v2.2\1-5-11_color_kinect.png
2-32-19,pudding_box,51,z2|x2,175,1.5192026401307408,0.4594792,1.5192026401307408,0.4594792127609253,0.0,0.0,0.0,0.0,False,True,C:\Users\Owner\Desktop\Fall2023\CSE275\6D Pose\training_data_filtered\training_data\v2.2\2-32-19_color_kinect.png
1-29-11,sugar_box,55,z2|x2,322,1.5717424219770066,0.08478082,1.5188654953458296,0.16640126509407982,0.052876926631177046,-0.08162044538001045,0.3614678899082569,0.17816445460245997,False,True,C:\Users\Owner\Desktop\Fall2023\CSE275\6D Pose\training_data_filtered\training_data\v2.2\1-29-11_color_kinect.png
1-37-4,pudding_box,51,z2|x2,147,1.5170810752505652,0.19756691,1.5170810752505652,0.1975669115781784,0.0,0.0,0.0,0.0,False,True,C:\Users\Owner\Desktop\Fall2023\CSE275\6D Pose\training_data_filtered\training_data\v2.2\1-37-4_color_kinect.png
2-67-12,sugar_box,55,z2|x2,336,1.7327424604006152,0.38584113,1.5091474431276004,0.1360435666998972,0.22359501727301478,0.24979756451042995,0.3596330275229358,0.17580937208675293,False,True,C:\Users\Owner\Desktop\Fall2023\CSE275\6D Pose\training_data_filtered\training_data\v2.2\2-67-12_color_kinect.png
2-23-9,pudding_box,51,z2|x2,205,1.502837156774126,0.0962906,1.502837156774126,0.09629060328006744,0.0,0.0,0.0,0.0,False,True,C:\Users\Owner\Desktop\Fall2023\CSE275\6D Pose\training_data_filtered\training_data\v2.2\2-23-9_color_kinect.png
1-56-1,potted_meat_can,48,z2|x2,844,1.5010759391160213,0.23294275,1.5010759391160213,0.23294274508953094,0.0,0.0,0.0,0.0,False,True,C:\Users\Owner\Desktop\Fall2023\CSE275\6D Pose\training_data_filtered\training_data\v2.2\1-56-1_color_kinect.png
2-23-8,bleach_cleanser,8,z2,1565,1.4994690031044386,0.29696378,1.4994690031044386,0.29696378111839294,0.0,0.0,0.0,0.0,False,True,C:\Users\Owner\Desktop\Fall2023\CSE275\6D Pose\training_data_filtered\training_data\v2.2\2-23-8_color_kinect.png
1-46-7,tuna_fish_can,57,zinf|x2,137,0.1627874062184439,0.1972857,1.4952535722908955,0.11838189178808114,-1.3324661660724515,0.07890380507604697,0.43478260869565216,0.1586826184292161,False,True,C:\Users\Owner\Desktop\Fall2023\CSE275\6D Pose\training_data_filtered\training_data\v2.2\1-46-7_color_kinect.png
2-72-13,pudding_box,51,z2|x2,188,1.4913778264092106,0.1439501,1.4913778264092106,0.14395010471343994,0.0,0.0,0.0,0.0,False,True,C:\Users\Owner\Desktop\Fall2023\CSE275\6D Pose\training_data_filtered\training_data\v2.2\2-72-13_color_kinect.png
2-51-3,mustard_bottle,42,z2,1101,1.4905675710811248,0.22407381,1.4905675710811248,0.22407381236553192,0.0,0.0,0.0,0.0,False,True,C:\Users\Owner\Desktop\Fall2023\CSE275\6D Pose\training_data_filtered\training_data\v2.2\2-51-3_color_kinect.png
1-42-6,cracker_box,14,z2|x2,172,2.6854406772410204,0.30030465,1.4904952290286937,0.21520457838606977,1.1949454482123267,0.08510007287430621,0.3980263157894737,0.16157153395817547,False,True,C:\Users\Owner\Desktop\Fall2023\CSE275\6D Pose\training_data_filtered\training_data\v2.2\1-42-6_color_kinect.png
2-2-13,cracker_box,14,z2|x2,185,1.1401521395368661,0.19683164,1.4877799732609898,0.11359565761151487,-0.34762783372412365,0.08323598596987551,0.4342105263157895,0.15985146541785356,False,True,C:\Users\Owner\Desktop\Fall2023\CSE275\6D Pose\training_data_filtered\training_data\v2.2\2-2-13_color_kinect.png
1-54-18,pudding_box,51,z2|x2,203,2.143031850840529,0.12000998,1.4858114452998148,0.1569685463993291,0.657220405540714,-0.03695856530353825,0.38440111420612816,0.17205882822520896,False,True,C:\Users\Owner\Desktop\Fall2023\CSE275\6D Pose\training_data_filtered\training_data\v2.2\1-54-18_color_kinect.png
2-70-5,sugar_box,55,z2|x2,308,1.4812329313086086,0.40684903,1.4812329313086086,0.4068490266799927,0.0,0.0,0.0,0.0,False,True,C:\Users\Owner\Desktop\Fall2023\CSE275\6D Pose\training_data_filtered\training_data\v2.2\2-70-5_color_kinect.png
1-79-2,gelatin_box,30,z2|x2,475,1.9787781191305551,0.3291154,1.4786491699672193,0.0974990830181316,0.5001289491633358,0.2316163077594563,0.321978021978022,0.17073456208812307,False,True,C:\Users\Owner\Desktop\Fall2023\CSE275\6D Pose\training_data_filtered\training_data\v2.2\1-79-2_color_kinect.png
2-23-8,gelatin_box,30,z2|x2,466,0.5323967919938637,0.22104034,1.4752480350946104,0.08674628595947563,-0.9428512431007467,0.13429405231834113,0.34285714285714286,0.15483655200429022,False,True,C:\Users\Owner\Desktop\Fall2023\CSE275\6D Pose\training_data_filtered\training_data\v2.2\2-23-8_color_kinect.png
1-87-20,gelatin_box,30,z2|x2,497,3.16944288225419,0.32805726,1.4733334735633445,0.1345226505502772,1.6961094086908453,0.19353460877093556,0.3384615384615385,0.16837133330698634,False,True,C:\Users\Owner\Desktop\Fall2023\CSE275\6D Pose\training_data_filtered\training_data\v2.2\1-87-20_color_kinect.png
2-47-11,jenga,35,z2|x2,507,5.497686744905066,0.58763295,1.4726415906329773,0.2160966266400529,4.025045154272089,0.3715363274805831,0.24953789279112754,0.16720334896631525,False,True,C:\Users\Owner\Desktop\Fall2023\CSE275\6D Pose\training_data_filtered\training_data\v2.2\2-47-11_color_kinect.png
2-26-12,mustard_bottle,42,z2,1068,1.469539328823055,0.18443862,1.469539328823055,0.18443861603736877,0.0,0.0,0.0,0.0,False,True,C:\Users\Owner\Desktop\Fall2023\CSE275\6D Pose\training_data_filtered\training_data\v2.2\2-26-12_color_kinect.png
2-78-13,pudding_box,51,z2|x2,217,1.7193261315533597,0.12655388,1.4694541168567021,0.1259057629925416,0.24987201469665754,0.0006481151955916309,0.39275766016713093,0.1757532828200024,False,True,C:\Users\Owner\Desktop\Fall2023\CSE275\6D Pose\training_data_filtered\training_data\v2.2\2-78-13_color_kinect.png
2-21-18,pudding_box,51,z2|x2,188,1.3515454490535255,0.08837796,1.4688006622370917,0.11285705770752025,-0.11725521318356624,-0.024479097681256057,0.4178272980501393,0.15394306021903953,False,True,C:\Users\Owner\Desktop\Fall2023\CSE275\6D Pose\training_data_filtered\training_data\v2.2\2-21-18_color_kinect.png
2-26-17,pudding_box,51,z2|x2,209,1.8634125548715168,0.11830036,1.4686529306427651,0.11760095498790973,0.39475962422875166,0.0006994084335303907,0.38997214484679665,0.17309106449912987,False,True,C:\Users\Owner\Desktop\Fall2023\CSE275\6D Pose\training_data_filtered\training_data\v2.2\2-26-17_color_kinect.png
2-90-11,e_lego_duplo,20,z2,253,2.0674256668737905,0.3158667,1.4676348325153459,0.14040648555823998,0.5997908343584446,0.17546022319725318,0.23316708229426433,0.17589142542396652,False,True,C:\Users\Owner\Desktop\Fall2023\CSE275\6D Pose\training_data_filtered\training_data\v2.2\2-90-11_color_kinect.png
2-75-4,bleach_cleanser,8,z2,1490,1.4670288170578771,0.07407765,1.4670288170578771,0.07407765090465546,0.0,0.0,0.0,0.0,False,True,C:\Users\Owner\Desktop\Fall2023\CSE275\6D Pose\training_data_filtered\training_data\v2.2\2-75-4_color_kinect.png
1-2-18,pudding_box,51,z2|x2,206,1.4193451399599417,0.12118026,1.4663328083498879,0.10241813605026164,-0.04698766838994617,0.018762122641049248,0.4233983286908078,0.1601679993531898,False,True,C:\Users\Owner\Desktop\Fall2023\CSE275\6D Pose\training_data_filtered\training_data\v2.2\1-2-18_color_kinect.png
2-69-12,wood_block,58,z2|y2|x4,554,1.465147107699737,0.21596047,1.465147107699737,0.21596047282218933,0.0,0.0,0.0,0.0,False,True,C:\Users\Owner\Desktop\Fall2023\CSE275\6D Pose\training_data_filtered\training_data\v2.2\2-69-12_color_kinect.png
2-29-1,bleach_cleanser,8,z2,1499,1.4632387162718385,0.29632095,1.4632387162718385,0.29632094502449036,0.0,0.0,0.0,0.0,False,True,C:\Users\Owner\Desktop\Fall2023\CSE275\6D Pose\training_data_filtered\training_data\v2.2\2-29-1_color_kinect.png
2-26-17,rubiks_cube,52,z4|x4|y4,435,7.167926037655037,0.23047924,1.4613702466626006,0.11980906827387286,5.706555790992436,0.11067017214360761,0.3314977973568282,0.1731156560364559,False,True,C:\Users\Owner\Desktop\Fall2023\CSE275\6D Pose\training_data_filtered\training_data\v2.2\2-26-17_color_kinect.png
2-36-15,tuna_fish_can,57,zinf|x2,132,0.1396160377069173,0.13718703,1.45624589938238,0.18155700912063077,-1.3166298616754626,-0.04436997522895292,0.4444444444444444,0.1683491941401384,False,True,C:\Users\Owner\Desktop\Fall2023\CSE275\6D Pose\training_data_filtered\training_data\v2.2\2-36-15_color_kinect.png
1-51-11,jenga,35,z2|x2,405,1.4521425065609386,0.88727224,1.4521425065609386,0.8872722387313843,0.0,0.0,0.0,0.0,False,True,C:\Users\Owner\Desktop\Fall2023\CSE275\6D Pose\training_data_filtered\training_data\v2.2\1-51-11_color_kinect.png
2-6-11,gelatin_box,30,z2|x2,536,3.158845977378089,0.23823215,1.4515296354968292,0.13731019049318488,1.7073163418812598,0.10092196018068139,0.36153846153846153,0.17357512058288313,False,True,C:\Users\Owner\Desktop\Fall2023\CSE275\6D Pose\training_data_filtered\training_data\v2.2\2-6-11_color_kinect.png
2-34-12,mustard_bottle,42,z2,1135,1.4437421945284457,0.26439127,1.4437421945284457,0.2643912732601166,0.0,0.0,0.0,0.0,False,True,C:\Users\Owner\Desktop\Fall2023\CSE275\6D Pose\training_data_filtered\training_data\v2.2\2-34-12_color_kinect.png
1-97-1,cracker_box,14,z2|x2,158,0.8955483952300984,0.14518899,1.4423081774154751,0.10724023790410185,-0.5467597821853767,0.037948749350994584,0.33881578947368424,0.16602986603207268,False,True,C:\Users\Owner\Desktop\Fall2023\CSE275\6D Pose\training_data_filtered\training_data\v2.2\1-97-1_color_kinect.png
1-4-10,pudding_box,51,z2|x2,216,3.215033283035215,0.12698299,1.4395182336424734,0.09628169031676649,1.7755150493927414,0.03070129661026598,0.403899721448468,0.17399137228997968,False,True,C:\Users\Owner\Desktop\Fall2023\CSE275\6D Pose\training_data_filtered\training_data\v2.2\1-4-10_color_kinect.png
2-52-12,bleach_cleanser,8,z2,1391,1.4395144995423228,0.27345923,1.4395144995423228,0.27345922589302063,0.0,0.0,0.0,0.0,False,True,C:\Users\Owner\Desktop\Fall2023\CSE275\6D Pose\training_data_filtered\training_data\v2.2\2-52-12_color_kinect.png
1-86-1,tuna_fish_can,57,zinf|x2,135,0.09347398730374043,0.05272252,1.4389358555056462,0.13964492990172084,-1.3454618682019057,-0.08692240877545054,0.42995169082125606,0.16013472654863903,False,True,C:\Users\Owner\Desktop\Fall2023\CSE275\6D Pose\training_data_filtered\training_data\v2.2\1-86-1_color_kinect.png
1-42-6,wood_block,58,z2|y2|x4,520,0.6867997817075624,0.0940442,1.4380085465250716,0.10672974781312693,-0.7512087648175092,-0.012685546737096196,0.32802547770700635,0.1729711304381898,False,True,C:\Users\Owner\Desktop\Fall2023\CSE275\6D Pose\training_data_filtered\training_data\v2.2\1-42-6_color_kinect.png
1-23-6,sugar_box,55,z2|x2,325,1.469142276912612,0.1126666,1.4353318357245264,0.14767499306604617,0.033810441188085516,-0.0350083936135506,0.3889908256880734,0.16654458324132335,False,True,C:\Users\Owner\Desktop\Fall2023\CSE275\6D Pose\training_data_filtered\training_data\v2.2\1-23-6_color_kinect.png
2-98-18,gelatin_box,30,z2|x2,535,1.4314946268605084,0.21750125,1.4314946268605084,0.21750125288963318,0.0,0.0,0.0,0.0,False,True,C:\Users\Owner\Desktop\Fall2023\CSE275\6D Pose\training_data_filtered\training_data\v2.2\2-98-18_color_kinect.png
2-21-18,d_toy_airplane,18,zinf,132,0.23455988370818248,0.14942063,1.4214375167627507,0.1197998498055347,-1.1868776330545683,0.029620784106551792,0.3375796178343949,0.16138798637011006,False,True,C:\Users\Owner\Desktop\Fall2023\CSE275\6D Pose\training_data_filtered\training_data\v2.2\2-21-18_color_kinect.png
1-49-19,pudding_box,51,z2|x2,209,2.221853552093485,0.04619914,1.4208418553059274,0.10000245538704111,0.8010116967875576,-0.053803316179439564,0.4233983286908078,0.16346980097878658,False,True,C:\Users\Owner\Desktop\Fall2023\CSE275\6D Pose\training_data_filtered\training_data\v2.2\1-49-19_color_kinect.png
2-84-0,cracker_box,14,z2|x2,179,1.4199494952248648,0.08905562,1.4199494952248648,0.0890556201338768,0.0,0.0,0.0,0.0,False,True,C:\Users\Owner\Desktop\Fall2023\CSE275\6D Pose\training_data_filtered\training_data\v2.2\2-84-0_color_kinect.png
2-30-8,gelatin_box,30,z2|x2,510,0.5837149786892785,0.19625056,1.4167120050914614,0.14820423634682164,-0.832997026402183,0.048046321552653454,0.33516483516483514,0.1760562205266546,False,True,C:\Users\Owner\Desktop\Fall2023\CSE275\6D Pose\training_data_filtered\training_data\v2.2\2-30-8_color_kinect.png
1-69-3,sugar_box,55,z2|x2,345,1.4152539162942692,0.16449767,1.4152539162942692,0.16449767351150513,0.0,0.0,0.0,0.0,False,True,C:\Users\Owner\Desktop\Fall2023\CSE275\6D Pose\training_data_filtered\training_data\v2.2\1-69-3_color_kinect.png
1-32-5,gelatin_box,30,z2|x2,498,1.4364314290215847,0.1496297,1.4111972657585117,0.10980269970769611,0.02523416326307304,0.039826997495940056,0.3505494505494505,0.17232509266062535,False,True,C:\Users\Owner\Desktop\Fall2023\CSE275\6D Pose\training_data_filtered\training_data\v2.2\1-32-5_color_kinect.png
2-59-12,tuna_fish_can,57,zinf|x2,129,0.1026221448329472,0.14206831,1.4099030164230397,0.11637641950040167,-1.3072808715900925,0.025691892071673217,0.4251207729468599,0.161727057297325,False,True,C:\Users\Owner\Desktop\Fall2023\CSE275\6D Pose\training_data_filtered\training_data\v2.2\2-59-12_color_kinect.png
2-8-3,gelatin_box,30,z2|x2,518,4.542472366248852,0.070798405,1.408976112310833,0.11944409893318181,3.1334962539380187,-0.04864569441839223,0.3362637362637363,0.17119052939747667,False,True,C:\Users\Owner\Desktop\Fall2023\CSE275\6D Pose\training_data_filtered\training_data\v2.2\2-8-3_color_kinect.png
1-26-17,sugar_box,55,z2|x2,276,1.4078873180423304,0.18924262,1.4078873180423304,0.18924261629581451,0.0,0.0,0.0,0.0,False,True,C:\Users\Owner\Desktop\Fall2023\CSE275\6D Pose\training_data_filtered\training_data\v2.2\1-26-17_color_kinect.png
2-90-11,cracker_box,14,z2|x2,175,1.4032100948276052,0.30878788,1.4032100948276052,0.30878788232803345,0.0,0.0,0.0,0.0,False,True,C:\Users\Owner\Desktop\Fall2023\CSE275\6D Pose\training_data_filtered\training_data\v2.2\2-90-11_color_kinect.png
1-95-11,cracker_box,14,z2|x2,203,1.1550789918893032,0.09465708,1.4018076250874674,0.14690848552429775,-0.24672863319816418,-0.05225140713894466,0.3782894736842105,0.16773738875926733,False,True,C:\Users\Owner\Desktop\Fall2023\CSE275\6D Pose\training_data_filtered\training_data\v2.2\1-95-11_color_kinect.png
1-90-2,gelatin_box,30,z2|x2,482,0.6617125677160848,0.05615044,1.4017798571493434,0.20339065941698714,-0.7400672894332586,-0.14724021929032965,0.3087912087912088,0.17519052124978973,False,True,C:\Users\Owner\Desktop\Fall2023\CSE275\6D Pose\training_data_filtered\training_data\v2.2\1-90-2_color_kinect.png
2-63-11,mustard_bottle,42,z2,925,1.4003763556864872,0.4371406,1.4003763556864872,0.4371406137943268,0.0,0.0,0.0,0.0,False,True,C:\Users\Owner\Desktop\Fall2023\CSE275\6D Pose\training_data_filtered\training_data\v2.2\2-63-11_color_kinect.png
2-84-0,e_lego_duplo,20,z2,268,1.356741248681316,0.52907336,1.3951666454287706,0.06292936710317032,-0.0384253967474546,0.46614399047892197,0.23815461346633415,0.17154398807671895,False,True,C:\Users\Owner\Desktop\Fall2023\CSE275\6D Pose\training_data_filtered\training_data\v2.2\2-84-0_color_kinect.png
2-68-12,gelatin_box,30,z2|x2,520,2.3823262391260442,0.14547832,1.3925037340270445,0.12529413832430583,0.9898225050989997,0.020184184777691544,0.3065934065934066,0.16952093790200512,False,True,C:\Users\Owner\Desktop\Fall2023\CSE275\6D Pose\training_data_filtered\training_data\v2.2\2-68-12_color_kinect.png
1-30-6,sugar_box,55,z2|x2,279,3.6478918479851696,0.33338276,1.3913832519928082,0.13041035436106835,2.2565085959923614,0.20297240115689125,0.3431192660550459,0.16702788993030643,False,True,C:\Users\Owner\Desktop\Fall2023\CSE275\6D Pose\training_data_filtered\training_data\v2.2\1-30-6_color_kinect.png
2-8-18,sugar_box,55,z2|x2,331,1.2856056183489095,0.084996745,1.3894994190441956,0.21053328311489422,-0.10389380069528609,-0.1255365381245454,0.3853211009174312,0.1718055727719736,False,True,C:\Users\Owner\Desktop\Fall2023\CSE275\6D Pose\training_data_filtered\training_data\v2.2\2-8-18_color_kinect.png
1-93-18,wood_block,58,z2|y2|x4,549,0.6166183139906726,0.27581432,1.3892053782316645,0.14144215757264197,-0.7725870642409919,0.1343721670447439,0.28450106157112526,0.17762112446910985,False,True,C:\Users\Owner\Desktop\Fall2023\CSE275\6D Pose\training_data_filtered\training_data\v2.2\1-93-18_color_kinect.png
2-7-10,gelatin_box,30,z2|x2,469,2.8175028619373808,0.115065046,1.3878028105849642,0.10805712294936441,1.4297000513524165,0.0070079227054093,0.3648351648351648,0.164535701621693,False,True,C:\Users\Owner\Desktop\Fall2023\CSE275\6D Pose\training_data_filtered\training_data\v2.2\2-7-10_color_kinect.png
2-7-9,e_lego_duplo,20,z2,387,1.25946071032215,0.13846129,1.3876965773378034,0.16520218278099486,-0.12823586701565337,-0.02674089099098631,0.29177057356608477,0.1716269486851243,False,True,C:\Users\Owner\Desktop\Fall2023\CSE275\6D Pose\training_data_filtered\training_data\v2.2\2-7-9_color_kinect.png
2-73-20,wood_block,58,z2|y2|x4,382,1.3864003257121036,0.39376462,1.3864003257121036,0.3937646150588989,0.0,0.0,0.0,0.0,False,True,C:\Users\Owner\Desktop\Fall2023\CSE275\6D Pose\training_data_filtered\training_data\v2.2\2-73-20_color_kinect.png
1-39-6,pudding_box,51,z2|x2,200,2.748013073881721,0.036756992,1.382031558685615,0.10138951656940404,1.365981515196106,-0.06463252422931615,0.4011142061281337,0.167541691139363,False,True,C:\Users\Owner\Desktop\Fall2023\CSE275\6D Pose\training_data_filtered\training_data\v2.2\1-39-6_color_kinect.png
2-80-6,potted_meat_can,48,z2|x2,858,1.3726693764825473,0.20061934,1.3726693764825473,0.20061933994293213,0.0,0.0,0.0,0.0,False,True,C:\Users\Owner\Desktop\Fall2023\CSE275\6D Pose\training_data_filtered\training_data\v2.2\2-80-6_color_kinect.png
2-23-6,bleach_cleanser,8,z2,1607,1.3722667899725094,0.20457697,1.3722667899725094,0.20457696914672852,0.0,0.0,0.0,0.0,False,True,C:\Users\Owner\Desktop\Fall2023\CSE275\6D Pose\training_data_filtered\training_data\v2.2\2-23-6_color_kinect.png
1-80-12,rubiks_cube,52,z4|x4|y4,507,1.4981389351468009,0.0993877,1.3685245489694013,0.0980718623542253,0.1296143861773995,0.0013158355212744277,0.33590308370044053,0.1770914529771507,False,True,C:\Users\Owner\Desktop\Fall2023\CSE275\6D Pose\training_data_filtered\training_data\v2.2\1-80-12_color_kinect.png
1-2-18,jenga,35,z2|x2,670,0.8973170711790724,0.123623945,1.3672657008871603,0.09414457799116696,-0.4699486297080878,0.02947936682780658,0.36044362292051757,0.1653140867090978,False,True,C:\Users\Owner\Desktop\Fall2023\CSE275\6D Pose\training_data_filtered\training_data\v2.2\1-2-18_color_kinect.png
1-74-12,tuna_fish_can,57,zinf|x2,131,0.06293967298183911,0.095044374,1.3663065986755065,0.14994830194942443,-1.3033669256936675,-0.05490392748348205,0.42028985507246375,0.16070549310870041,False,True,C:\Users\Owner\Desktop\Fall2023\CSE275\6D Pose\training_data_filtered\training_data\v2.2\1-74-12_color_kinect.png
2-6-3,gelatin_box,30,z2|x2,464,2.3019898961416807,0.3114951,1.3659896228641808,0.09782863638706078,0.9360002732774999,0.2136664591043485,0.3373626373626374,0.17324940529740038,False,True,C:\Users\Owner\Desktop\Fall2023\CSE275\6D Pose\training_data_filtered\training_data\v2.2\2-6-3_color_kinect.png
1-72-15,gelatin_box,30,z2|x2,463,4.145928527281354,0.22397757,1.3576363878301907,0.09070032031901865,2.7882921394511637,0.1332772454463622,0.31758241758241756,0.1706882680695296,False,True,C:\Users\Owner\Desktop\Fall2023\CSE275\6D Pose\training_data_filtered\training_data\v2.2\1-72-15_color_kinect.png
2-8-18,bleach_cleanser,8,z2,1485,1.3568324426524292,0.18281135,1.3568324426524292,0.18281134963035583,0.0,0.0,0.0,0.0,False,True,C:\Users\Owner\Desktop\Fall2023\CSE275\6D Pose\training_data_filtered\training_data\v2.2\2-8-18_color_kinect.png
2-29-1,gelatin_box,30,z2|x2,314,6.709471664787427,0.52414757,1.3486407701786849,0.13187117784141383,5.360830894608742,0.3922763922917954,0.23956043956043957,0.16582106293400478,False,True,C:\Users\Owner\Desktop\Fall2023\CSE275\6D Pose\training_data_filtered\training_data\v2.2\2-29-1_color_kinect.png
1-13-7,wood_block,58,z2|y2|x4,589,1.3478964486846454,0.15398873,1.3478964486846454,0.15398873388767242,0.0,0.0,0.0,0.0,False,True,C:\Users\Owner\Desktop\Fall2023\CSE275\6D Pose\training_data_filtered\training_data\v2.2\1-13-7_color_kinect.png
2-36-15,nine_hole_peg_test,43,no,335,0.21875946666602367,0.07121786,1.344933120126455,0.11493271868352954,-1.1261736534604312,-0.04371486138229434,0.38047138047138046,0.17074763715764085,False,True,C:\Users\Owner\Desktop\Fall2023\CSE275\6D Pose\training_data_filtered\training_data\v2.2\2-36-15_color_kinect.png
2-9-10,sugar_box,55,z2|x2,323,1.9857785302339286,0.21988761,1.344793330172781,0.10177155395590363,0.6409852000611476,0.11811606029427947,0.3871559633027523,0.17183770822884156,False,True,C:\Users\Owner\Desktop\Fall2023\CSE275\6D Pose\training_data_filtered\training_data\v2.2\2-9-10_color_kinect.png
2-93-1,gelatin_box,30,z2|x2,545,1.344582289053117,0.2039777,1.344582289053117,0.20397770404815674,0.0,0.0,0.0,0.0,False,True,C:\Users\Owner\Desktop\Fall2023\CSE275\6D Pose\training_data_filtered\training_data\v2.2\2-93-1_color_kinect.png
2-10-19,tuna_fish_can,57,zinf|x2,129,0.10774415793172691,0.16509579,1.3421986659244893,0.13255855851799997,-1.2344545079927625,0.03253723270266501,0.45410628019323673,0.15454701304043614,False,True,C:\Users\Owner\Desktop\Fall2023\CSE275\6D Pose\training_data_filtered\training_data\v2.2\2-10-19_color_kinect.png
1-49-20,tuna_fish_can,57,zinf|x2,132,0.08262211302440763,0.15482202,1.3413903908469738,0.16870873467765626,-1.2587682778225662,-0.013886712954862684,0.46859903381642515,0.16456235448791387,False,True,C:\Users\Owner\Desktop\Fall2023\CSE275\6D Pose\training_data_filtered\training_data\v2.2\1-49-20_color_kinect.png
1-34-8,gelatin_box,30,z2|x2,446,1.142948855127959,0.32296804,1.337985232999859,0.10625511795753295,-0.19503637787189998,0.21671291797882264,0.3208791208791209,0.17091312326933225,False,True,C:\Users\Owner\Desktop\Fall2023\CSE275\6D Pose\training_data_filtered\training_data\v2.2\1-34-8_color_kinect.png
2-74-5,wood_block,58,z2|y2|x4,493,1.0487245889110608,0.20515634,1.3362500554961143,0.20047382763721935,-0.2875254665850535,0.004682513557887152,0.27388535031847133,0.17025792921551008,False,True,C:\Users\Owner\Desktop\Fall2023\CSE275\6D Pose\training_data_filtered\training_data\v2.2\2-74-5_color_kinect.png
2-60-7,cracker_box,14,z2|x2,199,1.9878098395579604,0.15356906,1.3348557176322497,0.13467355899815986,0.6529541219257107,0.01889549858564904,0.4342105263157895,0.16696218662560733,False,True,C:\Users\Owner\Desktop\Fall2023\CSE275\6D Pose\training_data_filtered\training_data\v2.2\2-60-7_color_kinect.png
2-22-1,d_toy_airplane,18,zinf,131,1.2002750675163265,0.03360286,1.3348093429557786,0.1766118697449016,-0.13453427543945207,-0.14300900992000573,0.3503184713375796,0.16639885229447982,False,True,C:\Users\Owner\Desktop\Fall2023\CSE275\6D Pose\training_data_filtered\training_data\v2.2\2-22-1_color_kinect.png
2-98-18,wood_block,58,z2|y2|x4,464,4.407170197768858,0.19079898,1.334161351905378,0.15245720158213763,3.07300884586348,0.038341781395729496,0.30148619957537154,0.1652741942795214,False,True,C:\Users\Owner\Desktop\Fall2023\CSE275\6D Pose\training_data_filtered\training_data\v2.2\2-98-18_color_kinect.png
2-17-9,c_toy_airplane,13,zinf,183,0.1468339657439481,0.042562086,1.330586739583878,0.23395128078615252,-1.1837527738399298,-0.1913891946510035,0.34805194805194806,0.17880342080633316,False,True,C:\Users\Owner\Desktop\Fall2023\CSE275\6D Pose\training_data_filtered\training_data\v2.2\2-17-9_color_kinect.png
2-94-3,mustard_bottle,42,z2,915,0.7671506478880252,0.30296302,1.3287993977398262,0.1700833387875654,-0.561648749851801,0.132879679629793,0.22648752399232247,0.17354470699479854,False,True,C:\Users\Owner\Desktop\Fall2023\CSE275\6D Pose\training_data_filtered\training_data\v2.2\2-94-3_color_kinect.png
2-23-6,mustard_bottle,42,z2,1055,1.3254260053772537,0.14670146,1.3254260053772537,0.14670145511627197,0.0,0.0,0.0,0.0,False,True,C:\Users\Owner\Desktop\Fall2023\CSE275\6D Pose\training_data_filtered\training_data\v2.2\2-23-6_color_kinect.png
2-7-18,cracker_box,14,z2|x2,192,1.5446985090222851,0.10735658,1.321696252188158,0.12158019586352177,0.22300225683412722,-0.01422361775187321,0.3881578947368421,0.16442902311332988,False,True,C:\Users\Owner\Desktop\Fall2023\CSE275\6D Pose\training_data_filtered\training_data\v2.2\2-7-18_color_kinect.png
1-53-6,potted_meat_can,48,z2|x2,682,3.095466663899471,0.16859408,1.3163944504143401,0.1201361887621553,1.779072213485131,0.048457888467344515,0.29245283018867924,0.17576681805102315,False,True,C:\Users\Owner\Desktop\Fall2023\CSE275\6D Pose\training_data_filtered\training_data\v2.2\1-53-6_color_kinect.png
2-64-20,wood_block,58,z2|y2|x4,546,1.3162621740932234,0.24363029,1.3162621740932234,0.2436302900314331,0.0,0.0,0.0,0.0,False,True,C:\Users\Owner\Desktop\Fall2023\CSE275\6D Pose\training_data_filtered\training_data\v2.2\2-64-20_color_kinect.png
2-23-8,wood_block,58,z2|y2|x4,246,1.0659772350159085,0.56365335,1.3158638241131877,0.13899666633186275,-0.24988658909727923,0.42465668354454106,0.15392781316348195,0.16008090670631342,False,True,C:\Users\Owner\Desktop\Fall2023\CSE275\6D Pose\training_data_filtered\training_data\v2.2\2-23-8_color_kinect.png
2-4-5,e_lego_duplo,20,z2,374,0.48526531915599164,0.22704378,1.3150498864612756,0.06867044237137684,-0.8297845673052839,0.15837333533286205,0.30174563591022446,0.16754266983630728,False,True,C:\Users\Owner\Desktop\Fall2023\CSE275\6D Pose\training_data_filtered\training_data\v2.2\2-4-5_color_kinect.png
2-1-6,cracker_box,14,z2|x2,181,3.468009213756641,0.25282636,1.3111398570536799,0.11464480485796057,2.1568693567029613,0.13818155799032128,0.40789473684210525,0.17095135828723876,False,True,C:\Users\Owner\Desktop\Fall2023\CSE275\6D Pose\training_data_filtered\training_data\v2.2\2-1-6_color_kinect.png
2-77-11,potted_meat_can,48,z2|x2,744,1.3070406342184666,0.43046963,1.3070406342184666,0.4304696321487427,0.0,0.0,0.0,0.0,False,True,C:\Users\Owner\Desktop\Fall2023\CSE275\6D Pose\training_data_filtered\training_data\v2.2\2-77-11_color_kinect.png
2-71-10,wood_block,58,z2|y2|x4,536,0.42370064259382273,0.15761408,1.306726396435928,0.16359810424171067,-0.8830257538421051,-0.005984022143703471,0.3205944798301486,0.16967117840613685,False,True,C:\Users\Owner\Desktop\Fall2023\CSE275\6D Pose\training_data_filtered\training_data\v2.2\2-71-10_color_kinect.png
1-19-1,tuna_fish_can,57,zinf|x2,130,0.1529026800841289,0.10059648,1.3022813774675939,0.1653360253919691,-1.149378697383465,-0.06473954532042445,0.43478260869565216,0.15732563886109224,False,True,C:\Users\Owner\Desktop\Fall2023\CSE275\6D Pose\training_data_filtered\training_data\v2.2\1-19-1_color_kinect.png
2-98-20,pudding_box,51,z2|x2,226,1.3602486830516929,0.092814095,1.2975273060577583,0.10904809239674779,0.06272137699393454,-0.016233997078430373,0.46518105849582175,0.16587822042550623,False,True,C:\Users\Owner\Desktop\Fall2023\CSE275\6D Pose\training_data_filtered\training_data\v2.2\2-98-20_color_kinect.png
2-72-13,gelatin_box,30,z2|x2,562,4.263897166813078,0.17447823,1.291354390084457,0.2245699707806123,2.9725427767286208,-0.05009173792004712,0.31648351648351647,0.17454514885673814,False,True,C:\Users\Owner\Desktop\Fall2023\CSE275\6D Pose\training_data_filtered\training_data\v2.2\2-72-13_color_kinect.png
1-57-12,gelatin_box,30,z2|x2,464,2.260181919816903,0.10149556,1.2907663030898666,0.09808508509654178,0.9694156167270362,0.0034104714367948624,0.34175824175824177,0.16552795971145748,False,True,C:\Users\Owner\Desktop\Fall2023\CSE275\6D Pose\training_data_filtered\training_data\v2.2\1-57-12_color_kinect.png
1-30-6,pudding_box,51,z2|x2,186,4.048351721358728,0.24070919,1.2900010116428051,0.1104369378402621,2.7583507097159226,0.13027224776001867,0.3816155988857939,0.1707060792452586,False,True,C:\Users\Owner\Desktop\Fall2023\CSE275\6D Pose\training_data_filtered\training_data\v2.2\1-30-6_color_kinect.png
2-45-5,tuna_fish_can,57,zinf|x2,104,0.9197334087975559,0.34250858,1.289801469450637,0.36659062266281667,-0.37006806065308107,-0.024082038401876116,0.3140096618357488,0.17327569670777884,False,True,C:\Users\Owner\Desktop\Fall2023\CSE275\6D Pose\training_data_filtered\training_data\v2.2\2-45-5_color_kinect.png
2-14-17,tuna_fish_can,57,zinf|x2,125,0.10235371599268789,0.15637566,1.2865475772269863,0.11981205994202304,-1.1841938612342984,0.036563601550324676,0.3961352657004831,0.16444617317925012,False,True,C:\Users\Owner\Desktop\Fall2023\CSE275\6D Pose\training_data_filtered\training_data\v2.2\2-14-17_color_kinect.png
1-86-1,gelatin_box,30,z2|x2,496,1.0128571753596318,0.020467008,1.2864565661420175,0.10583422238270587,-0.2735993907823857,-0.08536721484999008,0.3813186813186813,0.17147025031569327,False,True,C:\Users\Owner\Desktop\Fall2023\CSE275\6D Pose\training_data_filtered\training_data\v2.2\1-86-1_color_kinect.png
2-70-3,gelatin_box,30,z2|x2,400,1.7642611278002271,0.1743664,1.285935284711428,0.10677725368520585,0.4783258430887991,0.0675891459605995,0.2868131868131868,0.16772375929706598,False,True,C:\Users\Owner\Desktop\Fall2023\CSE275\6D Pose\training_data_filtered\training_data\v2.2\2-70-3_color_kinect.png
1-19-18,rubiks_cube,52,z4|x4|y4,459,0.9066506692253994,0.07447242,1.2859225715288132,0.1167993512008716,-0.3792719023034138,-0.04232693128328814,0.34030837004405284,0.1718753615469233,False,True,C:\Users\Owner\Desktop\Fall2023\CSE275\6D Pose\training_data_filtered\training_data\v2.2\1-19-18_color_kinect.png
1-57-12,potted_meat_can,48,z2|x2,773,1.2855953325833018,0.2036264,1.2855953325833018,0.20362639427185059,0.0,0.0,0.0,0.0,False,True,C:\Users\Owner\Desktop\Fall2023\CSE275\6D Pose\training_data_filtered\training_data\v2.2\1-57-12_color_kinect.png
1-15-15,pudding_box,51,z2|x2,207,2.021342666110982,0.072151884,1.2854185799375826,0.1103437428050899,0.7359240861733995,-0.038191858368482545,0.39275766016713093,0.16870163203860875,False,True,C:\Users\Owner\Desktop\Fall2023\CSE275\6D Pose\training_data_filtered\training_data\v2.2\1-15-15_color_kinect.png
2-79-3,wood_block,58,z2|y2|x4,507,2.5821845418879503,0.19528422,1.2836225472228124,0.17871742342027672,1.2985619946651379,0.01656679417577736,0.32802547770700635,0.1704604162028303,False,True,C:\Users\Owner\Desktop\Fall2023\CSE275\6D Pose\training_data_filtered\training_data\v2.2\2-79-3_color_kinect.png
2-37-7,tuna_fish_can,57,zinf|x2,139,0.11846377997576177,0.21119681,1.2726409480596017,0.16289161315053496,-1.15417716808384,0.04830519685656037,0.45893719806763283,0.17112436084737911,False,True,C:\Users\Owner\Desktop\Fall2023\CSE275\6D Pose\training_data_filtered\training_data\v2.2\2-37-7_color_kinect.png
1-53-6,jenga,35,z2|x2,648,1.8258589727454224,0.07463308,1.272498014245935,0.097210527954328,0.5533609584994874,-0.022577451167333062,0.3613678373382625,0.16580348132603787,False,True,C:\Users\Owner\Desktop\Fall2023\CSE275\6D Pose\training_data_filtered\training_data\v2.2\1-53-6_color_kinect.png
2-38-4,tuna_fish_can,57,zinf|x2,127,0.06588325534397724,0.08618216,1.2714740990778883,0.16862838664691654,-1.2055908437339111,-0.08244622448127475,0.4396135265700483,0.16000251377260563,False,True,C:\Users\Owner\Desktop\Fall2023\CSE275\6D Pose\training_data_filtered\training_data\v2.2\2-38-4_color_kinect.png
1-14-7,pudding_box,51,z2|x2,202,3.8399421582896127,0.053681765,1.2703011121792025,0.17660304121343504,2.5696410461104104,-0.12292127646176229,0.3732590529247911,0.17395867920706976,False,True,C:\Users\Owner\Desktop\Fall2023\CSE275\6D Pose\training_data_filtered\training_data\v2.2\1-14-7_color_kinect.png
2-29-1,rubiks_cube,52,z4|x4|y4,452,8.142923209249242,0.12256166,1.2699592855240054,0.1573824693076263,6.872963923725236,-0.03482080591842038,0.2918502202643172,0.1665692087782905,False,True,C:\Users\Owner\Desktop\Fall2023\CSE275\6D Pose\training_data_filtered\training_data\v2.2\2-29-1_color_kinect.png
1-80-12,tuna_fish_can,57,zinf|x2,128,0.12447510464010848,0.24956663,1.2685904351683597,0.1489083129561163,-1.1441153305282512,0.10065831657288302,0.45893719806763283,0.16282223406064827,False,True,C:\Users\Owner\Desktop\Fall2023\CSE275\6D Pose\training_data_filtered\training_data\v2.2\1-80-12_color_kinect.png
2-13-10,mustard_bottle,42,z2,1069,1.2669138912018265,0.1117776,1.2669138912018265,0.11177760362625122,0.0,0.0,0.0,0.0,False,True,C:\Users\Owner\Desktop\Fall2023\CSE275\6D Pose\training_data_filtered\training_data\v2.2\2-13-10_color_kinect.png
2-45-5,cracker_box,14,z2|x2,180,0.9713623060790169,0.12719625,1.2639488707978115,0.12528409141768565,-0.29258656471879463,0.0019121609283531682,0.4144736842105263,0.16997478234427574,False,True,C:\Users\Owner\Desktop\Fall2023\CSE275\6D Pose\training_data_filtered\training_data\v2.2\2-45-5_color_kinect.png
1-6-13,wood_block,58,z2|y2|x4,523,0.8473939534724668,0.04915499,1.2623755722454983,0.09377883022985103,-0.4149816187730315,-0.04462384080848339,0.3333333333333333,0.17175734023545225,False,True,C:\Users\Owner\Desktop\Fall2023\CSE275\6D Pose\training_data_filtered\training_data\v2.2\1-6-13_color_kinect.png
2-86-18,e_lego_duplo,20,z2,338,0.7935429542071413,0.22383393,1.2606955462077574,0.22253967910539615,-0.4671525920006161,0.0012942543672372075,0.2880299251870324,0.17565309204493273,False,True,C:\Users\Owner\Desktop\Fall2023\CSE275\6D Pose\training_data_filtered\training_data\v2.2\2-86-18_color_kinect.png
2-8-3,tuna_fish_can,57,zinf|x2,131,0.1459828471629276,0.3494644,1.2576458739723704,0.32693042297341124,-1.1116630268094427,0.022533963728172623,0.40096618357487923,0.15773745371093859,False,True,C:\Users\Owner\Desktop\Fall2023\CSE275\6D Pose\training_data_filtered\training_data\v2.2\2-8-3_color_kinect.png
2-78-13,potted_meat_can,48,z2|x2,798,1.2561918809519017,0.13780746,1.2561918809519017,0.1378074586391449,0.0,0.0,0.0,0.0,False,True,C:\Users\Owner\Desktop\Fall2023\CSE275\6D Pose\training_data_filtered\training_data\v2.2\2-78-13_color_kinect.png
1-20-8,wood_block,58,z2|y2|x4,388,1.2561873085237882,0.17499216,1.2561873085237882,0.1749921590089798,0.0,0.0,0.0,0.0,False,True,C:\Users\Owner\Desktop\Fall2023\CSE275\6D Pose\training_data_filtered\training_data\v2.2\1-20-8_color_kinect.png
1-44-19,tuna_fish_can,57,zinf|x2,126,0.1270312928755512,0.033500053,1.2560997264047695,0.12102766536018422,-1.1290684335292183,-0.08752761237165502,0.45410628019323673,0.1603583262901636,False,True,C:\Users\Owner\Desktop\Fall2023\CSE275\6D Pose\training_data_filtered\training_data\v2.2\1-44-19_color_kinect.png
2-70-3,wood_block,58,z2|y2|x4,555,0.5620308492830713,0.17657177,1.254315516195816,0.10459257788339904,-0.6922846669127446,0.07197919361909577,0.3205944798301486,0.17021791640862294,False,True,C:\Users\Owner\Desktop\Fall2023\CSE275\6D Pose\training_data_filtered\training_data\v2.2\2-70-3_color_kinect.png
1-23-6,cracker_box,14,z2|x2,203,2.332136578344255,0.15088494,1.2533772234534566,0.13924788830054083,1.0787593548907983,0.01163705291974268,0.4473684210526316,0.17433242897105825,False,True,C:\Users\Owner\Desktop\Fall2023\CSE275\6D Pose\training_data_filtered\training_data\v2.2\1-23-6_color_kinect.png
1-12-2,wood_block,58,z2|y2|x4,521,1.2506082829598666,0.19207534,1.2506082829598666,0.19207534193992615,0.0,0.0,0.0,0.0,False,True,C:\Users\Owner\Desktop\Fall2023\CSE275\6D Pose\training_data_filtered\training_data\v2.2\1-12-2_color_kinect.png
2-52-12,rubiks_cube,52,z4|x4|y4,431,8.267080874127693,0.22288246,1.2488751234540103,0.14011201902268172,7.018205750673682,0.08277044550540208,0.33259911894273125,0.17204987043506348,False,True,C:\Users\Owner\Desktop\Fall2023\CSE275\6D Pose\training_data_filtered\training_data\v2.2\2-52-12_color_kinect.png
2-100-13,wood_block,58,z2|y2|x4,575,1.2443392072722521,0.28010198,1.2443392072722521,0.2801019847393036,0.0,0.0,0.0,0.0,False,True,C:\Users\Owner\Desktop\Fall2023\CSE275\6D Pose\training_data_filtered\training_data\v2.2\2-100-13_color_kinect.png
2-69-10,tuna_fish_can,57,zinf|x2,128,0.22172798530553128,0.09348928,1.2438548945913395,0.15267145942604532,-1.022126909285808,-0.059182177592873475,0.42995169082125606,0.16100148975557893,False,True,C:\Users\Owner\Desktop\Fall2023\CSE275\6D Pose\training_data_filtered\training_data\v2.2\2-69-10_color_kinect.png
1-19-18,tuna_fish_can,57,zinf|x2,126,0.10767861112459703,0.16605505,1.2432101580079136,0.13899009067362894,-1.1355315468833165,0.02706496279888998,0.45893719806763283,0.16636939260973627,False,True,C:\Users\Owner\Desktop\Fall2023\CSE275\6D Pose\training_data_filtered\training_data\v2.2\1-19-18_color_kinect.png
1-2-18,wood_block,58,z2|y2|x4,529,1.2430925929056822,0.11216481,1.2430925929056822,0.11216481029987335,0.0,0.0,0.0,0.0,False,True,C:\Users\Owner\Desktop\Fall2023\CSE275\6D Pose\training_data_filtered\training_data\v2.2\1-2-18_color_kinect.png
1-78-20,gelatin_box,30,z2|x2,473,2.2938213576740463,0.28527477,1.2421829294194182,0.17115424975155746,1.051638428254628,0.1141205240845784,0.3373626373626374,0.1730798219548906,False,True,C:\Users\Owner\Desktop\Fall2023\CSE275\6D Pose\training_data_filtered\training_data\v2.2\1-78-20_color_kinect.png
2-70-5,tuna_fish_can,57,zinf|x2,126,0.1325520956329969,0.09255719,1.2371730588248415,0.16340955573009688,-1.1046209631918447,-0.070852363881342,0.4057971014492754,0.16071537314229078,False,True,C:\Users\Owner\Desktop\Fall2023\CSE275\6D Pose\training_data_filtered\training_data\v2.2\2-70-5_color_kinect.png
2-93-13,prism,50,z2,301,2.2686037675640445,0.15802431,1.2358935320989444,0.18262088702093304,1.0327102354651,-0.024596575955259214,0.45544554455445546,0.16906373777207243,False,True,C:\Users\Owner\Desktop\Fall2023\CSE275\6D Pose\training_data_filtered\training_data\v2.2\2-93-13_color_kinect.png
1-9-4,jenga,35,z2|x2,559,0.3689984282619008,0.25467408,1.2294232285652311,0.15335034200395672,-0.8604248003033304,0.10132373503003986,0.3317929759704251,0.14854845788083104,False,True,C:\Users\Owner\Desktop\Fall2023\CSE275\6D Pose\training_data_filtered\training_data\v2.2\1-9-4_color_kinect.png
1-8-1,wood_block,58,z2|y2|x4,570,0.6284268581574153,0.076392114,1.2290276139925695,0.09274857023692477,-0.6006007558351543,-0.016356456074479706,0.3248407643312102,0.1705295905823221,False,True,C:\Users\Owner\Desktop\Fall2023\CSE275\6D Pose\training_data_filtered\training_data\v2.2\1-8-1_color_kinect.png
1-6-5,wood_block,58,z2|y2|x4,582,1.9224654346337258,0.29581863,1.224008978384093,0.16117225886782766,0.6984564562496327,0.1346463680128181,0.3343949044585987,0.17534804167728038,False,True,C:\Users\Owner\Desktop\Fall2023\CSE275\6D Pose\training_data_filtered\training_data\v2.2\1-6-5_color_kinect.png
2-14-17,rubiks_cube,52,z4|x4|y4,460,8.628114757479178,0.24666707,1.22171581589202,0.14700215942028907,7.406398941587158,0.09966491275664421,0.3447136563876652,0.17838330420079584,False,True,C:\Users\Owner\Desktop\Fall2023\CSE275\6D Pose\training_data_filtered\training_data\v2.2\2-14-17_color_kinect.png
2-38-4,d_toy_airplane,18,zinf,133,1.2209787374287122,0.045707244,1.2209787374287122,0.04570724442601204,0.0,0.0,0.0,0.0,False,True,C:\Users\Owner\Desktop\Fall2023\CSE275\6D Pose\training_data_filtered\training_data\v2.2\2-38-4_color_kinect.png
2-17-9,tuna_fish_can,57,zinf|x2,127,0.05778094705265274,0.13907206,1.2187461863761628,0.16253446129464227,-1.1609652393235101,-0.0234624007096203,0.463768115942029,0.1666604399899288,False,True,C:\Users\Owner\Desktop\Fall2023\CSE275\6D Pose\training_data_filtered\training_data\v2.2\2-17-9_color_kinect.png
2-74-10,gelatin_box,30,z2|x2,531,1.0646683264426644,0.15481825,1.2163960109963214,0.15427276238721535,-0.15172768455365704,0.0005454893417961848,0.321978021978022,0.1746586988372176,False,True,C:\Users\Owner\Desktop\Fall2023\CSE275\6D Pose\training_data_filtered\training_data\v2.2\2-74-10_color_kinect.png
2-37-7,nine_hole_peg_test,43,no,296,1.0940405341653718,0.25359848,1.2144865385480155,0.11999830882126457,-0.12044600438264363,0.13360017259543772,0.30303030303030304,0.17360707524524774,False,True,C:\Users\Owner\Desktop\Fall2023\CSE275\6D Pose\training_data_filtered\training_data\v2.2\2-37-7_color_kinect.png
2-55-10,jenga,35,z2|x2,673,1.2122458681003683,0.07632397,1.2122458681003683,0.0763239711523056,0.0,0.0,0.0,0.0,False,True,C:\Users\Owner\Desktop\Fall2023\CSE275\6D Pose\training_data_filtered\training_data\v2.2\2-55-10_color_kinect.png
1-61-12,sugar_box,55,z2|x2,314,1.4913021724130153,0.1266697,1.2096170755363127,0.3998038958600617,0.2816850968767026,-0.2731341909459687,0.3559633027522936,0.14182315087550787,False,True,C:\Users\Owner\Desktop\Fall2023\CSE275\6D Pose\training_data_filtered\training_data\v2.2\1-61-12_color_kinect.png
2-9-10,gelatin_box,30,z2|x2,515,1.947446668362884,0.16536027,1.2085571815372056,0.14534460953312323,0.7388894868256783,0.020015662397571354,0.33186813186813185,0.1755370687621838,False,True,C:\Users\Owner\Desktop\Fall2023\CSE275\6D Pose\training_data_filtered\training_data\v2.2\2-9-10_color_kinect.png
2-32-19,nine_hole_peg_test,43,no,300,1.207951476002505,0.15116094,1.207951476002505,0.15116094052791595,0.0,0.0,0.0,0.0,False,True,C:\Users\Owner\Desktop\Fall2023\CSE275\6D Pose\training_data_filtered\training_data\v2.2\2-32-19_color_kinect.png
2-18-8,g_lego_duplo,29,z2,398,2.0611987460187007,0.1288186,1.2056651826502396,0.22432535501407014,0.8555335633684611,-0.09550675364421235,0.3574938574938575,0.17130467173445255,False,True,C:\Users\Owner\Desktop\Fall2023\CSE275\6D Pose\training_data_filtered\training_data\v2.2\2-18-8_color_kinect.png
2-7-9,tuna_fish_can,57,zinf|x2,130,0.10505998685576869,0.04137024,1.205352516055901,0.12632728117122077,-1.1002925292001324,-0.08495704206241989,0.40096618357487923,0.16316144407160574,False,True,C:\Users\Owner\Desktop\Fall2023\CSE275\6D Pose\training_data_filtered\training_data\v2.2\2-7-9_color_kinect.png
2-14-14,tuna_fish_can,57,zinf|x2,131,0.11737628675868098,0.015277015,1.2043410951025741,0.14222234604487677,-1.0869648083438932,-0.12694533099959154,0.42028985507246375,0.1704954194969215,False,True,C:\Users\Owner\Desktop\Fall2023\CSE275\6D Pose\training_data_filtered\training_data\v2.2\2-14-14_color_kinect.png
1-32-1,gelatin_box,30,z2|x2,422,2.98859666370785,0.24676666,1.2030216360411818,0.14026436808718803,1.785575027666668,0.10650228855000374,0.2846153846153846,0.1710125414982227,False,True,C:\Users\Owner\Desktop\Fall2023\CSE275\6D Pose\training_data_filtered\training_data\v2.2\1-32-1_color_kinect.png
2-80-11,bleach_cleanser,8,z2,1228,2.859966080308855,1.0650735,1.202739880438704,0.10156993002752479,1.6572261998701512,0.9635035601152975,0.26313868613138686,0.16570988694061212,False,True,C:\Users\Owner\Desktop\Fall2023\CSE275\6D Pose\training_data_filtered\training_data\v2.2\2-80-11_color_kinect.png
2-32-19,gelatin_box,30,z2|x2,552,0.7219755697725639,0.24446838,1.2004732173198298,0.16334359553714214,-0.47849764754726587,0.08112478050331653,0.3637362637362637,0.17115366484895408,False,True,C:\Users\Owner\Desktop\Fall2023\CSE275\6D Pose\training_data_filtered\training_data\v2.2\2-32-19_color_kinect.png
1-19-1,pudding_box,51,z2|x2,219,2.2472156290467136,0.11013763,1.2003548072112058,0.1185680977499422,1.0468608218355078,-0.008430471221202274,0.415041782729805,0.1751638907236796,False,True,C:\Users\Owner\Desktop\Fall2023\CSE275\6D Pose\training_data_filtered\training_data\v2.2\1-19-1_color_kinect.png
2-11-1,bleach_cleanser,8,z2,1503,1.199103569328037,0.25432,1.199103569328037,0.2543199956417084,0.0,0.0,0.0,0.0,False,True,C:\Users\Owner\Desktop\Fall2023\CSE275\6D Pose\training_data_filtered\training_data\v2.2\2-11-1_color_kinect.png
2-73-20,bleach_cleanser,8,z2,1526,1.1973625999735054,0.26759014,1.1973625999735054,0.26759013533592224,0.0,0.0,0.0,0.0,False,True,C:\Users\Owner\Desktop\Fall2023\CSE275\6D Pose\training_data_filtered\training_data\v2.2\2-73-20_color_kinect.png
1-86-9,gelatin_box,30,z2|x2,522,0.6953708064147335,0.09813847,1.1967629883901272,0.14816988035489126,-0.5013921819753937,-0.050031413877497155,0.33076923076923076,0.17074526483933683,False,True,C:\Users\Owner\Desktop\Fall2023\CSE275\6D Pose\training_data_filtered\training_data\v2.2\1-86-9_color_kinect.png
1-82-18,wood_block,58,z2|y2|x4,523,2.016171007206735,0.097543836,1.1966239418633413,0.12054344460039025,0.8195470653433938,-0.022999608960436638,0.3375796178343949,0.17276325530397085,False,True,C:\Users\Owner\Desktop\Fall2023\CSE275\6D Pose\training_data_filtered\training_data\v2.2\1-82-18_color_kinect.png
2-93-13,wood_block,58,z2|y2|x4,569,0.5082656970844265,0.14669432,1.194677678590876,0.09888381143481956,-0.6864119815064494,0.04781050602524056,0.3078556263269639,0.17131910505882303,False,True,C:\Users\Owner\Desktop\Fall2023\CSE275\6D Pose\training_data_filtered\training_data\v2.2\2-93-13_color_kinect.png
2-19-6,rubiks_cube,52,z4|x4|y4,422,1.1941373395782258,0.1997401,1.1941373395782258,0.19974009692668915,0.0,0.0,0.0,0.0,False,True,C:\Users\Owner\Desktop\Fall2023\CSE275\6D Pose\training_data_filtered\training_data\v2.2\2-19-6_color_kinect.png
1-41-5,tuna_fish_can,57,zinf|x2,127,0.10507174223667133,0.06946779,1.192037798391125,0.13650136859955656,-1.0869660561544536,-0.0670335781747328,0.45410628019323673,0.1783613709572721,False,True,C:\Users\Owner\Desktop\Fall2023\CSE275\6D Pose\training_data_filtered\training_data\v2.2\1-41-5_color_kinect.png
1-83-6,gelatin_box,30,z2|x2,529,2.0413708831204262,0.14589427,1.18699195202426,0.1384726947785774,0.8543789310961662,0.007421579336985035,0.35714285714285715,0.17444976770381085,False,True,C:\Users\Owner\Desktop\Fall2023\CSE275\6D Pose\training_data_filtered\training_data\v2.2\1-83-6_color_kinect.png
1-87-20,wood_block,58,z2|y2|x4,457,0.5383934483536446,0.6287912,1.1852826702103012,0.08924537198332798,-0.6468892218566566,0.5395458410522556,0.28768577494692144,0.16501408377395696,False,True,C:\Users\Owner\Desktop\Fall2023\CSE275\6D Pose\training_data_filtered\training_data\v2.2\1-87-20_color_kinect.png
2-9-10,e_lego_duplo,20,z2,404,1.3687121352395815,0.10446262,1.1839238599637263,0.11293951806378297,0.18478827527585517,-0.008476894467591561,0.3516209476309227,0.17629877698263766,False,True,C:\Users\Owner\Desktop\Fall2023\CSE275\6D Pose\training_data_filtered\training_data\v2.2\2-9-10_color_kinect.png
1-20-2,tuna_fish_can,57,zinf|x2,133,0.0,0.2657549,1.181631764209745,0.13985850528912247,-1.181631764209745,0.1258964030341655,0.42028985507246375,0.1598270192455754,False,True,C:\Users\Owner\Desktop\Fall2023\CSE275\6D Pose\training_data_filtered\training_data\v2.2\1-20-2_color_kinect.png
1-50-8,wood_block,58,z2|y2|x4,503,1.1805466467424597,0.20352717,1.1805466467424597,0.20352716743946075,0.0,0.0,0.0,0.0,False,True,C:\Users\Owner\Desktop\Fall2023\CSE275\6D Pose\training_data_filtered\training_data\v2.2\1-50-8_color_kinect.png
2-68-12,wood_block,58,z2|y2|x4,539,0.3801240521517758,0.11853428,1.1784828116249195,0.18875747468107001,-0.7983587594731437,-0.07022319283120887,0.346072186836518,0.16688522609235962,False,True,C:\Users\Owner\Desktop\Fall2023\CSE275\6D Pose\training_data_filtered\training_data\v2.2\2-68-12_color_kinect.png
2-14-17,pudding_box,51,z2|x2,218,2.0223828873821814,0.086371824,1.173043582103559,0.14300525971773653,0.8493393052786224,-0.056633435572419455,0.4233983286908078,0.16070493028210864,False,True,C:\Users\Owner\Desktop\Fall2023\CSE275\6D Pose\training_data_filtered\training_data\v2.2\2-14-17_color_kinect.png
2-29-1,foam_brick,26,z2|x4|y2,517,0.8655601917861064,0.09257737,1.1723257113938714,0.12648432585700675,-0.306765519607765,-0.0339069578359954,0.3568075117370892,0.16706254660052677,False,True,C:\Users\Owner\Desktop\Fall2023\CSE275\6D Pose\training_data_filtered\training_data\v2.2\2-29-1_color_kinect.png
2-94-3,jenga,35,z2|x2,660,1.1721159712021114,0.1657236,1.1721159712021114,0.16572360694408417,0.0,0.0,0.0,0.0,False,True,C:\Users\Owner\Desktop\Fall2023\CSE275\6D Pose\training_data_filtered\training_data\v2.2\2-94-3_color_kinect.png
1-53-6,gelatin_box,30,z2|x2,529,0.8386192638285891,0.14019649,1.166529979733969,0.11389938175797387,-0.3279107159053799,0.02629710554957465,0.3934065934065934,0.1663851194243405,False,True,C:\Users\Owner\Desktop\Fall2023\CSE275\6D Pose\training_data_filtered\training_data\v2.2\1-53-6_color_kinect.png
1-69-3,wood_block,58,z2|y2|x4,323,1.1597850131040823,0.2658949,1.1597850131040823,0.26589488983154297,0.0,0.0,0.0,0.0,False,True,C:\Users\Owner\Desktop\Fall2023\CSE275\6D Pose\training_data_filtered\training_data\v2.2\1-69-3_color_kinect.png
1-83-6,tuna_fish_can,57,zinf|x2,133,0.12102670340883293,0.05549272,1.1595136501182828,0.13990132523085028,-1.0384869467094497,-0.08440860373283773,0.4251207729468599,0.15851969582899464,False,True,C:\Users\Owner\Desktop\Fall2023\CSE275\6D Pose\training_data_filtered\training_data\v2.2\1-83-6_color_kinect.png
2-26-15,rubiks_cube,52,z4|x4|y4,445,3.269608947961114,0.13060106,1.1573040035808475,0.07742331849851418,2.1123049443802664,0.05317774487219047,0.33370044052863435,0.1596433886055156,False,True,C:\Users\Owner\Desktop\Fall2023\CSE275\6D Pose\training_data_filtered\training_data\v2.2\2-26-15_color_kinect.png
2-4-5,sugar_box,55,z2|x2,262,3.964479742212383,0.2523708,1.1517772385905125,0.1409078055913531,2.8127025036218702,0.11146299895691045,0.28990825688073396,0.1663769656077622,False,True,C:\Users\Owner\Desktop\Fall2023\CSE275\6D Pose\training_data_filtered\training_data\v2.2\2-4-5_color_kinect.png
1-65-10,wood_block,58,z2|y2|x4,561,0.6777386576593514,0.1364041,1.1455331756336742,0.0947564438879474,-0.4677945179743228,0.04164765319228331,0.32696390658174096,0.17227056607623148,False,True,C:\Users\Owner\Desktop\Fall2023\CSE275\6D Pose\training_data_filtered\training_data\v2.2\1-65-10_color_kinect.png
2-63-11,sugar_box,55,z2|x2,349,1.352146046374751,0.27218634,1.1413124040287552,0.09873980579964209,0.21083364234599578,0.1734465331018777,0.3834862385321101,0.16900803917046447,False,True,C:\Users\Owner\Desktop\Fall2023\CSE275\6D Pose\training_data_filtered\training_data\v2.2\2-63-11_color_kinect.png
2-32-19,wood_block,58,z2|y2|x4,541,2.8531870006786173,0.20127313,1.1387711200555835,0.1671141838579077,1.7144158806230338,0.034158944532404506,0.3354564755838641,0.17046307255834794,False,True,C:\Users\Owner\Desktop\Fall2023\CSE275\6D Pose\training_data_filtered\training_data\v2.2\2-32-19_color_kinect.png
1-86-0,pudding_box,51,z2|x2,210,3.54524327851298,0.16237766,1.1379693795340353,0.16298216040691893,2.4072738989789446,-0.0006045049007848968,0.3955431754874652,0.16583165408126788,False,True,C:\Users\Owner\Desktop\Fall2023\CSE275\6D Pose\training_data_filtered\training_data\v2.2\1-86-0_color_kinect.png
2-68-12,a_lego_duplo,1,z2,193,1.1364237320852137,0.12806596,1.1364237320852137,0.12806595861911774,0.0,0.0,0.0,0.0,False,True,C:\Users\Owner\Desktop\Fall2023\CSE275\6D Pose\training_data_filtered\training_data\v2.2\2-68-12_color_kinect.png
1-56-1,jenga,35,z2|x2,541,1.1758901794997054,0.98768824,1.1363515931572237,0.2425009690323699,0.03953858634248175,0.7451872743567598,0.2513863216266174,0.1666043233560038,False,True,C:\Users\Owner\Desktop\Fall2023\CSE275\6D Pose\training_data_filtered\training_data\v2.2\1-56-1_color_kinect.png
2-22-1,foam_brick,26,z2|x4|y2,507,3.042348747232109,0.19412982,1.1360845733037175,0.12619419705462426,1.9062641739283916,0.06793562758374244,0.30164319248826293,0.17666660810324658,False,True,C:\Users\Owner\Desktop\Fall2023\CSE275\6D Pose\training_data_filtered\training_data\v2.2\2-22-1_color_kinect.png
1-46-20,wood_block,58,z2|y2|x4,543,1.2425496845931607,0.18597768,1.1340697183615929,0.16098440051855278,0.10847996623156786,0.024993281952722546,0.32908704883227174,0.1656716723030443,False,True,C:\Users\Owner\Desktop\Fall2023\CSE275\6D Pose\training_data_filtered\training_data\v2.2\1-46-20_color_kinect.png
2-18-8,pudding_box,51,z2|x2,229,2.4743561643532446,0.24240175,1.1337145298329463,0.1367352294227532,1.3406416345202983,0.10566651947289193,0.46518105849582175,0.1426021434359587,False,True,C:\Users\Owner\Desktop\Fall2023\CSE275\6D Pose\training_data_filtered\training_data\v2.2\2-18-8_color_kinect.png
2-93-9,jenga,35,z2|x2,441,1.133505404614627,0.07117558,1.133505404614627,0.07117558270692825,0.0,0.0,0.0,0.0,False,True,C:\Users\Owner\Desktop\Fall2023\CSE275\6D Pose\training_data_filtered\training_data\v2.2\2-93-9_color_kinect.png
1-47-6,tuna_fish_can,57,zinf|x2,130,0.1119466840510027,0.20292588,1.1310514098651592,0.15184439519670537,-1.0191047258141566,0.051081480586261246,0.4251207729468599,0.16070378365534152,False,True,C:\Users\Owner\Desktop\Fall2023\CSE275\6D Pose\training_data_filtered\training_data\v2.2\1-47-6_color_kinect.png
2-17-9,g_lego_duplo,29,z2,423,2.453026226439416,0.12545946,1.1297856467319314,0.1816548483530072,1.3232405797074847,-0.05619538594875609,0.32800982800982803,0.17188214311717276,False,True,C:\Users\Owner\Desktop\Fall2023\CSE275\6D Pose\training_data_filtered\training_data\v2.2\2-17-9_color_kinect.png
2-35-7,tuna_fish_can,57,zinf|x2,125,0.12045015892365668,0.13334495,1.1293434427990499,0.11852245539967132,-1.0088932838753932,0.014822492892107242,0.4444444444444444,0.16368437944705597,False,True,C:\Users\Owner\Desktop\Fall2023\CSE275\6D Pose\training_data_filtered\training_data\v2.2\2-35-7_color_kinect.png
1-27-10,tuna_fish_can,57,zinf|x2,133,0.011362672909533068,0.088851035,1.128304993131363,0.11098268292785939,-1.1169423202218298,-0.022131648286593517,0.48792270531400966,0.15625027140374398,False,True,C:\Users\Owner\Desktop\Fall2023\CSE275\6D Pose\training_data_filtered\training_data\v2.2\1-27-10_color_kinect.png
2-58-11,rubiks_cube,52,z4|x4|y4,511,0.9739954935523101,0.07090831,1.127235074788003,0.11284347410148185,-0.15323958123569303,-0.041935166072307045,0.3447136563876652,0.1728329895701555,False,True,C:\Users\Owner\Desktop\Fall2023\CSE275\6D Pose\training_data_filtered\training_data\v2.2\2-58-11_color_kinect.png
2-56-0,bleach_cleanser,8,z2,1563,1.127179617272319,0.19435702,1.127179617272319,0.1943570226430893,0.0,0.0,0.0,0.0,False,True,C:\Users\Owner\Desktop\Fall2023\CSE275\6D Pose\training_data_filtered\training_data\v2.2\2-56-0_color_kinect.png
2-14-14,bleach_cleanser,8,z2,1526,1.1194285198419807,0.2729251,1.1194285198419807,0.27292510867118835,0.0,0.0,0.0,0.0,False,True,C:\Users\Owner\Desktop\Fall2023\CSE275\6D Pose\training_data_filtered\training_data\v2.2\2-14-14_color_kinect.png
2-54-15,mustard_bottle,42,z2,989,1.1193130381294203,0.3612264,1.1193130381294203,0.3612264096736908,0.0,0.0,0.0,0.0,False,True,C:\Users\Owner\Desktop\Fall2023\CSE275\6D Pose\training_data_filtered\training_data\v2.2\2-54-15_color_kinect.png
1-50-2,tuna_fish_can,57,zinf|x2,121,0.11379580346541261,0.18344264,1.1188886811718652,0.11721146796162399,-1.0050928777064527,0.0662311693627092,0.41545893719806765,0.16306424900703353,False,True,C:\Users\Owner\Desktop\Fall2023\CSE275\6D Pose\training_data_filtered\training_data\v2.2\1-50-2_color_kinect.png
1-22-20,tuna_fish_can,57,zinf|x2,127,0.12118741035616803,0.16230734,1.1160348091234178,0.1773018269966735,-0.9948473987672497,-0.014994490070213223,0.43478260869565216,0.1647725797677906,False,True,C:\Users\Owner\Desktop\Fall2023\CSE275\6D Pose\training_data_filtered\training_data\v2.2\1-22-20_color_kinect.png
2-1-6,mustard_bottle,42,z2,1028,1.1149292318993884,0.22374226,1.1149292318993884,0.2237422615289688,0.0,0.0,0.0,0.0,False,True,C:\Users\Owner\Desktop\Fall2023\CSE275\6D Pose\training_data_filtered\training_data\v2.2\2-1-6_color_kinect.png
1-61-14,potted_meat_can,48,z2|x2,784,1.1100201473685467,0.22018076,1.1100201473685467,0.22018076479434967,0.0,0.0,0.0,0.0,False,True,C:\Users\Owner\Desktop\Fall2023\CSE275\6D Pose\training_data_filtered\training_data\v2.2\1-61-14_color_kinect.png
2-72-13,wood_block,58,z2|y2|x4,600,1.1081765877542462,0.11795931,1.1081765877542462,0.11795931309461594,0.0,0.0,0.0,0.0,False,True,C:\Users\Owner\Desktop\Fall2023\CSE275\6D Pose\training_data_filtered\training_data\v2.2\2-72-13_color_kinect.png
1-7-7,potted_meat_can,48,z2|x2,784,2.2112592761633,0.08555763,1.1044564541501467,0.1361335846574285,1.1068028220131532,-0.050575952509162664,0.30914368650217705,0.16484957214907692,False,True,C:\Users\Owner\Desktop\Fall2023\CSE275\6D Pose\training_data_filtered\training_data\v2.2\1-7-7_color_kinect.png
2-13-10,tuna_fish_can,57,zinf|x2,130,0.11511362449443684,0.04958708,1.1043444295522835,0.11607600228336631,-0.9892308050578467,-0.06648892389086067,0.4396135265700483,0.1610766585350886,False,True,C:\Users\Owner\Desktop\Fall2023\CSE275\6D Pose\training_data_filtered\training_data\v2.2\2-13-10_color_kinect.png
2-45-5,sugar_box,55,z2|x2,358,1.9593932324126577,0.31366178,1.1037639972133806,0.11237188544641998,0.8556292351992771,0.20128989848721957,0.3669724770642202,0.17091107644802378,False,True,C:\Users\Owner\Desktop\Fall2023\CSE275\6D Pose\training_data_filtered\training_data\v2.2\2-45-5_color_kinect.png
1-61-14,wood_block,58,z2|y2|x4,481,0.5451288471933797,0.27617803,1.1008978144705046,0.17745161530751205,-0.5557689672771249,0.09872641685229325,0.3471337579617834,0.15599151419455362,False,True,C:\Users\Owner\Desktop\Fall2023\CSE275\6D Pose\training_data_filtered\training_data\v2.2\1-61-14_color_kinect.png
2-82-14,sugar_box,55,z2|x2,337,2.9278608700636286,0.17232442,1.1005495576977862,0.17171181359469503,1.8273113123658424,0.0006126054269114112,0.4018348623853211,0.16766037992686256,False,True,C:\Users\Owner\Desktop\Fall2023\CSE275\6D Pose\training_data_filtered\training_data\v2.2\2-82-14_color_kinect.png
2-93-9,tuna_fish_can,57,zinf|x2,131,0.08216532520940573,0.13582794,1.0984156629639117,0.10782159578831105,-1.016250337754506,0.028006347894359546,0.4396135265700483,0.13941633801095835,False,True,C:\Users\Owner\Desktop\Fall2023\CSE275\6D Pose\training_data_filtered\training_data\v2.2\2-93-9_color_kinect.png
1-3-1,master_chef_can,39,zinf|x2,384,0.1548621307436504,0.104507126,1.0967069919412527,0.14267667413819266,-0.9418448611976022,-0.03816954822409582,0.3974358974358974,0.16050570483883117,False,True,C:\Users\Owner\Desktop\Fall2023\CSE275\6D Pose\training_data_filtered\training_data\v2.2\1-3-1_color_kinect.png
2-21-18,wood_block,58,z2|y2|x4,474,1.0956611017655173,0.19701478,1.0956611017655173,0.19701477885246277,0.0,0.0,0.0,0.0,False,True,C:\Users\Owner\Desktop\Fall2023\CSE275\6D Pose\training_data_filtered\training_data\v2.2\2-21-18_color_kinect.png
2-100-13,nine_hole_peg_test,43,no,311,3.950489941090153,0.11517153,1.093662228262978,0.10560137867459507,2.856827712827175,0.009570150678069878,0.3602693602693603,0.16783866467607955,False,True,C:\Users\Owner\Desktop\Fall2023\CSE275\6D Pose\training_data_filtered\training_data\v2.2\2-100-13_color_kinect.png
1-6-5,potted_meat_can,48,z2|x2,843,1.093520081283989,0.29436943,1.093520081283989,0.2943694293498993,0.0,0.0,0.0,0.0,False,True,C:\Users\Owner\Desktop\Fall2023\CSE275\6D Pose\training_data_filtered\training_data\v2.2\1-6-5_color_kinect.png
1-64-7,wood_block,58,z2|y2|x4,350,0.5696537897017101,0.3976133,1.0924078886068438,0.09860575080878886,-0.5227540989051337,0.29900753616325704,0.22717622080679406,0.16505143202116865,False,True,C:\Users\Owner\Desktop\Fall2023\CSE275\6D Pose\training_data_filtered\training_data\v2.2\1-64-7_color_kinect.png
1-23-6,tuna_fish_can,57,zinf|x2,126,0.10690798158928089,0.14561646,1.082207488382807,0.14351979085845887,-0.9752995067935262,0.0020966660078054755,0.41545893719806765,0.157770237389058,False,True,C:\Users\Owner\Desktop\Fall2023\CSE275\6D Pose\training_data_filtered\training_data\v2.2\1-23-6_color_kinect.png
2-63-11,wood_block,58,z2|y2|x4,555,1.0804249687431469,0.08177256,1.0804249687431469,0.08177255839109421,0.0,0.0,0.0,0.0,False,True,C:\Users\Owner\Desktop\Fall2023\CSE275\6D Pose\training_data_filtered\training_data\v2.2\2-63-11_color_kinect.png
1-39-3,wood_block,58,z2|y2|x4,538,3.8781616102762397,0.14534755,1.075330215117723,0.1614817251484316,2.802831395158517,-0.016134174637071425,0.32802547770700635,0.16831310086856074,False,True,C:\Users\Owner\Desktop\Fall2023\CSE275\6D Pose\training_data_filtered\training_data\v2.2\1-39-3_color_kinect.png
1-6-13,jenga,35,z2|x2,599,0.2281010098265911,0.16645701,1.0746447419208018,0.17772568257235713,-0.8465437320942107,-0.011268670276634168,0.3142329020332717,0.15742396242714424,False,True,C:\Users\Owner\Desktop\Fall2023\CSE275\6D Pose\training_data_filtered\training_data\v2.2\1-6-13_color_kinect.png
2-12-2,jenga,35,z2|x2,596,1.0745909379176137,0.2561067,1.0745909379176137,0.2561067044734955,0.0,0.0,0.0,0.0,False,True,C:\Users\Owner\Desktop\Fall2023\CSE275\6D Pose\training_data_filtered\training_data\v2.2\2-12-2_color_kinect.png
2-1-6,gelatin_box,30,z2|x2,458,1.0689614810912822,0.1911057,1.0689614810912822,0.1911056935787201,0.0,0.0,0.0,0.0,False,True,C:\Users\Owner\Desktop\Fall2023\CSE275\6D Pose\training_data_filtered\training_data\v2.2\2-1-6_color_kinect.png
2-25-7,foam_brick,26,z2|x4|y2,524,1.312522174448474,0.04106651,1.0686842435956714,0.09797646767187237,0.2438379308528027,-0.056909958931685684,0.2863849765258216,0.17531672510836752,False,True,C:\Users\Owner\Desktop\Fall2023\CSE275\6D Pose\training_data_filtered\training_data\v2.2\2-25-7_color_kinect.png
2-94-19,tuna_fish_can,57,zinf|x2,125,0.0875009323906895,0.095285825,1.063889553456441,0.15576742794605483,-0.9763886210657515,-0.06048160251470794,0.4106280193236715,0.1580632419356631,False,True,C:\Users\Owner\Desktop\Fall2023\CSE275\6D Pose\training_data_filtered\training_data\v2.2\2-94-19_color_kinect.png
2-11-1,jenga,35,z2|x2,647,1.061389079815964,0.14542237,1.061389079815964,0.14542236924171448,0.0,0.0,0.0,0.0,False,True,C:\Users\Owner\Desktop\Fall2023\CSE275\6D Pose\training_data_filtered\training_data\v2.2\2-11-1_color_kinect.png
1-80-12,wood_block,58,z2|y2|x4,561,0.5434399698933483,0.104649305,1.0595411424801464,0.15659659359932981,-0.5161011725867981,-0.051947288255701884,0.32590233545647557,0.16177695399451825,False,True,C:\Users\Owner\Desktop\Fall2023\CSE275\6D Pose\training_data_filtered\training_data\v2.2\1-80-12_color_kinect.png
2-69-10,wood_block,58,z2|y2|x4,574,0.9024904289219268,0.115645535,1.057821335841305,0.11133515599412852,-0.15533090691937834,0.004310379296112721,0.31528662420382164,0.17132077886871314,False,True,C:\Users\Owner\Desktop\Fall2023\CSE275\6D Pose\training_data_filtered\training_data\v2.2\2-69-10_color_kinect.png
2-19-6,tuna_fish_can,57,zinf|x2,129,0.11305551531622146,0.08540669,1.0564753368690663,0.161989102674142,-0.9434198215528448,-0.07658241183818923,0.42995169082125606,0.1549881006671435,False,True,C:\Users\Owner\Desktop\Fall2023\CSE275\6D Pose\training_data_filtered\training_data\v2.2\2-19-6_color_kinect.png
2-30-8,wood_block,58,z2|y2|x4,548,2.929516148033008,0.063006684,1.0557144664144893,0.14751505536491563,1.8738016816185188,-0.08450837118084123,0.32802547770700635,0.1685512377762171,False,True,C:\Users\Owner\Desktop\Fall2023\CSE275\6D Pose\training_data_filtered\training_data\v2.2\2-30-8_color_kinect.png
2-60-7,rubiks_cube,52,z4|x4|y4,469,0.35910299179784533,0.2285772,1.055111713382661,0.09111588143647957,-0.6960087215848157,0.1374613151615734,0.32709251101321585,0.1746079618003347,False,True,C:\Users\Owner\Desktop\Fall2023\CSE275\6D Pose\training_data_filtered\training_data\v2.2\2-60-7_color_kinect.png
1-46-20,cracker_box,14,z2|x2,187,1.2696839808470564,0.0745192,1.054781578214149,0.123801492129634,0.21490240263290739,-0.04928229001648245,0.41776315789473684,0.16098215282997247,False,True,C:\Users\Owner\Desktop\Fall2023\CSE275\6D Pose\training_data_filtered\training_data\v2.2\1-46-20_color_kinect.png
2-2-2,sugar_box,55,z2|x2,343,1.3760690507430369,0.070069835,1.0546911126548713,0.094754254434332,0.3213779380881656,-0.024684419844373806,0.44770642201834865,0.17205043823725302,False,True,C:\Users\Owner\Desktop\Fall2023\CSE275\6D Pose\training_data_filtered\training_data\v2.2\2-2-2_color_kinect.png
2-76-9,pudding_box,51,z2|x2,201,6.076392570713982,0.2827149,1.045590358592871,0.13934289631313035,5.030802212121111,0.14337200704151443,0.3955431754874652,0.16960121746900939,False,True,C:\Users\Owner\Desktop\Fall2023\CSE275\6D Pose\training_data_filtered\training_data\v2.2\2-76-9_color_kinect.png
2-25-7,pudding_box,51,z2|x2,225,2.5611988523466187,0.056522828,1.0431161214140783,0.1536080349447089,1.5180827309325404,-0.09708520734923656,0.42896935933147634,0.17603382675217963,False,True,C:\Users\Owner\Desktop\Fall2023\CSE275\6D Pose\training_data_filtered\training_data\v2.2\2-25-7_color_kinect.png
2-7-6,e_lego_duplo,20,z2,327,0.4136504947942017,0.24800192,1.0417553513735454,0.04295730849103517,-0.6281048565793437,0.20504460970564298,0.2793017456359102,0.16782338225625984,False,True,C:\Users\Owner\Desktop\Fall2023\CSE275\6D Pose\training_data_filtered\training_data\v2.2\2-7-6_color_kinect.png
2-7-18,tuna_fish_can,57,zinf|x2,125,0.13240250111271754,0.11568324,1.0407755087937596,0.11547084029797207,-0.908373007681042,0.00021240238067020412,0.4396135265700483,0.17138796512827018,False,True,C:\Users\Owner\Desktop\Fall2023\CSE275\6D Pose\training_data_filtered\training_data\v2.2\2-7-18_color_kinect.png
2-82-9,cracker_box,14,z2|x2,180,1.347834201385997,0.1556706,1.0403105103272696,0.11617565716682346,0.30752369105872734,0.03949494098247616,0.4309210526315789,0.15291499935632705,False,True,C:\Users\Owner\Desktop\Fall2023\CSE275\6D Pose\training_data_filtered\training_data\v2.2\2-82-9_color_kinect.png
2-74-10,sugar_box,55,z2|x2,333,1.320152105554167,0.105614945,1.0389787286457939,0.18609019621167014,0.2811733769083731,-0.0804752509191973,0.3706422018348624,0.16851812316931006,False,True,C:\Users\Owner\Desktop\Fall2023\CSE275\6D Pose\training_data_filtered\training_data\v2.2\2-74-10_color_kinect.png
2-77-11,sugar_box,55,z2|x2,318,2.7358035806950105,0.16675633,1.0380521657719273,0.099287118683814,1.6977514149230832,0.06746921323680978,0.3541284403669725,0.17924895458411363,False,True,C:\Users\Owner\Desktop\Fall2023\CSE275\6D Pose\training_data_filtered\training_data\v2.2\2-77-11_color_kinect.png
2-75-4,mustard_bottle,42,z2,1038,1.0373273207066676,0.27917737,1.0373273207066676,0.27917736768722534,0.0,0.0,0.0,0.0,False,True,C:\Users\Owner\Desktop\Fall2023\CSE275\6D Pose\training_data_filtered\training_data\v2.2\2-75-4_color_kinect.png
1-1-15,wood_block,58,z2|y2|x4,450,1.1060576359776635,0.17650019,1.0372092602993568,0.1164848511690935,0.0688483756783067,0.060015335155026064,0.291932059447983,0.17244347056327658,False,True,C:\Users\Owner\Desktop\Fall2023\CSE275\6D Pose\training_data_filtered\training_data\v2.2\1-1-15_color_kinect.png
2-47-11,gelatin_box,30,z2|x2,530,0.66605461701496,0.1463826,1.0362565739818892,0.1326241389835575,-0.37020195696692915,0.013758461085488533,0.35714285714285715,0.1683550159675253,False,True,C:\Users\Owner\Desktop\Fall2023\CSE275\6D Pose\training_data_filtered\training_data\v2.2\2-47-11_color_kinect.png
1-79-2,wood_block,58,z2|y2|x4,552,1.2910025103981073,0.2178779,1.0302723736752468,0.09672094233787183,0.2607301367228605,0.12115695230209704,0.3089171974522293,0.17631473523796276,False,True,C:\Users\Owner\Desktop\Fall2023\CSE275\6D Pose\training_data_filtered\training_data\v2.2\1-79-2_color_kinect.png
1-99-12,potted_meat_can,48,z2|x2,801,1.0290027537616218,0.2697695,1.0290027537616218,0.26976948976516724,0.0,0.0,0.0,0.0,False,True,C:\Users\Owner\Desktop\Fall2023\CSE275\6D Pose\training_data_filtered\training_data\v2.2\1-99-12_color_kinect.png
2-93-4,gelatin_box,30,z2|x2,483,3.2238248978946062,0.20790687,1.0287514969822305,0.1636757799883264,2.195073400912376,0.04423109204574649,0.3131868131868132,0.16959439231489085,False,True,C:\Users\Owner\Desktop\Fall2023\CSE275\6D Pose\training_data_filtered\training_data\v2.2\2-93-4_color_kinect.png
1-18-12,wood_block,58,z2|y2|x4,403,1.0262943013391366,0.3247402,1.0262943013391366,0.3247402012348175,0.0,0.0,0.0,0.0,False,True,C:\Users\Owner\Desktop\Fall2023\CSE275\6D Pose\training_data_filtered\training_data\v2.2\1-18-12_color_kinect.png
1-18-12,tuna_fish_can,57,zinf|x2,129,0.0346367424983822,0.44183034,1.0259095668019238,0.42826722152607044,-0.9912728243035416,0.013563115521506464,0.3188405797101449,0.16924998461768231,False,True,C:\Users\Owner\Desktop\Fall2023\CSE275\6D Pose\training_data_filtered\training_data\v2.2\1-18-12_color_kinect.png
2-80-11,wood_block,58,z2|y2|x4,468,2.069300573559317,0.29383415,1.0252854606266624,0.1097910846945926,1.0440151129326547,0.1840430651429013,0.29723991507430997,0.1668449328248276,False,True,C:\Users\Owner\Desktop\Fall2023\CSE275\6D Pose\training_data_filtered\training_data\v2.2\2-80-11_color_kinect.png
2-46-0,potted_meat_can,48,z2|x2,756,4.250758006923286,0.14099987,1.0235910107420896,0.1277785131696145,3.2271669961811966,0.013221355342539126,0.295355587808418,0.17255159457907507,False,True,C:\Users\Owner\Desktop\Fall2023\CSE275\6D Pose\training_data_filtered\training_data\v2.2\2-46-0_color_kinect.png
1-30-2,tuna_fish_can,57,zinf|x2,130,0.14640476444119657,0.2256795,1.0212820789219188,0.14538351546849307,-0.8748773144807223,0.0802959864226431,0.4106280193236715,0.15861468700613277,False,True,C:\Users\Owner\Desktop\Fall2023\CSE275\6D Pose\training_data_filtered\training_data\v2.2\1-30-2_color_kinect.png
1-47-6,wood_block,58,z2|y2|x4,567,1.683621912415554,0.21128494,1.0158083624508576,0.15217692306741323,0.6678135499646964,0.05910801240698252,0.3503184713375796,0.17116865004148216,False,True,C:\Users\Owner\Desktop\Fall2023\CSE275\6D Pose\training_data_filtered\training_data\v2.2\1-47-6_color_kinect.png
1-61-12,wood_block,58,z2|y2|x4,553,1.0148380900931913,0.10863534,1.0148380900931913,0.10863534361124039,0.0,0.0,0.0,0.0,False,True,C:\Users\Owner\Desktop\Fall2023\CSE275\6D Pose\training_data_filtered\training_data\v2.2\1-61-12_color_kinect.png
2-2-2,gelatin_box,30,z2|x2,529,0.5248048981246954,0.09989577,1.0148159969842179,0.11310656628726569,-0.49001109885952243,-0.013210798419700534,0.33296703296703295,0.17233008095298227,False,True,C:\Users\Owner\Desktop\Fall2023\CSE275\6D Pose\training_data_filtered\training_data\v2.2\2-2-2_color_kinect.png
2-36-8,tuna_fish_can,57,zinf|x2,124,0.043078477561171474,0.10305939,1.0141640095954056,0.13279309584086163,-0.9710855320342342,-0.02973370714371426,0.45410628019323673,0.16320348498029988,False,True,C:\Users\Owner\Desktop\Fall2023\CSE275\6D Pose\training_data_filtered\training_data\v2.2\2-36-8_color_kinect.png
2-58-15,tuna_fish_can,57,zinf|x2,131,0.05444960371334026,0.04864427,1.0136508942735167,0.16501392220123098,-0.9592012905601764,-0.11636965145333097,0.48792270531400966,0.12940483380198398,False,True,C:\Users\Owner\Desktop\Fall2023\CSE275\6D Pose\training_data_filtered\training_data\v2.2\2-58-15_color_kinect.png
2-6-14,mustard_bottle,42,z2,1102,1.0128146590424745,0.22354975,1.0128146590424745,0.2235497534275055,0.0,0.0,0.0,0.0,False,True,C:\Users\Owner\Desktop\Fall2023\CSE275\6D Pose\training_data_filtered\training_data\v2.2\2-6-14_color_kinect.png
1-65-10,sugar_box,55,z2|x2,350,1.8593143595893842,0.13060771,1.0122380027378444,0.11789540820103411,0.8470763568515398,0.012712301087562994,0.4018348623853211,0.16569674444703264,False,True,C:\Users\Owner\Desktop\Fall2023\CSE275\6D Pose\training_data_filtered\training_data\v2.2\1-65-10_color_kinect.png
2-35-7,mustard_bottle,42,z2,871,4.064238534160139,0.27666083,1.0114114588648055,0.11655323899882747,3.0528270752953333,0.1601075907836585,0.21353166986564298,0.17398269999958288,False,True,C:\Users\Owner\Desktop\Fall2023\CSE275\6D Pose\training_data_filtered\training_data\v2.2\2-35-7_color_kinect.png
1-84-19,pudding_box,51,z2|x2,228,2.1887751555595636,0.097356975,1.0107861140704342,0.1266088163574522,1.1779890414891294,-0.029251841278869428,0.42896935933147634,0.162910494120257,False,True,C:\Users\Owner\Desktop\Fall2023\CSE275\6D Pose\training_data_filtered\training_data\v2.2\1-84-19_color_kinect.png
1-32-1,wood_block,58,z2|y2|x4,390,2.4951813035390136,0.2649815,1.010172261527963,0.09254015931206167,1.4850090420110507,0.17244134894294322,0.23354564755838642,0.16850933490761522,False,True,C:\Users\Owner\Desktop\Fall2023\CSE275\6D Pose\training_data_filtered\training_data\v2.2\1-32-1_color_kinect.png
2-47-11,g_lego_duplo,29,z2,372,0.35077128129682406,0.1231172,1.0090712385772163,0.14718135613483746,-0.6582999572803923,-0.024064155104583096,0.2714987714987715,0.17660321336484533,False,True,C:\Users\Owner\Desktop\Fall2023\CSE275\6D Pose\training_data_filtered\training_data\v2.2\2-47-11_color_kinect.png
2-37-7,mustard_bottle,42,z2,1056,1.008884580421229,0.19196941,1.008884580421229,0.19196940958499908,0.0,0.0,0.0,0.0,False,True,C:\Users\Owner\Desktop\Fall2023\CSE275\6D Pose\training_data_filtered\training_data\v2.2\2-37-7_color_kinect.png
2-32-19,mustard_bottle,42,z2,1061,1.00789879464096,0.34499913,1.00789879464096,0.34499913454055786,0.0,0.0,0.0,0.0,False,True,C:\Users\Owner\Desktop\Fall2023\CSE275\6D Pose\training_data_filtered\training_data\v2.2\2-32-19_color_kinect.png
2-23-9,foam_brick,26,z2|x4|y2,563,0.9617394190031745,0.106465355,1.0065972525945333,0.1435359775069486,-0.04485783359135875,-0.03707062294514288,0.36032863849765256,0.1700611727267554,False,True,C:\Users\Owner\Desktop\Fall2023\CSE275\6D Pose\training_data_filtered\training_data\v2.2\2-23-9_color_kinect.png
2-14-17,mustard_bottle,42,z2,1114,1.0051898348556376,0.16879761,1.0051898348556376,0.16879761219024658,0.0,0.0,0.0,0.0,False,True,C:\Users\Owner\Desktop\Fall2023\CSE275\6D Pose\training_data_filtered\training_data\v2.2\2-14-17_color_kinect.png
2-19-6,pudding_box,51,z2|x2,225,1.6659047677320513,0.15704261,1.0042615898857672,0.10172978279245626,0.6616431778462841,0.05531282487260569,0.37604456824512533,0.16724975904719305,False,True,C:\Users\Owner\Desktop\Fall2023\CSE275\6D Pose\training_data_filtered\training_data\v2.2\2-19-6_color_kinect.png
2-52-0,sugar_box,55,z2|x2,320,1.9068470340084767,0.20086119,1.0040727323929428,0.19444734658230262,0.9027743016155338,0.0064138392068056604,0.3779816513761468,0.16725613030657932,False,True,C:\Users\Owner\Desktop\Fall2023\CSE275\6D Pose\training_data_filtered\training_data\v2.2\2-52-0_color_kinect.png
1-32-1,tuna_fish_can,57,zinf|x2,130,0.08629107642018341,0.2678991,1.0026659632922716,0.16790856925237857,-0.9163748868720882,0.09999052675973691,0.42995169082125606,0.16260810317539237,False,True,C:\Users\Owner\Desktop\Fall2023\CSE275\6D Pose\training_data_filtered\training_data\v2.2\1-32-1_color_kinect.png
2-42-15,gelatin_box,30,z2|x2,476,0.8012045010752257,0.3504396,1.001513199259336,0.13952285660105426,-0.20030869818411035,0.21091675149602215,0.3263736263736264,0.17185054556347243,False,True,C:\Users\Owner\Desktop\Fall2023\CSE275\6D Pose\training_data_filtered\training_data\v2.2\2-42-15_color_kinect.png
1-65-16,wood_block,58,z2|y2|x4,396,1.001387400028492,0.40703878,1.001387400028492,0.40703877806663513,0.0,0.0,0.0,0.0,False,True,C:\Users\Owner\Desktop\Fall2023\CSE275\6D Pose\training_data_filtered\training_data\v2.2\1-65-16_color_kinect.png
2-2-2,e_lego_duplo,20,z2,396,0.9996754770337775,0.118105754,0.9996754770337775,0.11810575425624847,0.0,0.0,0.0,0.0,False,True,C:\Users\Owner\Desktop\Fall2023\CSE275\6D Pose\training_data_filtered\training_data\v2.2\2-2-2_color_kinect.png
1-35-17,tuna_fish_can,57,zinf|x2,129,0.14099842743727342,0.11024603,0.9987757250796845,0.12610748135940836,-0.8577772976424111,-0.015861448882983187,0.40096618357487923,0.1571494670194695,False,True,C:\Users\Owner\Desktop\Fall2023\CSE275\6D Pose\training_data_filtered\training_data\v2.2\1-35-17_color_kinect.png
1-61-4,wood_block,58,z2|y2|x4,527,1.6634592902510428,0.12911624,0.9983750956264973,0.11351711180125681,0.6650841946245455,0.015599125362286886,0.3078556263269639,0.17116712504295528,False,True,C:\Users\Owner\Desktop\Fall2023\CSE275\6D Pose\training_data_filtered\training_data\v2.2\1-61-4_color_kinect.png
1-51-4,gelatin_box,30,z2|x2,547,4.181684478819991,0.21087055,0.9969899591127845,0.12140958921654317,3.184694519707207,0.08946095986621287,0.34615384615384615,0.17159009623180396,False,True,C:\Users\Owner\Desktop\Fall2023\CSE275\6D Pose\training_data_filtered\training_data\v2.2\1-51-4_color_kinect.png
1-74-12,gelatin_box,30,z2|x2,487,0.725038853309869,0.17591882,0.9957174888762744,0.10626718704657381,-0.2706786355664055,0.06965163047356779,0.33186813186813185,0.16423416372364513,False,True,C:\Users\Owner\Desktop\Fall2023\CSE275\6D Pose\training_data_filtered\training_data\v2.2\1-74-12_color_kinect.png
2-63-8,gelatin_box,30,z2|x2,533,0.8126787078391648,0.090414084,0.9955060243707278,0.0871405339533775,-0.18282731653156292,0.003273550540736428,0.4164835164835165,0.15363182661500027,False,True,C:\Users\Owner\Desktop\Fall2023\CSE275\6D Pose\training_data_filtered\training_data\v2.2\2-63-8_color_kinect.png
1-4-10,wood_block,58,z2|y2|x4,568,0.9932105195847731,0.07763193,0.9932105195847731,0.07763192802667618,0.0,0.0,0.0,0.0,False,True,C:\Users\Owner\Desktop\Fall2023\CSE275\6D Pose\training_data_filtered\training_data\v2.2\1-4-10_color_kinect.png
2-7-6,sugar_box,55,z2|x2,329,1.4088271947377282,0.08288439,0.9906609774205011,0.22106730537481784,0.41816621731722714,-0.13818291174240588,0.3412844036697248,0.167354739028882,False,True,C:\Users\Owner\Desktop\Fall2023\CSE275\6D Pose\training_data_filtered\training_data\v2.2\2-7-6_color_kinect.png
1-6-13,potted_meat_can,48,z2|x2,519,4.133755576929881,0.7507875,0.9875794335079634,0.1480871659251932,3.146176143421917,0.6027003306415792,0.23076923076923078,0.16863492234391145,False,True,C:\Users\Owner\Desktop\Fall2023\CSE275\6D Pose\training_data_filtered\training_data\v2.2\1-6-13_color_kinect.png
2-7-6,gelatin_box,30,z2|x2,487,0.5807402982661052,0.15501331,0.9872687384087955,0.10238939319930235,-0.4065284401426903,0.052623914729736654,0.34285714285714286,0.16380958512309313,False,True,C:\Users\Owner\Desktop\Fall2023\CSE275\6D Pose\training_data_filtered\training_data\v2.2\2-7-6_color_kinect.png
1-12-2,rubiks_cube,52,z4|x4|y4,489,0.9866611812316244,0.20237982,0.9866611812316244,0.20237982273101807,0.0,0.0,0.0,0.0,False,True,C:\Users\Owner\Desktop\Fall2023\CSE275\6D Pose\training_data_filtered\training_data\v2.2\1-12-2_color_kinect.png
2-96-0,nine_hole_peg_test,43,no,344,0.08552268889603534,0.06347409,0.9845328485078553,0.12740902461735062,-0.89901015961182,-0.0639349357101088,0.35353535353535354,0.17687980545327628,False,True,C:\Users\Owner\Desktop\Fall2023\CSE275\6D Pose\training_data_filtered\training_data\v2.2\2-96-0_color_kinect.png
1-38-10,tuna_fish_can,57,zinf|x2,134,0.10997224304904019,0.11623326,0.9807630573997572,0.1567408008484131,-0.870790814350717,-0.04050754140894472,0.46859903381642515,0.16459518026416253,False,True,C:\Users\Owner\Desktop\Fall2023\CSE275\6D Pose\training_data_filtered\training_data\v2.2\1-38-10_color_kinect.png
1-21-8,tuna_fish_can,57,zinf|x2,127,0.2058306360650828,0.05903635,0.9803670435465971,0.12590246806313965,-0.7745364074815143,-0.06686611632277939,0.43478260869565216,0.16423344521273167,False,True,C:\Users\Owner\Desktop\Fall2023\CSE275\6D Pose\training_data_filtered\training_data\v2.2\1-21-8_color_kinect.png
2-59-12,foam_brick,26,z2|x4|y2,440,0.9792810928110044,0.1828875,0.9792810928110044,0.1828874945640564,0.0,0.0,0.0,0.0,False,True,C:\Users\Owner\Desktop\Fall2023\CSE275\6D Pose\training_data_filtered\training_data\v2.2\2-59-12_color_kinect.png
1-46-7,wood_block,58,z2|y2|x4,443,0.9775509857847491,0.21920751,0.9775509857847491,0.2192075103521347,0.0,0.0,0.0,0.0,False,True,C:\Users\Owner\Desktop\Fall2023\CSE275\6D Pose\training_data_filtered\training_data\v2.2\1-46-7_color_kinect.png
2-12-2,g_lego_duplo,29,z2,455,0.3809659583872221,0.08717812,0.9772439594058687,0.19267080577111065,-0.5962780010186466,-0.10549268724417507,0.36609336609336607,0.1682735825249037,False,True,C:\Users\Owner\Desktop\Fall2023\CSE275\6D Pose\training_data_filtered\training_data\v2.2\2-12-2_color_kinect.png
1-50-8,cracker_box,14,z2|x2,194,0.9755729792482395,0.09051453,0.9755729792482395,0.09051453322172165,0.0,0.0,0.0,0.0,False,True,C:\Users\Owner\Desktop\Fall2023\CSE275\6D Pose\training_data_filtered\training_data\v2.2\1-50-8_color_kinect.png
2-70-5,jenga,35,z2|x2,673,0.9735052881014109,0.2251299,0.9735052881014109,0.2251299023628235,0.0,0.0,0.0,0.0,False,True,C:\Users\Owner\Desktop\Fall2023\CSE275\6D Pose\training_data_filtered\training_data\v2.2\2-70-5_color_kinect.png
2-78-13,gelatin_box,30,z2|x2,473,1.7913112792779855,0.23529778,0.9725607101494246,0.18014248346186792,0.8187505691285609,0.05515530074738348,0.31868131868131866,0.16980530016524056,False,True,C:\Users\Owner\Desktop\Fall2023\CSE275\6D Pose\training_data_filtered\training_data\v2.2\2-78-13_color_kinect.png
2-23-6,foam_brick,26,z2|x4|y2,531,1.3211486145032867,0.06070133,0.96750978873227,0.11783114999050247,0.3536388257710167,-0.05712982072943794,0.3544600938967136,0.1711982981944094,False,True,C:\Users\Owner\Desktop\Fall2023\CSE275\6D Pose\training_data_filtered\training_data\v2.2\2-23-6_color_kinect.png
2-76-9,master_chef_can,39,zinf|x2,386,0.13551417835020343,0.2480817,0.963241959184157,0.11134643171259609,-0.8277277808339536,0.13673526730111393,0.36894586894586895,0.15938860182307926,False,True,C:\Users\Owner\Desktop\Fall2023\CSE275\6D Pose\training_data_filtered\training_data\v2.2\2-76-9_color_kinect.png
2-6-14,bleach_cleanser,8,z2,1489,0.9611178976443515,0.30187422,0.9611178976443515,0.30187422037124634,0.0,0.0,0.0,0.0,False,True,C:\Users\Owner\Desktop\Fall2023\CSE275\6D Pose\training_data_filtered\training_data\v2.2\2-6-14_color_kinect.png
2-91-11,gelatin_box,30,z2|x2,524,1.2116904075243455,0.12990126,0.9592159506853579,0.14656278764090142,0.2524744568389876,-0.016661527503343432,0.30439560439560437,0.1730493890092929,False,True,C:\Users\Owner\Desktop\Fall2023\CSE275\6D Pose\training_data_filtered\training_data\v2.2\2-91-11_color_kinect.png
2-65-11,mustard_bottle,42,z2,978,0.7627952908395262,0.5312416,0.9592094684117337,0.2264720190399837,-0.19641417757220747,0.30476957670510296,0.20777351247600767,0.17342030604719116,False,True,C:\Users\Owner\Desktop\Fall2023\CSE275\6D Pose\training_data_filtered\training_data\v2.2\2-65-11_color_kinect.png
2-47-11,potted_meat_can,48,z2|x2,464,2.4286179127041163,0.8231396,0.9564987124481418,0.13525112650100657,1.4721192002559746,0.687888481405335,0.1683599419448476,0.17643732711230006,False,True,C:\Users\Owner\Desktop\Fall2023\CSE275\6D Pose\training_data_filtered\training_data\v2.2\2-47-11_color_kinect.png
1-62-18,potted_meat_can,48,z2|x2,739,3.552892181059901,0.15708534,0.9534541866008144,0.12091137001562256,2.5994379944590866,0.03617397417974334,0.2888243831640058,0.16927488918003053,False,True,C:\Users\Owner\Desktop\Fall2023\CSE275\6D Pose\training_data_filtered\training_data\v2.2\1-62-18_color_kinect.png
1-31-0,potted_meat_can,48,z2|x2,806,1.0083709248426886,0.18147591,0.9522388326720116,0.09473066190379166,0.05613209217067705,0.08674524566037155,0.2830188679245283,0.17041055155127313,False,True,C:\Users\Owner\Desktop\Fall2023\CSE275\6D Pose\training_data_filtered\training_data\v2.2\1-31-0_color_kinect.png
2-23-6,gelatin_box,30,z2|x2,538,0.5561505686356794,0.056160085,0.9511539202548503,0.11064453290296758,-0.395003351619171,-0.054484447999727376,0.35274725274725277,0.16792803865604491,False,True,C:\Users\Owner\Desktop\Fall2023\CSE275\6D Pose\training_data_filtered\training_data\v2.2\2-23-6_color_kinect.png
1-13-19,rubiks_cube,52,z4|x4|y4,493,1.024708369646917,0.1256571,0.9506064765246186,0.10244221591012116,0.07410189312229842,0.023214880595043938,0.368942731277533,0.16891567656565595,False,True,C:\Users\Owner\Desktop\Fall2023\CSE275\6D Pose\training_data_filtered\training_data\v2.2\1-13-19_color_kinect.png
2-13-16,mustard_bottle,42,z2,871,1.196171393964928,0.440555,0.9478299258786753,0.15024243906025123,0.2483414680862528,0.290312567205389,0.22120921305182342,0.17586237563453444,False,True,C:\Users\Owner\Desktop\Fall2023\CSE275\6D Pose\training_data_filtered\training_data\v2.2\2-13-16_color_kinect.png
2-25-7,wood_block,58,z2|y2|x4,565,0.947667111600543,0.09427939,0.947667111600543,0.09427939355373383,0.0,0.0,0.0,0.0,False,True,C:\Users\Owner\Desktop\Fall2023\CSE275\6D Pose\training_data_filtered\training_data\v2.2\2-25-7_color_kinect.png
1-5-19,jenga,35,z2|x2,618,1.0536568572311305,0.31250626,0.9461341201397893,0.14438553100028764,0.10752273709134119,0.16812072748741377,0.3031423290203327,0.16492411115246866,False,True,C:\Users\Owner\Desktop\Fall2023\CSE275\6D Pose\training_data_filtered\training_data\v2.2\1-5-19_color_kinect.png
2-52-12,tuna_fish_can,57,zinf|x2,131,0.09873040477417905,0.31977493,0.9441642199264079,0.2397939106902466,-0.8454338151522288,0.07998101501852414,0.37681159420289856,0.17481211095250443,False,True,C:\Users\Owner\Desktop\Fall2023\CSE275\6D Pose\training_data_filtered\training_data\v2.2\2-52-12_color_kinect.png
2-93-1,prism,50,z2,263,0.9416372867061574,0.052255332,0.9416372867061574,0.052255332469940186,0.0,0.0,0.0,0.0,False,True,C:\Users\Owner\Desktop\Fall2023\CSE275\6D Pose\training_data_filtered\training_data\v2.2\2-93-1_color_kinect.png
1-1-16,potted_meat_can,48,z2|x2,635,0.16385082779926544,0.557585,0.9405576495056525,0.13106897887979668,-0.776706821706387,0.4265160221120246,0.25544267053701014,0.16894654848887375,False,True,C:\Users\Owner\Desktop\Fall2023\CSE275\6D Pose\training_data_filtered\training_data\v2.2\1-1-16_color_kinect.png
1-34-8,tuna_fish_can,57,zinf|x2,132,0.0994860471734538,0.08650522,0.9390950689353454,0.1247461092266729,-0.8396090217618917,-0.038240889886348495,0.4444444444444444,0.16274111825944995,False,True,C:\Users\Owner\Desktop\Fall2023\CSE275\6D Pose\training_data_filtered\training_data\v2.2\1-34-8_color_kinect.png
1-38-10,potted_meat_can,48,z2|x2,812,0.7354902731666315,0.15679783,0.9384964535556324,0.1066389214181748,-0.20300618038900087,0.05015890487195582,0.3062409288824383,0.17123542072594905,False,True,C:\Users\Owner\Desktop\Fall2023\CSE275\6D Pose\training_data_filtered\training_data\v2.2\1-38-10_color_kinect.png
2-38-17,nine_hole_peg_test,43,no,319,4.454679790255785,0.23785916,0.9330187788489002,0.1763674860033276,3.5216610114068847,0.061491673704695465,0.35185185185185186,0.16365598674615406,False,True,C:\Users\Owner\Desktop\Fall2023\CSE275\6D Pose\training_data_filtered\training_data\v2.2\2-38-17_color_kinect.png
2-42-15,d_toy_airplane,18,zinf,126,0.3635228415182771,0.24209589,0.9324046083434214,0.21273289203885554,-0.5688817668251444,0.029362995622124688,0.33121019108280253,0.16178363367749762,False,True,C:\Users\Owner\Desktop\Fall2023\CSE275\6D Pose\training_data_filtered\training_data\v2.2\2-42-15_color_kinect.png
2-29-1,wood_block,58,z2|y2|x4,461,0.9300833201770027,0.32714808,0.9300833201770027,0.32714807987213135,0.0,0.0,0.0,0.0,False,True,C:\Users\Owner\Desktop\Fall2023\CSE275\6D Pose\training_data_filtered\training_data\v2.2\2-29-1_color_kinect.png
1-49-20,wood_block,58,z2|y2|x4,544,0.6404082499958098,0.13802128,0.9300140196569233,0.15520837551231706,-0.2896057696611135,-0.017187100111201642,0.3471337579617834,0.1602839429764151,False,True,C:\Users\Owner\Desktop\Fall2023\CSE275\6D Pose\training_data_filtered\training_data\v2.2\1-49-20_color_kinect.png
2-26-12,foam_brick,26,z2|x4|y2,530,1.2689801107695153,0.112434,0.9296888273812427,0.171369456634703,0.33929128338827264,-0.05893545685786278,0.3051643192488263,0.17580186162264308,False,True,C:\Users\Owner\Desktop\Fall2023\CSE275\6D Pose\training_data_filtered\training_data\v2.2\2-26-12_color_kinect.png
1-14-12,rubiks_cube,52,z4|x4|y4,493,1.824694617787566,0.24089077,0.9277785568464118,0.14784691388883892,0.8969160609411543,0.09304385726175007,0.31387665198237885,0.1716367689172392,False,True,C:\Users\Owner\Desktop\Fall2023\CSE275\6D Pose\training_data_filtered\training_data\v2.2\1-14-12_color_kinect.png
2-71-10,gelatin_box,30,z2|x2,548,2.2144904957304417,0.08845892,0.9237067124088961,0.1228736862648328,1.2907837833215456,-0.03441476822980244,0.3384615384615385,0.1717821743196949,False,True,C:\Users\Owner\Desktop\Fall2023\CSE275\6D Pose\training_data_filtered\training_data\v2.2\2-71-10_color_kinect.png
2-35-7,nine_hole_peg_test,43,no,346,4.705330428414997,0.08993571,0.9225625100637571,0.12439174724638909,3.7827679183512397,-0.034456034730081256,0.3602693602693603,0.1717787740564589,False,True,C:\Users\Owner\Desktop\Fall2023\CSE275\6D Pose\training_data_filtered\training_data\v2.2\2-35-7_color_kinect.png
2-13-16,rubiks_cube,52,z4|x4|y4,400,2.3607790836829876,0.1251461,0.921859349753223,0.11247028767267014,1.4389197339297646,0.012675818212835532,0.31718061674008813,0.1543184548193055,False,True,C:\Users\Owner\Desktop\Fall2023\CSE275\6D Pose\training_data_filtered\training_data\v2.2\2-13-16_color_kinect.png
1-56-17,pudding_box,51,z2|x2,206,2.02214632795726,0.05708554,0.9196380424717145,0.14084823124518492,1.1025082854855452,-0.08376269109954931,0.467966573816156,0.13892176289049962,False,True,C:\Users\Owner\Desktop\Fall2023\CSE275\6D Pose\training_data_filtered\training_data\v2.2\1-56-17_color_kinect.png
1-3-1,wood_block,58,z2|y2|x4,495,3.4901172052727545,0.21358626,0.9155851480600798,0.14441641668800068,2.5745320572126746,0.06916983922001171,0.2908704883227176,0.16874894181409245,False,True,C:\Users\Owner\Desktop\Fall2023\CSE275\6D Pose\training_data_filtered\training_data\v2.2\1-3-1_color_kinect.png
1-61-12,potted_meat_can,48,z2|x2,645,1.2792729604764126,0.8227317,0.9141794161158598,0.11388278938060323,0.36509354436055275,0.7088488843368955,0.2757619738751814,0.17323143128508875,False,True,C:\Users\Owner\Desktop\Fall2023\CSE275\6D Pose\training_data_filtered\training_data\v2.2\1-61-12_color_kinect.png
2-70-5,gelatin_box,30,z2|x2,418,0.5563879006160515,0.3057266,0.9133034189658256,0.11583153594763285,-0.3569155183497741,0.18989505182473654,0.31648351648351647,0.15966780535157055,False,True,C:\Users\Owner\Desktop\Fall2023\CSE275\6D Pose\training_data_filtered\training_data\v2.2\2-70-5_color_kinect.png
2-91-11,mustard_bottle,42,z2,1036,0.912670777717518,0.18177651,0.912670777717518,0.1817765086889267,0.0,0.0,0.0,0.0,False,True,C:\Users\Owner\Desktop\Fall2023\CSE275\6D Pose\training_data_filtered\training_data\v2.2\2-91-11_color_kinect.png
1-56-17,gelatin_box,30,z2|x2,251,0.6146700019651805,0.42487508,0.9124832105997216,0.17608946329908576,-0.2978132086345411,0.24878561728639398,0.1813186813186813,0.1651158445547943,False,True,C:\Users\Owner\Desktop\Fall2023\CSE275\6D Pose\training_data_filtered\training_data\v2.2\1-56-17_color_kinect.png
1-27-10,pudding_box,51,z2|x2,209,2.0429402533918357,0.14995307,0.9111098965182471,0.10896870861799082,1.1318303568735886,0.040984358684713035,0.42896935933147634,0.17318964697966188,False,True,C:\Users\Owner\Desktop\Fall2023\CSE275\6D Pose\training_data_filtered\training_data\v2.2\1-27-10_color_kinect.png
1-57-10,gelatin_box,30,z2|x2,525,1.3086851527411878,0.13021065,0.9089039587081035,0.1357105752500853,0.3997811940330843,-0.005499922302659471,0.3230769230769231,0.17227447537750015,False,True,C:\Users\Owner\Desktop\Fall2023\CSE275\6D Pose\training_data_filtered\training_data\v2.2\1-57-10_color_kinect.png
2-82-14,tuna_fish_can,57,zinf|x2,131,0.1414801898495661,0.12389397,0.9052488448528229,0.2070393740278043,-0.7637686550032567,-0.08314540526683706,0.45410628019323673,0.16988016743555973,False,True,C:\Users\Owner\Desktop\Fall2023\CSE275\6D Pose\training_data_filtered\training_data\v2.2\2-82-14_color_kinect.png
1-38-10,gelatin_box,30,z2|x2,518,0.7880713865389081,0.14353067,0.9048252721348993,0.10134180851753345,-0.1167538855959912,0.042188858310622065,0.34835164835164834,0.17385197339329572,False,True,C:\Users\Owner\Desktop\Fall2023\CSE275\6D Pose\training_data_filtered\training_data\v2.2\1-38-10_color_kinect.png
2-64-20,tuna_fish_can,57,zinf|x2,129,0.031097085754006867,0.05219616,0.90477851201065,0.13385168395891384,-0.8736814262566431,-0.08165552400007442,0.4927536231884058,0.14908013464858408,False,True,C:\Users\Owner\Desktop\Fall2023\CSE275\6D Pose\training_data_filtered\training_data\v2.2\2-64-20_color_kinect.png
2-52-0,foam_brick,26,z2|x4|y2,471,0.9025729691972139,0.14206377,0.9025729691972139,0.14206376671791077,0.0,0.0,0.0,0.0,False,True,C:\Users\Owner\Desktop\Fall2023\CSE275\6D Pose\training_data_filtered\training_data\v2.2\2-52-0_color_kinect.png
2-100-13,jenga,35,z2|x2,676,1.6632701259105624,0.04223274,0.9014645322906223,0.09416383033040532,0.7618055936199402,-0.05193108965996274,0.34935304990757854,0.1699069952156783,False,True,C:\Users\Owner\Desktop\Fall2023\CSE275\6D Pose\training_data_filtered\training_data\v2.2\2-100-13_color_kinect.png
1-65-16,potted_meat_can,48,z2|x2,778,0.7775448555280433,0.28254777,0.8999252996002787,0.163100287348857,-0.12238044407223536,0.11944748458183757,0.2779390420899855,0.17424505972932158,False,True,C:\Users\Owner\Desktop\Fall2023\CSE275\6D Pose\training_data_filtered\training_data\v2.2\1-65-16_color_kinect.png
2-76-9,potted_meat_can,48,z2|x2,773,0.9827969637741366,0.5511042,0.8971469198456197,0.15025471941176424,0.08565004392851694,0.4008494685536288,0.2880986937590711,0.1662005916156098,False,True,C:\Users\Owner\Desktop\Fall2023\CSE275\6D Pose\training_data_filtered\training_data\v2.2\2-76-9_color_kinect.png
1-41-5,cracker_box,14,z2|x2,174,0.8964453304732453,0.04278864,0.8964453304732453,0.04278863966464996,0.0,0.0,0.0,0.0,False,True,C:\Users\Owner\Desktop\Fall2023\CSE275\6D Pose\training_data_filtered\training_data\v2.2\1-41-5_color_kinect.png
1-84-16,gelatin_box,30,z2|x2,424,0.8947233866760965,0.15720373,0.8947233866760965,0.15720373392105103,0.0,0.0,0.0,0.0,False,True,C:\Users\Owner\Desktop\Fall2023\CSE275\6D Pose\training_data_filtered\training_data\v2.2\1-84-16_color_kinect.png
2-12-2,mustard_bottle,42,z2,1044,0.8935249279516736,0.2639058,0.8935249279516736,0.263905793428421,0.0,0.0,0.0,0.0,False,True,C:\Users\Owner\Desktop\Fall2023\CSE275\6D Pose\training_data_filtered\training_data\v2.2\2-12-2_color_kinect.png
1-92-8,jenga,35,z2|x2,685,1.393269984880868,0.26150864,0.8931573744228515,0.08339406278723642,0.5001126104580166,0.17811458083993031,0.3170055452865065,0.1650793627355118,False,True,C:\Users\Owner\Desktop\Fall2023\CSE275\6D Pose\training_data_filtered\training_data\v2.2\1-92-8_color_kinect.png
2-94-3,gelatin_box,30,z2|x2,517,0.892911566169507,0.10849442,0.892911566169507,0.10849442332983017,0.0,0.0,0.0,0.0,False,True,C:\Users\Owner\Desktop\Fall2023\CSE275\6D Pose\training_data_filtered\training_data\v2.2\2-94-3_color_kinect.png
1-34-7,gelatin_box,30,z2|x2,483,7.404785097529268,0.1616553,0.8926286493023555,0.1301131123461166,6.5121564482269125,0.031542194469984464,0.3208791208791209,0.16766657069561666,False,True,C:\Users\Owner\Desktop\Fall2023\CSE275\6D Pose\training_data_filtered\training_data\v2.2\1-34-7_color_kinect.png
1-84-19,gelatin_box,30,z2|x2,534,2.2792720252374092,0.1964123,0.8919510311489696,0.13569156673929644,1.3873209940884397,0.06072072836377668,0.37142857142857144,0.17256466787549957,False,True,C:\Users\Owner\Desktop\Fall2023\CSE275\6D Pose\training_data_filtered\training_data\v2.2\1-84-19_color_kinect.png
2-67-12,jenga,35,z2|x2,712,0.8908036476433647,0.09880059,0.8908036476433647,0.09880059212446213,0.0,0.0,0.0,0.0,False,True,C:\Users\Owner\Desktop\Fall2023\CSE275\6D Pose\training_data_filtered\training_data\v2.2\2-67-12_color_kinect.png
1-45-15,wood_block,58,z2|y2|x4,525,0.5101974591315774,0.22569567,0.8901978140049225,0.09997150573718439,-0.38000035487334505,0.1257241639138471,0.3248407643312102,0.1737493251659055,False,True,C:\Users\Owner\Desktop\Fall2023\CSE275\6D Pose\training_data_filtered\training_data\v2.2\1-45-15_color_kinect.png
2-36-8,gelatin_box,30,z2|x2,459,2.820456914366553,0.14552519,0.889192337495192,0.11309565850760252,1.9312645768713612,0.03242952874634951,0.3879120879120879,0.1457559313213937,False,True,C:\Users\Owner\Desktop\Fall2023\CSE275\6D Pose\training_data_filtered\training_data\v2.2\2-36-8_color_kinect.png
2-2-13,mustard_bottle,42,z2,1111,1.9999298693340644,0.32120448,0.8857844863522464,0.18111249438332525,1.114145382981818,0.14009198912573848,0.32005758157389635,0.1704158940431504,False,True,C:\Users\Owner\Desktop\Fall2023\CSE275\6D Pose\training_data_filtered\training_data\v2.2\2-2-13_color_kinect.png
2-59-12,cracker_box,14,z2|x2,191,2.4890571338999226,0.08960814,0.885348905773504,0.13373678810169345,1.6037082281264186,-0.04412864781190998,0.41118421052631576,0.16364488299402244,False,True,C:\Users\Owner\Desktop\Fall2023\CSE275\6D Pose\training_data_filtered\training_data\v2.2\2-59-12_color_kinect.png
1-27-6,pudding_box,51,z2|x2,220,2.412930420195468,0.04466286,0.88481541681631,0.1290335111101527,1.528115003379158,-0.08437065181931447,0.4401114206128134,0.17177892908502043,False,True,C:\Users\Owner\Desktop\Fall2023\CSE275\6D Pose\training_data_filtered\training_data\v2.2\1-27-6_color_kinect.png
2-64-20,potted_meat_can,48,z2|x2,847,0.8822638396216529,0.16186115,0.8822638396216529,0.16186115145683289,0.0,0.0,0.0,0.0,False,True,C:\Users\Owner\Desktop\Fall2023\CSE275\6D Pose\training_data_filtered\training_data\v2.2\2-64-20_color_kinect.png
2-64-20,gelatin_box,30,z2|x2,444,0.557477400130843,0.0695423,0.8821293662087648,0.09992485613506115,-0.3246519660779218,-0.030382552453687553,0.2945054945054945,0.16658513540037148,False,True,C:\Users\Owner\Desktop\Fall2023\CSE275\6D Pose\training_data_filtered\training_data\v2.2\2-64-20_color_kinect.png
1-87-19,wood_block,58,z2|y2|x4,289,1.0721509927192792,0.2137902,0.8818442056634084,0.11063576695086792,0.19030678705587079,0.10315442624924347,0.19745222929936307,0.17526194875887,False,True,C:\Users\Owner\Desktop\Fall2023\CSE275\6D Pose\training_data_filtered\training_data\v2.2\1-87-19_color_kinect.png
2-26-13,mustard_bottle,42,z2,1044,0.877991987037328,0.06073555,0.877991987037328,0.0607355497777462,0.0,0.0,0.0,0.0,False,True,C:\Users\Owner\Desktop\Fall2023\CSE275\6D Pose\training_data_filtered\training_data\v2.2\2-26-13_color_kinect.png
2-86-18,wood_block,58,z2|y2|x4,524,1.5933517863495528,0.113697164,0.8775981438653908,0.12878439041347628,0.715753642484162,-0.0150872266528142,0.33970276008492567,0.17245699556168187,False,True,C:\Users\Owner\Desktop\Fall2023\CSE275\6D Pose\training_data_filtered\training_data\v2.2\2-86-18_color_kinect.png
1-34-7,tuna_fish_can,57,zinf|x2,135,0.010678714504015984,0.12521335,0.8771725194411528,0.12164036988210625,-0.8664938049371368,0.0035729849438672634,0.4830917874396135,0.1505020858187784,False,True,C:\Users\Owner\Desktop\Fall2023\CSE275\6D Pose\training_data_filtered\training_data\v2.2\1-34-7_color_kinect.png
2-7-18,e_lego_duplo,20,z2,413,1.1378499335475731,0.15636386,0.8730888924688887,0.11700606893201597,0.2647610410786845,0.03935779084066622,0.32917705735660846,0.17058196175546678,False,True,C:\Users\Owner\Desktop\Fall2023\CSE275\6D Pose\training_data_filtered\training_data\v2.2\2-7-18_color_kinect.png
1-87-20,tuna_fish_can,57,zinf|x2,125,0.07658971910868036,0.06836332,0.8725186175881642,0.12588231934482166,-0.7959288984794838,-0.05751900298768589,0.4057971014492754,0.16187762857768032,False,True,C:\Users\Owner\Desktop\Fall2023\CSE275\6D Pose\training_data_filtered\training_data\v2.2\1-87-20_color_kinect.png
2-42-15,tuna_fish_can,57,zinf|x2,134,0.08481436586115185,0.095152974,0.8722762409585283,0.15638567790899166,-0.7874618750973764,-0.061232703780268516,0.4444444444444444,0.16890337424762492,False,True,C:\Users\Owner\Desktop\Fall2023\CSE275\6D Pose\training_data_filtered\training_data\v2.2\2-42-15_color_kinect.png
2-94-3,nine_hole_peg_test,43,no,270,2.2828194692945667,0.57783866,0.870627530095325,0.1749164514784944,1.4121919391992417,0.4029222078080046,0.2996632996632997,0.16596014185402025,False,True,C:\Users\Owner\Desktop\Fall2023\CSE275\6D Pose\training_data_filtered\training_data\v2.2\2-94-3_color_kinect.png
2-1-6,e_lego_duplo,20,z2,401,0.6187576793732069,0.10454011,0.8705523133118822,0.13246179780994974,-0.2517946339386753,-0.027921688175550324,0.32418952618453867,0.16786701616102342,False,True,C:\Users\Owner\Desktop\Fall2023\CSE275\6D Pose\training_data_filtered\training_data\v2.2\2-1-6_color_kinect.png
2-70-3,jenga,35,z2|x2,636,0.2081340749035458,0.3432168,0.869714790321209,0.11861376618403306,-0.6615807154176632,0.22460304046612867,0.2643253234750462,0.17028306569768384,False,True,C:\Users\Owner\Desktop\Fall2023\CSE275\6D Pose\training_data_filtered\training_data\v2.2\2-70-3_color_kinect.png
2-98-18,prism,50,z2,241,3.3671675750260928,0.12376762,0.8668710778533557,0.14422997230683335,2.5002964971727373,-0.020462350491628728,0.38366336633663367,0.16290336101547226,False,True,C:\Users\Owner\Desktop\Fall2023\CSE275\6D Pose\training_data_filtered\training_data\v2.2\2-98-18_color_kinect.png
2-84-0,bleach_cleanser,8,z2,1530,0.4950681131795085,0.2536482,0.866132351999892,0.08344251220601434,-0.37106423882038353,0.1702056794844306,0.2332116788321168,0.17034141659708602,False,True,C:\Users\Owner\Desktop\Fall2023\CSE275\6D Pose\training_data_filtered\training_data\v2.2\2-84-0_color_kinect.png
2-14-14,mustard_bottle,42,z2,998,0.8639847225080648,0.18002324,0.8639847225080648,0.18002323806285858,0.0,0.0,0.0,0.0,False,True,C:\Users\Owner\Desktop\Fall2023\CSE275\6D Pose\training_data_filtered\training_data\v2.2\2-14-14_color_kinect.png
1-84-16,pudding_box,51,z2|x2,215,2.1537997624368344,0.17171279,0.8619774263134274,0.11070441769848022,1.291822336123407,0.06100836826076356,0.4373259052924791,0.15475940033369756,False,True,C:\Users\Owner\Desktop\Fall2023\CSE275\6D Pose\training_data_filtered\training_data\v2.2\1-84-16_color_kinect.png
1-6-2,potted_meat_can,48,z2|x2,772,0.1931273231214852,0.22179013,0.8582559706238199,0.1117977867843595,-0.6651286475023347,0.1099923481224093,0.25834542815674894,0.1767398764930019,False,True,C:\Users\Owner\Desktop\Fall2023\CSE275\6D Pose\training_data_filtered\training_data\v2.2\1-6-2_color_kinect.png
2-52-12,g_lego_duplo,29,z2,407,2.487627314760621,0.052298635,0.8581396822884051,0.1570213293380959,1.6294876324722158,-0.10472269409372639,0.33783783783783783,0.16715889443902288,False,True,C:\Users\Owner\Desktop\Fall2023\CSE275\6D Pose\training_data_filtered\training_data\v2.2\2-52-12_color_kinect.png
2-70-3,tuna_fish_can,57,zinf|x2,64,0.15514482265850602,0.16438353,0.8580166841638832,0.15336205886886067,-0.7028718615053772,0.01102147174789958,0.21256038647342995,0.16582052963038915,False,True,C:\Users\Owner\Desktop\Fall2023\CSE275\6D Pose\training_data_filtered\training_data\v2.2\2-70-3_color_kinect.png
2-74-10,mustard_bottle,42,z2,940,5.279880443250088,0.39153606,0.8552530618674556,0.2356456283907493,4.424627381382632,0.15589042860464256,0.22312859884836853,0.16938193524358808,False,True,C:\Users\Owner\Desktop\Fall2023\CSE275\6D Pose\training_data_filtered\training_data\v2.2\2-74-10_color_kinect.png
1-82-18,gelatin_box,30,z2|x2,532,0.8509255887934994,0.10863461,0.8509255887934994,0.10863461345434189,0.0,0.0,0.0,0.0,False,True,C:\Users\Owner\Desktop\Fall2023\CSE275\6D Pose\training_data_filtered\training_data\v2.2\1-82-18_color_kinect.png
1-6-2,wood_block,58,z2|y2|x4,363,0.847863130052835,0.21765171,0.847863130052835,0.21765170991420746,0.0,0.0,0.0,0.0,False,True,C:\Users\Owner\Desktop\Fall2023\CSE275\6D Pose\training_data_filtered\training_data\v2.2\1-6-2_color_kinect.png
2-10-19,master_chef_can,39,zinf|x2,113,0.8446112548384013,0.3582737,0.8446112548384013,0.3582737147808075,0.0,0.0,0.0,0.0,False,True,C:\Users\Owner\Desktop\Fall2023\CSE275\6D Pose\training_data_filtered\training_data\v2.2\2-10-19_color_kinect.png
2-36-15,sugar_box,55,z2|x2,333,1.3299340460770126,0.07413824,0.8439282969300648,0.1264609654132773,0.48600574914694783,-0.05232272638720767,0.344954128440367,0.17011382273231399,False,True,C:\Users\Owner\Desktop\Fall2023\CSE275\6D Pose\training_data_filtered\training_data\v2.2\2-36-15_color_kinect.png
1-13-7,master_chef_can,39,zinf|x2,380,0.13743382723930284,0.063109756,0.8439146959996353,0.16037072482633324,-0.7064808687603324,-0.097260969310281,0.3575498575498576,0.16754422148386347,False,True,C:\Users\Owner\Desktop\Fall2023\CSE275\6D Pose\training_data_filtered\training_data\v2.2\1-13-7_color_kinect.png
1-40-17,wood_block,58,z2|y2|x4,535,0.8437369197127553,0.16063605,0.8437369197127553,0.1606360524892807,0.0,0.0,0.0,0.0,False,True,C:\Users\Owner\Desktop\Fall2023\CSE275\6D Pose\training_data_filtered\training_data\v2.2\1-40-17_color_kinect.png
1-88-8,wood_block,58,z2|y2|x4,573,1.47614490591803,0.104005806,0.8428099913798665,0.14644615919790097,0.6333349145381636,-0.04244035304984875,0.3641188959660297,0.17204434170074817,False,True,C:\Users\Owner\Desktop\Fall2023\CSE275\6D Pose\training_data_filtered\training_data\v2.2\1-88-8_color_kinect.png
2-59-12,jenga,35,z2|x2,519,0.31698547520944537,0.35808122,0.8421475837054583,0.10394168116215602,-0.525162108496013,0.25413954041834935,0.22365988909426987,0.17225665566366893,False,True,C:\Users\Owner\Desktop\Fall2023\CSE275\6D Pose\training_data_filtered\training_data\v2.2\2-59-12_color_kinect.png
2-55-10,tuna_fish_can,57,zinf|x2,132,0.10938098934353208,0.17715886,0.8416023123529942,0.12599421911838005,-0.7322213230094621,0.05116464323399117,0.5120772946859904,0.14406485092863644,False,True,C:\Users\Owner\Desktop\Fall2023\CSE275\6D Pose\training_data_filtered\training_data\v2.2\2-55-10_color_kinect.png
2-79-3,sugar_box,55,z2|x2,324,2.2411552618028696,0.047905467,0.8409718356909063,0.12170266003369283,1.4001834261119632,-0.07379719258307409,0.44587155963302755,0.17215569351474674,False,True,C:\Users\Owner\Desktop\Fall2023\CSE275\6D Pose\training_data_filtered\training_data\v2.2\2-79-3_color_kinect.png
1-36-9,gelatin_box,30,z2|x2,521,0.7537940814818347,0.07404835,0.8398176246935106,0.1070206598356285,-0.08602354321167593,-0.032972312064460746,0.3758241758241758,0.17014802223468534,False,True,C:\Users\Owner\Desktop\Fall2023\CSE275\6D Pose\training_data_filtered\training_data\v2.2\1-36-9_color_kinect.png
2-7-18,mustard_bottle,42,z2,1027,0.8389649745436445,0.20847914,0.8389649745436445,0.2084791362285614,0.0,0.0,0.0,0.0,False,True,C:\Users\Owner\Desktop\Fall2023\CSE275\6D Pose\training_data_filtered\training_data\v2.2\2-7-18_color_kinect.png
1-7-7,jenga,35,z2|x2,638,0.899503745573617,0.27560064,0.8377920249507217,0.12153626500273586,0.061711720622895316,0.15406437696313025,0.32070240295748614,0.16703692339168724,False,True,C:\Users\Owner\Desktop\Fall2023\CSE275\6D Pose\training_data_filtered\training_data\v2.2\1-7-7_color_kinect.png
1-86-1,wood_block,58,z2|y2|x4,520,0.8359423355602681,0.09462868,0.8359423355602681,0.09462867677211761,0.0,0.0,0.0,0.0,False,True,C:\Users\Owner\Desktop\Fall2023\CSE275\6D Pose\training_data_filtered\training_data\v2.2\1-86-1_color_kinect.png
1-27-10,cracker_box,14,z2|x2,184,0.8351599838320557,0.10351298,0.8351599838320557,0.10351298004388809,0.0,0.0,0.0,0.0,False,True,C:\Users\Owner\Desktop\Fall2023\CSE275\6D Pose\training_data_filtered\training_data\v2.2\1-27-10_color_kinect.png
2-63-8,tuna_fish_can,57,zinf|x2,131,0.10647028720827269,0.07303526,0.8345323494461643,0.13425091051000648,-0.7280620622378916,-0.06121564798492485,0.4492753623188406,0.15873708781604223,False,True,C:\Users\Owner\Desktop\Fall2023\CSE275\6D Pose\training_data_filtered\training_data\v2.2\2-63-8_color_kinect.png
1-20-8,tuna_fish_can,57,zinf|x2,123,0.13991965080361773,0.04492099,0.8339855397496685,0.13961730530226418,-0.6940658889460507,-0.09469631692135522,0.463768115942029,0.1654011736871979,False,True,C:\Users\Owner\Desktop\Fall2023\CSE275\6D Pose\training_data_filtered\training_data\v2.2\1-20-8_color_kinect.png
1-46-6,tuna_fish_can,57,zinf|x2,130,0.14196784531289,0.04853226,0.8325234469133483,0.12585560932334616,-0.6905556016004584,-0.0773233506041403,0.46859903381642515,0.16495213267577255,False,True,C:\Users\Owner\Desktop\Fall2023\CSE275\6D Pose\training_data_filtered\training_data\v2.2\1-46-6_color_kinect.png
2-14-14,cracker_box,14,z2|x2,199,0.8319986753030832,0.17946167,0.8319986753030832,0.17946167290210724,0.0,0.0,0.0,0.0,False,True,C:\Users\Owner\Desktop\Fall2023\CSE275\6D Pose\training_data_filtered\training_data\v2.2\2-14-14_color_kinect.png
2-1-6,jenga,35,z2|x2,657,0.13519272277348993,0.19644748,0.8311885013170671,0.119432440560304,-0.6959957785435772,0.0770150361843478,0.3678373382624769,0.15110594225986343,False,True,C:\Users\Owner\Desktop\Fall2023\CSE275\6D Pose\training_data_filtered\training_data\v2.2\2-1-6_color_kinect.png
1-58-12,gelatin_box,30,z2|x2,546,0.8296993376742101,0.25710315,0.8296993376742101,0.2571031451225281,0.0,0.0,0.0,0.0,False,True,C:\Users\Owner\Desktop\Fall2023\CSE275\6D Pose\training_data_filtered\training_data\v2.2\1-58-12_color_kinect.png
2-30-8,foam_brick,26,z2|x4|y2,498,0.8294633044682581,0.045364756,0.8294633044682581,0.045364756137132645,0.0,0.0,0.0,0.0,False,True,C:\Users\Owner\Desktop\Fall2023\CSE275\6D Pose\training_data_filtered\training_data\v2.2\2-30-8_color_kinect.png
2-63-11,jenga,35,z2|x2,676,0.4465293896407498,0.10614698,0.8285941973026464,0.09762892879737223,-0.3820648076618966,0.008518047554365749,0.3299445471349353,0.16390470511424218,False,True,C:\Users\Owner\Desktop\Fall2023\CSE275\6D Pose\training_data_filtered\training_data\v2.2\2-63-11_color_kinect.png
1-19-1,wood_block,58,z2|y2|x4,448,0.8282342319662901,0.23278892,0.8282342319662901,0.23278892040252686,0.0,0.0,0.0,0.0,False,True,C:\Users\Owner\Desktop\Fall2023\CSE275\6D Pose\training_data_filtered\training_data\v2.2\1-19-1_color_kinect.png
2-58-11,foam_brick,26,z2|x4|y2,506,0.8277646356234755,0.14698449,0.8277646356234755,0.14698448777198792,0.0,0.0,0.0,0.0,False,True,C:\Users\Owner\Desktop\Fall2023\CSE275\6D Pose\training_data_filtered\training_data\v2.2\2-58-11_color_kinect.png
2-63-13,jenga,35,z2|x2,528,0.8268213175269901,0.3053718,0.8268213175269901,0.30537179112434387,0.0,0.0,0.0,0.0,False,True,C:\Users\Owner\Desktop\Fall2023\CSE275\6D Pose\training_data_filtered\training_data\v2.2\2-63-13_color_kinect.png
2-93-9,prism,50,z2,276,4.149530156695957,0.276408,0.8254259909813109,0.1547854262455859,3.324104165714646,0.12162256063376287,0.46534653465346537,0.17152377250205572,False,True,C:\Users\Owner\Desktop\Fall2023\CSE275\6D Pose\training_data_filtered\training_data\v2.2\2-93-9_color_kinect.png
1-83-10,gelatin_box,30,z2|x2,551,0.8246428071634344,0.20815875,0.8246428071634344,0.20815874636173248,0.0,0.0,0.0,0.0,False,True,C:\Users\Owner\Desktop\Fall2023\CSE275\6D Pose\training_data_filtered\training_data\v2.2\1-83-10_color_kinect.png
1-3-1,jenga,35,z2|x2,720,0.7470542057132559,0.09343718,0.8206168221620502,0.08801164070422089,-0.07356261644879436,0.005425539218836664,0.34842883548983367,0.16770949781933636,False,True,C:\Users\Owner\Desktop\Fall2023\CSE275\6D Pose\training_data_filtered\training_data\v2.2\1-3-1_color_kinect.png
2-17-9,rubiks_cube,52,z4|x4|y4,522,2.216490569304565,0.097367264,0.8195765505342385,0.14136618770726947,1.3969140187703266,-0.043998923376882354,0.3579295154185022,0.16629288981921433,False,True,C:\Users\Owner\Desktop\Fall2023\CSE275\6D Pose\training_data_filtered\training_data\v2.2\2-17-9_color_kinect.png
2-42-15,jenga,35,z2|x2,706,0.37749137915612924,0.08393236,0.8170708002061068,0.09603891125105547,-0.43957942104997755,-0.012106548754202598,0.34935304990757854,0.16466294138668403,False,True,C:\Users\Owner\Desktop\Fall2023\CSE275\6D Pose\training_data_filtered\training_data\v2.2\2-42-15_color_kinect.png
2-45-5,potted_meat_can,48,z2|x2,807,0.8162854025474356,0.073394686,0.8162854025474356,0.07339468598365784,0.0,0.0,0.0,0.0,False,True,C:\Users\Owner\Desktop\Fall2023\CSE275\6D Pose\training_data_filtered\training_data\v2.2\2-45-5_color_kinect.png
2-71-10,sugar_box,55,z2|x2,335,1.341975194508916,0.08832905,0.8134346753593312,0.14837213903063867,0.5285405191495848,-0.060043092065993287,0.48440366972477067,0.14531042206928435,False,True,C:\Users\Owner\Desktop\Fall2023\CSE275\6D Pose\training_data_filtered\training_data\v2.2\2-71-10_color_kinect.png
2-21-14,foam_brick,26,z2|x4|y2,516,0.8121296468391876,0.16492607,0.8121296468391876,0.16492606699466705,0.0,0.0,0.0,0.0,False,True,C:\Users\Owner\Desktop\Fall2023\CSE275\6D Pose\training_data_filtered\training_data\v2.2\2-21-14_color_kinect.png
2-52-0,g_lego_duplo,29,z2,375,5.185704530462176,0.31834507,0.8110527357562879,0.16611432266142226,4.374651794705888,0.15223074722383165,0.269041769041769,0.17501724723202183,False,True,C:\Users\Owner\Desktop\Fall2023\CSE275\6D Pose\training_data_filtered\training_data\v2.2\2-52-0_color_kinect.png
2-84-0,sugar_box,55,z2|x2,318,1.2678207936312353,0.13208014,0.8110061589133297,0.12502425511389648,0.4568146347179056,0.007055882615748299,0.3541284403669725,0.16469764786237712,False,True,C:\Users\Owner\Desktop\Fall2023\CSE275\6D Pose\training_data_filtered\training_data\v2.2\2-84-0_color_kinect.png
2-26-15,foam_brick,26,z2|x4|y2,515,0.8103020466058054,0.22198188,0.8103020466058054,0.22198188304901123,0.0,0.0,0.0,0.0,False,True,C:\Users\Owner\Desktop\Fall2023\CSE275\6D Pose\training_data_filtered\training_data\v2.2\2-26-15_color_kinect.png
2-68-12,potted_meat_can,48,z2|x2,775,3.829237057960942,0.09624956,0.8087588898980295,0.14044679933256124,3.0204781680629122,-0.04419724130100225,0.28011611030478956,0.16914511928760836,False,True,C:\Users\Owner\Desktop\Fall2023\CSE275\6D Pose\training_data_filtered\training_data\v2.2\2-68-12_color_kinect.png
2-56-0,tuna_fish_can,57,zinf|x2,131,0.09233959158771565,0.12365782,0.8052999244939775,0.14983060343711643,-0.7129603329062618,-0.02617278082816868,0.4057971014492754,0.14985955806457943,False,True,C:\Users\Owner\Desktop\Fall2023\CSE275\6D Pose\training_data_filtered\training_data\v2.2\2-56-0_color_kinect.png
2-69-12,tuna_fish_can,57,zinf|x2,124,0.13836473872697858,0.07155824,0.8031339656442086,0.13762548135989305,-0.6647692269172301,-0.06606724428408739,0.42028985507246375,0.16841929995970895,False,True,C:\Users\Owner\Desktop\Fall2023\CSE275\6D Pose\training_data_filtered\training_data\v2.2\2-69-12_color_kinect.png
2-10-19,mustard_bottle,42,z2,1065,0.8350095618644279,0.33088374,0.800013833858827,0.12920731237789773,0.03499572800560091,0.20167642900088645,0.33397312859884837,0.16558829517227805,False,True,C:\Users\Owner\Desktop\Fall2023\CSE275\6D Pose\training_data_filtered\training_data\v2.2\2-10-19_color_kinect.png
2-98-18,tuna_fish_can,57,zinf|x2,128,0.04903365575588465,0.1285284,0.7982091150318998,0.11955953431065065,-0.7491754592760151,0.008968866944956952,0.42995169082125606,0.16435902111169878,False,True,C:\Users\Owner\Desktop\Fall2023\CSE275\6D Pose\training_data_filtered\training_data\v2.2\2-98-18_color_kinect.png
2-13-16,cracker_box,14,z2|x2,167,0.7971957041053017,0.15874359,0.7971957041053017,0.15874359011650085,0.0,0.0,0.0,0.0,False,True,C:\Users\Owner\Desktop\Fall2023\CSE275\6D Pose\training_data_filtered\training_data\v2.2\2-13-16_color_kinect.png
2-6-11,mustard_bottle,42,z2,1014,1.1501213950708724,0.51750857,0.7969843634540418,0.18478134840757826,0.35313703161683063,0.33272721797196886,0.21209213051823417,0.1769556593043645,False,True,C:\Users\Owner\Desktop\Fall2023\CSE275\6D Pose\training_data_filtered\training_data\v2.2\2-6-11_color_kinect.png
2-35-4,d_toy_airplane,18,zinf,133,0.020488157274425295,0.20121004,0.7966048406822476,0.2101243111687682,-0.7761166834078222,-0.008914274294950758,0.3471337579617834,0.17021953203457407,False,True,C:\Users\Owner\Desktop\Fall2023\CSE275\6D Pose\training_data_filtered\training_data\v2.2\2-35-4_color_kinect.png
2-11-1,rubiks_cube,52,z4|x4|y4,517,1.9223244902365522,0.074120186,0.7945335094045798,0.15424251062003566,1.1277909808319724,-0.08012232435075237,0.3777533039647577,0.17526537027085726,False,True,C:\Users\Owner\Desktop\Fall2023\CSE275\6D Pose\training_data_filtered\training_data\v2.2\2-11-1_color_kinect.png
1-21-5,cracker_box,14,z2|x2,189,0.7929046595343141,0.1396634,0.7929046595343141,0.13966339826583862,0.0,0.0,0.0,0.0,False,True,C:\Users\Owner\Desktop\Fall2023\CSE275\6D Pose\training_data_filtered\training_data\v2.2\1-21-5_color_kinect.png
2-63-13,a_lego_duplo,1,z2,190,1.2152457136792552,0.14926185,0.7914887329998835,0.13227240053467185,0.4237569806793716,0.016989446603733,0.3556581986143187,0.1730072935049043,False,True,C:\Users\Owner\Desktop\Fall2023\CSE275\6D Pose\training_data_filtered\training_data\v2.2\2-63-13_color_kinect.png
1-5-11,potted_meat_can,48,z2|x2,856,0.7900083015323572,0.1799636,0.7900083015323572,0.1799636036157608,0.0,0.0,0.0,0.0,False,True,C:\Users\Owner\Desktop\Fall2023\CSE275\6D Pose\training_data_filtered\training_data\v2.2\1-5-11_color_kinect.png
1-97-9,potted_meat_can,48,z2|x2,603,2.083134404972939,0.65032077,0.7892318555621894,0.14206028804313306,1.2939025494107494,0.5082604803131902,0.24891146589259797,0.17082774057435535,False,True,C:\Users\Owner\Desktop\Fall2023\CSE275\6D Pose\training_data_filtered\training_data\v2.2\1-97-9_color_kinect.png
1-91-8,jenga,35,z2|x2,477,1.128722809708248,0.44047073,0.7891085287608758,0.09052183209341287,0.3396142809473722,0.349948893204515,0.2874306839186691,0.16078020270870214,False,True,C:\Users\Owner\Desktop\Fall2023\CSE275\6D Pose\training_data_filtered\training_data\v2.2\1-91-8_color_kinect.png
1-34-8,pudding_box,51,z2|x2,210,1.4781055104191103,0.062393136,0.7890227699880447,0.12474606171703403,0.6890827404310657,-0.06235292539453571,0.43454038997214484,0.1594985929513085,False,True,C:\Users\Owner\Desktop\Fall2023\CSE275\6D Pose\training_data_filtered\training_data\v2.2\1-34-8_color_kinect.png
2-67-12,potted_meat_can,48,z2|x2,791,0.7243026750559548,0.22323938,0.7864156118624409,0.14178545280839444,-0.06211293680648611,0.0814539243326044,0.30914368650217705,0.17126990808198708,False,True,C:\Users\Owner\Desktop\Fall2023\CSE275\6D Pose\training_data_filtered\training_data\v2.2\2-67-12_color_kinect.png
2-21-18,foam_brick,26,z2|x4|y2,385,0.7861873869092947,0.53935957,0.7861873869092947,0.5393595695495605,0.0,0.0,0.0,0.0,False,True,C:\Users\Owner\Desktop\Fall2023\CSE275\6D Pose\training_data_filtered\training_data\v2.2\2-21-18_color_kinect.png
1-78-20,rubiks_cube,52,z4|x4|y4,459,0.7839903473165566,0.2461123,0.7839903473165566,0.24611230194568634,0.0,0.0,0.0,0.0,False,True,C:\Users\Owner\Desktop\Fall2023\CSE275\6D Pose\training_data_filtered\training_data\v2.2\1-78-20_color_kinect.png
2-45-5,mustard_bottle,42,z2,888,0.7192554932524164,0.28543112,0.7832576760951783,0.12670248646096682,-0.06400218284276182,0.1587286303584149,0.20441458733205375,0.16831233956773112,False,True,C:\Users\Owner\Desktop\Fall2023\CSE275\6D Pose\training_data_filtered\training_data\v2.2\2-45-5_color_kinect.png
1-44-3,wood_block,58,z2|y2|x4,540,0.5820052924059904,0.121771134,0.7822135763110825,0.08744464009211064,-0.20020828390509204,0.03432649434401988,0.35668789808917195,0.171104931087463,False,True,C:\Users\Owner\Desktop\Fall2023\CSE275\6D Pose\training_data_filtered\training_data\v2.2\1-44-3_color_kinect.png
1-39-6,gelatin_box,30,z2|x2,526,0.514673769795965,0.13953249,0.7792719749898257,0.12909714814762657,-0.2645982051938607,0.010435343417124099,0.3505494505494505,0.17121345914674066,False,True,C:\Users\Owner\Desktop\Fall2023\CSE275\6D Pose\training_data_filtered\training_data\v2.2\1-39-6_color_kinect.png
1-7-7,pudding_box,51,z2|x2,222,1.5299596874674828,0.09954224,0.7792641201356078,0.09051349317269332,0.750695567331875,0.009028744645547801,0.42896935933147634,0.15983092003180216,False,True,C:\Users\Owner\Desktop\Fall2023\CSE275\6D Pose\training_data_filtered\training_data\v2.2\1-7-7_color_kinect.png
2-23-8,d_toy_airplane,18,zinf,125,0.1324730505335103,0.22944923,0.7789111413610509,0.16144464269248499,-0.6464380908275406,0.06800458475979315,0.3375796178343949,0.1699309227934209,False,True,C:\Users\Owner\Desktop\Fall2023\CSE275\6D Pose\training_data_filtered\training_data\v2.2\2-23-8_color_kinect.png
2-26-17,gelatin_box,30,z2|x2,451,0.7790301885395216,0.21301341,0.7783941099264512,0.12126334944047648,0.0006360786130703566,0.09175006112776082,0.31648351648351647,0.16937068385566256,False,True,C:\Users\Owner\Desktop\Fall2023\CSE275\6D Pose\training_data_filtered\training_data\v2.2\2-26-17_color_kinect.png
2-46-0,g_lego_duplo,29,z2,411,3.4952091529393337,0.7942064,0.7781633361527049,0.16218940647392519,2.7170458167866287,0.632016974370191,0.36732186732186733,0.17114296665328396,False,True,C:\Users\Owner\Desktop\Fall2023\CSE275\6D Pose\training_data_filtered\training_data\v2.2\2-46-0_color_kinect.png
1-14-7,rubiks_cube,52,z4|x4|y4,496,2.2381125139928604,0.15506487,0.7777030183594471,0.13161977500918493,1.4604094956334133,0.02344509093758479,0.34801762114537443,0.1722854223104834,False,True,C:\Users\Owner\Desktop\Fall2023\CSE275\6D Pose\training_data_filtered\training_data\v2.2\1-14-7_color_kinect.png
2-59-12,g_lego_duplo,29,z2,379,1.3727229642648635,0.15932696,0.777410550463272,0.13680043232842146,0.5953124138015915,0.02252652334765734,0.3181818181818182,0.16825132534512593,False,True,C:\Users\Owner\Desktop\Fall2023\CSE275\6D Pose\training_data_filtered\training_data\v2.2\2-59-12_color_kinect.png
1-34-8,wood_block,58,z2|y2|x4,536,2.9258061991301036,0.32028654,0.7758204042026693,0.1776443771773302,2.149985794927434,0.14264216499987012,0.3237791932059448,0.1733268423994506,False,True,C:\Users\Owner\Desktop\Fall2023\CSE275\6D Pose\training_data_filtered\training_data\v2.2\1-34-8_color_kinect.png
2-54-15,rubiks_cube,52,z4|x4|y4,506,2.9576943981165926,0.08839047,0.7741767652854797,0.11574301031749433,2.183517632831113,-0.027352540766407904,0.3491189427312775,0.17234874679815437,False,True,C:\Users\Owner\Desktop\Fall2023\CSE275\6D Pose\training_data_filtered\training_data\v2.2\2-54-15_color_kinect.png
2-11-3,mustard_bottle,42,z2,1096,1.0288924659202823,0.09349644,0.7738779111241546,0.17143179874690553,0.25501455479612767,-0.07793535690578005,0.32341650671785027,0.16982161356965292,False,True,C:\Users\Owner\Desktop\Fall2023\CSE275\6D Pose\training_data_filtered\training_data\v2.2\2-11-3_color_kinect.png
2-80-11,potted_meat_can,48,z2|x2,780,3.583855074301531,0.3047106,0.7728331092476906,0.1407299688415315,2.8110219650538406,0.16398062795831897,0.2880986937590711,0.1686415072757802,False,True,C:\Users\Owner\Desktop\Fall2023\CSE275\6D Pose\training_data_filtered\training_data\v2.2\2-80-11_color_kinect.png
2-21-18,master_chef_can,39,zinf|x2,375,0.0170039162008406,0.08345069,0.7713657923193881,0.14286497906973336,-0.7543618761185474,-0.059414289157891015,0.3148148148148148,0.16581212825128583,False,True,C:\Users\Owner\Desktop\Fall2023\CSE275\6D Pose\training_data_filtered\training_data\v2.2\2-21-18_color_kinect.png
1-54-18,jenga,35,z2|x2,465,1.0548322684454958,0.39547482,0.7711427135501157,0.196002842803238,0.28368955489538017,0.19947197852587883,0.2412199630314233,0.1650893461267598,False,True,C:\Users\Owner\Desktop\Fall2023\CSE275\6D Pose\training_data_filtered\training_data\v2.2\1-54-18_color_kinect.png
2-12-2,rubiks_cube,52,z4|x4|y4,487,2.914264236199969,0.14538755,0.7703283803281912,0.10121422938256482,2.143935855871778,0.04417331584543964,0.3744493392070485,0.17036494753553558,False,True,C:\Users\Owner\Desktop\Fall2023\CSE275\6D Pose\training_data_filtered\training_data\v2.2\2-12-2_color_kinect.png
1-88-8,tuna_fish_can,57,zinf|x2,126,0.2044916502849813,0.12954247,0.7678631170798113,0.15553137016413926,-0.56337146679483,-0.02598890018580674,0.45893719806763283,0.16704454243485098,False,True,C:\Users\Owner\Desktop\Fall2023\CSE275\6D Pose\training_data_filtered\training_data\v2.2\1-88-8_color_kinect.png
1-20-2,rubiks_cube,52,z4|x4|y4,494,0.6533980971833249,0.3508536,0.7666756386836469,0.09858006252357301,-0.11327754150032199,0.2522735296337909,0.33370044052863435,0.17440153490839339,False,True,C:\Users\Owner\Desktop\Fall2023\CSE275\6D Pose\training_data_filtered\training_data\v2.2\1-20-2_color_kinect.png
2-34-12,wood_block,58,z2|y2|x4,565,1.9918489483020865,0.16185075,0.7646754570702827,0.1674445797566699,1.2271734912318037,-0.005593829310350323,0.35456475583864117,0.17331027763409715,False,True,C:\Users\Owner\Desktop\Fall2023\CSE275\6D Pose\training_data_filtered\training_data\v2.2\2-34-12_color_kinect.png
2-2-6,cracker_box,14,z2|x2,142,1.250081440376517,0.51263636,0.7587199646953972,0.1057543677644149,0.4913614756811199,0.40688199574190226,0.2894736842105263,0.16243127869342547,False,True,C:\Users\Owner\Desktop\Fall2023\CSE275\6D Pose\training_data_filtered\training_data\v2.2\2-2-6_color_kinect.png
2-6-14,jenga,35,z2|x2,683,0.7564987098667066,0.14347671,0.7564987098667066,0.1434767097234726,0.0,0.0,0.0,0.0,False,True,C:\Users\Owner\Desktop\Fall2023\CSE275\6D Pose\training_data_filtered\training_data\v2.2\2-6-14_color_kinect.png
1-60-16,potted_meat_can,48,z2|x2,786,1.6050325837758952,0.34779453,0.7553397554360475,0.18021930577921327,0.8496928283398477,0.16757522699666563,0.29390420899854863,0.1709499456703996,False,True,C:\Users\Owner\Desktop\Fall2023\CSE275\6D Pose\training_data_filtered\training_data\v2.2\1-60-16_color_kinect.png
2-8-3,e_lego_duplo,20,z2,394,1.5950395624275837,0.11033404,0.7521971606337423,0.10787497266994286,0.8428424017938414,0.0024590660644931706,0.32169576059850374,0.1758106440704041,False,True,C:\Users\Owner\Desktop\Fall2023\CSE275\6D Pose\training_data_filtered\training_data\v2.2\2-8-3_color_kinect.png
1-79-2,rubiks_cube,52,z4|x4|y4,482,0.7521346301321992,0.25978333,0.7521346301321992,0.2597833275794983,0.0,0.0,0.0,0.0,False,True,C:\Users\Owner\Desktop\Fall2023\CSE275\6D Pose\training_data_filtered\training_data\v2.2\1-79-2_color_kinect.png
2-93-1,jenga,35,z2|x2,668,1.9916343986353866,0.17911376,0.7519370106420833,0.24207326714488742,1.2396973879933033,-0.06295950655433413,0.27726432532347506,0.17087424546402358,False,True,C:\Users\Owner\Desktop\Fall2023\CSE275\6D Pose\training_data_filtered\training_data\v2.2\2-93-1_color_kinect.png
1-2-18,potted_meat_can,48,z2|x2,776,2.7753590873625686,0.10910256,0.7508423393013246,0.10033660314406866,2.0245167480612443,0.008765958925824227,0.2888243831640058,0.17499379995867148,False,True,C:\Users\Owner\Desktop\Fall2023\CSE275\6D Pose\training_data_filtered\training_data\v2.2\1-2-18_color_kinect.png
1-1-4,master_chef_can,39,zinf|x2,369,0.03770275481997465,0.10190664,0.7474123762832472,0.13784175484194636,-0.7097096214632725,-0.035935112524174445,0.358974358974359,0.1691438456899113,False,True,C:\Users\Owner\Desktop\Fall2023\CSE275\6D Pose\training_data_filtered\training_data\v2.2\1-1-4_color_kinect.png
2-76-9,gelatin_box,30,z2|x2,487,2.48984576135616,0.10081558,0.7473658671935312,0.15697056804413398,1.7424798941626292,-0.05615498874897559,0.33406593406593404,0.16923399285492013,False,True,C:\Users\Owner\Desktop\Fall2023\CSE275\6D Pose\training_data_filtered\training_data\v2.2\2-76-9_color_kinect.png
2-80-6,b_lego_duplo,5,z4,174,0.5800424796979993,0.18511757,0.7465160787963692,0.19112778458167018,-0.1664735990983699,-0.00601021203566493,0.2915451895043732,0.17761780794077575,False,True,C:\Users\Owner\Desktop\Fall2023\CSE275\6D Pose\training_data_filtered\training_data\v2.2\2-80-6_color_kinect.png
2-98-18,mustard_bottle,42,z2,840,0.7457446059275216,0.29027265,0.7457446059275216,0.29027265310287476,0.0,0.0,0.0,0.0,False,True,C:\Users\Owner\Desktop\Fall2023\CSE275\6D Pose\training_data_filtered\training_data\v2.2\2-98-18_color_kinect.png
2-36-8,pudding_box,51,z2|x2,199,1.4573575134775139,0.06320619,0.7437319930994245,0.10756800355063927,0.7136255203780894,-0.044361815169921034,0.37604456824512533,0.1579370635263173,False,True,C:\Users\Owner\Desktop\Fall2023\CSE275\6D Pose\training_data_filtered\training_data\v2.2\2-36-8_color_kinect.png
1-56-1,tomato_soup_can,56,zinf|x2,715,0.038058009724600154,0.07727813,0.7436386785352531,0.12229704287008067,-0.705580668810653,-0.045018913113630016,0.2977396726422447,0.175182618133109,False,True,C:\Users\Owner\Desktop\Fall2023\CSE275\6D Pose\training_data_filtered\training_data\v2.2\1-56-1_color_kinect.png
2-12-2,tuna_fish_can,57,zinf|x2,134,0.08385461659600892,0.14361945,0.7435432691304632,0.12582010786957107,-0.6596886525344543,0.017799340076977394,0.4492753623188406,0.15722500293378094,False,True,C:\Users\Owner\Desktop\Fall2023\CSE275\6D Pose\training_data_filtered\training_data\v2.2\2-12-2_color_kinect.png
1-83-10,wood_block,58,z2|y2|x4,524,0.7435166650422999,0.10017904,0.7435166650422999,0.1001790389418602,0.0,0.0,0.0,0.0,False,True,C:\Users\Owner\Desktop\Fall2023\CSE275\6D Pose\training_data_filtered\training_data\v2.2\1-83-10_color_kinect.png
2-76-9,wood_block,58,z2|y2|x4,575,1.3017988800056852,0.16086297,0.742797036675255,0.16779256857138866,0.5590018433304302,-0.006929601199448049,0.32696390658174096,0.17119377708416672,False,True,C:\Users\Owner\Desktop\Fall2023\CSE275\6D Pose\training_data_filtered\training_data\v2.2\2-76-9_color_kinect.png
2-11-4,g_lego_duplo,29,z2,440,1.12949369547968,0.069695756,0.7418108946971236,0.19280770782483617,0.38768280078255635,-0.12311195198548833,0.35135135135135137,0.1714023628657254,False,True,C:\Users\Owner\Desktop\Fall2023\CSE275\6D Pose\training_data_filtered\training_data\v2.2\2-11-4_color_kinect.png
2-29-1,master_chef_can,39,zinf|x2,367,0.05781871372926382,0.087217666,0.7417184720747755,0.11633894242283187,-0.6838997583455116,-0.02912127621408782,0.3660968660968661,0.17043665894327636,False,True,C:\Users\Owner\Desktop\Fall2023\CSE275\6D Pose\training_data_filtered\training_data\v2.2\2-29-1_color_kinect.png
2-74-10,potted_meat_can,48,z2|x2,759,3.901434372271491,0.22352383,0.7416651045827583,0.15468778770531147,3.159769267688733,0.06883603770171673,0.274310595065312,0.17211028887134566,False,True,C:\Users\Owner\Desktop\Fall2023\CSE275\6D Pose\training_data_filtered\training_data\v2.2\2-74-10_color_kinect.png
2-4-10,tuna_fish_can,57,zinf|x2,119,0.16339834960950042,0.33817434,0.7389952623124584,0.26453306620446443,-0.575596912702958,0.07364127690466643,0.33816425120772947,0.1749974024636674,False,True,C:\Users\Owner\Desktop\Fall2023\CSE275\6D Pose\training_data_filtered\training_data\v2.2\2-4-10_color_kinect.png
2-35-10,sugar_box,55,z2|x2,333,1.8497305505836301,0.09587628,0.7381099585770938,0.12287572361236218,1.1116205920065363,-0.02699944711928967,0.3926605504587156,0.17609196639465396,False,True,C:\Users\Owner\Desktop\Fall2023\CSE275\6D Pose\training_data_filtered\training_data\v2.2\2-35-10_color_kinect.png
2-93-9,master_chef_can,39,zinf|x2,378,0.02603513377335725,0.11474343,0.7377725930082605,0.11918694225094678,-0.7117374592349033,-0.00444351580880048,0.3319088319088319,0.1711291579083455,False,True,C:\Users\Owner\Desktop\Fall2023\CSE275\6D Pose\training_data_filtered\training_data\v2.2\2-93-9_color_kinect.png
1-61-14,cracker_box,14,z2|x2,170,1.8230565044556855,0.16359887,0.7350631137501172,0.15356003735238544,1.0879933907055683,0.010038827918229187,0.3519736842105263,0.16763852031856064,False,True,C:\Users\Owner\Desktop\Fall2023\CSE275\6D Pose\training_data_filtered\training_data\v2.2\1-61-14_color_kinect.png
2-2-6,tuna_fish_can,57,zinf|x2,116,0.7287345648916863,0.2891789,0.7337809496544936,0.20370759775202793,-0.005046384762807277,0.08547131011921841,0.357487922705314,0.16955966307439072,False,True,C:\Users\Owner\Desktop\Fall2023\CSE275\6D Pose\training_data_filtered\training_data\v2.2\2-2-6_color_kinect.png
2-74-5,gelatin_box,30,z2|x2,545,0.7296643210578023,0.17610471,0.7296643210578023,0.17610470950603485,0.0,0.0,0.0,0.0,False,True,C:\Users\Owner\Desktop\Fall2023\CSE275\6D Pose\training_data_filtered\training_data\v2.2\2-74-5_color_kinect.png
2-63-13,e_toy_airplane,21,z2,139,0.7291517680117291,0.13786791,0.7291517680117291,0.13786791265010834,0.0,0.0,0.0,0.0,False,True,C:\Users\Owner\Desktop\Fall2023\CSE275\6D Pose\training_data_filtered\training_data\v2.2\2-63-13_color_kinect.png
1-99-12,wood_block,58,z2|y2|x4,519,0.7276254521774983,0.3149773,0.7276254521774983,0.3149772882461548,0.0,0.0,0.0,0.0,False,True,C:\Users\Owner\Desktop\Fall2023\CSE275\6D Pose\training_data_filtered\training_data\v2.2\1-99-12_color_kinect.png
2-59-12,rubiks_cube,52,z4|x4|y4,514,1.8843391048172453,0.057286624,0.727309166746818,0.11203111498323634,1.1570299380704272,-0.05474449111787036,0.33370044052863435,0.17196168152791186,False,True,C:\Users\Owner\Desktop\Fall2023\CSE275\6D Pose\training_data_filtered\training_data\v2.2\2-59-12_color_kinect.png
1-87-19,tuna_fish_can,57,zinf|x2,120,0.13940131218001015,0.047302958,0.7269593951432272,0.11139706713281493,-0.587558082963217,-0.06409410950861792,0.3864734299516908,0.1625845486054127,False,True,C:\Users\Owner\Desktop\Fall2023\CSE275\6D Pose\training_data_filtered\training_data\v2.2\1-87-19_color_kinect.png
2-2-6,e_lego_duplo,20,z2,377,0.6455467789419487,0.13410015,0.7253188944415057,0.04662843113141305,-0.07977211549955698,0.08747172291083091,0.3553615960099751,0.1693536789649967,False,True,C:\Users\Owner\Desktop\Fall2023\CSE275\6D Pose\training_data_filtered\training_data\v2.2\2-2-6_color_kinect.png
1-83-6,pudding_box,51,z2|x2,202,1.3965587876561658,0.028819881,0.7237652964302494,0.11124296417427773,0.6727934912259164,-0.08242308279467339,0.46518105849582175,0.16667470343745,False,True,C:\Users\Owner\Desktop\Fall2023\CSE275\6D Pose\training_data_filtered\training_data\v2.2\1-83-6_color_kinect.png
2-38-17,mustard_bottle,42,z2,939,6.588474551405777,0.2510862,0.7220524427177791,0.19570886807415483,5.866422108687997,0.0553773371699095,0.20201535508637236,0.1747652457957757,False,True,C:\Users\Owner\Desktop\Fall2023\CSE275\6D Pose\training_data_filtered\training_data\v2.2\2-38-17_color_kinect.png
1-39-6,tuna_fish_can,57,zinf|x2,128,0.11981457803391567,0.2310598,0.7201737946357694,0.21250095425002216,-0.6003592166018537,0.018558850308731806,0.4444444444444444,0.1548980350018748,False,True,C:\Users\Owner\Desktop\Fall2023\CSE275\6D Pose\training_data_filtered\training_data\v2.2\1-39-6_color_kinect.png
2-32-19,tuna_fish_can,57,zinf|x2,129,0.10891039553588669,0.21700047,0.7183770880543007,0.16643815443487317,-0.609466692518414,0.05056231513051837,0.4396135265700483,0.15327001900078327,False,True,C:\Users\Owner\Desktop\Fall2023\CSE275\6D Pose\training_data_filtered\training_data\v2.2\2-32-19_color_kinect.png
1-51-4,potted_meat_can,48,z2|x2,695,2.4279321577146873,0.15256093,0.7180381928314696,0.10817926022632829,1.7098939648832177,0.04438167419807204,0.2677793904208999,0.17232582818160003,False,True,C:\Users\Owner\Desktop\Fall2023\CSE275\6D Pose\training_data_filtered\training_data\v2.2\1-51-4_color_kinect.png
1-50-2,master_chef_can,39,zinf|x2,368,0.02158509684082147,0.12565102,0.7164471751460884,0.15361246875331913,-0.6948620783052669,-0.02796145192192112,0.34615384615384615,0.16927861361931582,False,True,C:\Users\Owner\Desktop\Fall2023\CSE275\6D Pose\training_data_filtered\training_data\v2.2\1-50-2_color_kinect.png
1-57-10,potted_meat_can,48,z2|x2,798,0.713910426973731,0.12363369,0.713910426973731,0.12363369017839432,0.0,0.0,0.0,0.0,False,True,C:\Users\Owner\Desktop\Fall2023\CSE275\6D Pose\training_data_filtered\training_data\v2.2\1-57-10_color_kinect.png
2-98-20,jenga,35,z2|x2,747,1.377678194209627,0.21425502,0.7100961870407186,0.11604121998502528,0.6675820071689084,0.09821380003736699,0.3142329020332717,0.16833482902549327,False,True,C:\Users\Owner\Desktop\Fall2023\CSE275\6D Pose\training_data_filtered\training_data\v2.2\2-98-20_color_kinect.png
1-37-18,gelatin_box,30,z2|x2,459,0.7100245264894125,0.16087486,0.7100245264894125,0.1608748584985733,0.0,0.0,0.0,0.0,False,True,C:\Users\Owner\Desktop\Fall2023\CSE275\6D Pose\training_data_filtered\training_data\v2.2\1-37-18_color_kinect.png
1-74-12,master_chef_can,39,zinf|x2,364,0.10314990419478896,0.06375806,0.7096127120469818,0.13055571783673545,-0.6064628078521929,-0.06679765750062247,0.358974358974359,0.16472858930112766,False,True,C:\Users\Owner\Desktop\Fall2023\CSE275\6D Pose\training_data_filtered\training_data\v2.2\1-74-12_color_kinect.png
1-37-4,wood_block,58,z2|y2|x4,577,1.323691753419049,0.13889916,0.7082333537309767,0.16124337396055896,0.6154583996880724,-0.022344211548869203,0.32590233545647557,0.16766718358902094,False,True,C:\Users\Owner\Desktop\Fall2023\CSE275\6D Pose\training_data_filtered\training_data\v2.2\1-37-4_color_kinect.png
1-46-20,tuna_fish_can,57,zinf|x2,128,0.14079632402137274,0.088871285,0.7073179761258771,0.18225020329369254,-0.5665216521045043,-0.09337891797436423,0.4444444444444444,0.16583550679329997,False,True,C:\Users\Owner\Desktop\Fall2023\CSE275\6D Pose\training_data_filtered\training_data\v2.2\1-46-20_color_kinect.png
2-82-9,mustard_bottle,42,z2,1140,0.7068857335202042,0.23869865,0.7068857335202042,0.23869864642620087,0.0,0.0,0.0,0.0,False,True,C:\Users\Owner\Desktop\Fall2023\CSE275\6D Pose\training_data_filtered\training_data\v2.2\2-82-9_color_kinect.png
2-23-6,wood_block,58,z2|y2|x4,496,0.766556937584607,0.22139397,0.7060873955036463,0.2541278847664062,0.06046954208096067,-0.03273391213113702,0.2770700636942675,0.17106014509263678,False,True,C:\Users\Owner\Desktop\Fall2023\CSE275\6D Pose\training_data_filtered\training_data\v2.2\2-23-6_color_kinect.png
1-95-11,wood_block,58,z2|y2|x4,552,2.5712531274912895,0.19377843,0.7060601578172234,0.09721247773599044,1.8651929696740661,0.09656594771910294,0.32802547770700635,0.17297406418998543,False,True,C:\Users\Owner\Desktop\Fall2023\CSE275\6D Pose\training_data_filtered\training_data\v2.2\1-95-11_color_kinect.png
2-32-19,bleach_cleanser,8,z2,1567,0.7010030342703557,0.33305272,0.7010030342703557,0.33305272459983826,0.0,0.0,0.0,0.0,False,True,C:\Users\Owner\Desktop\Fall2023\CSE275\6D Pose\training_data_filtered\training_data\v2.2\2-32-19_color_kinect.png
2-68-12,mustard_bottle,42,z2,1097,1.311848101475333,0.3335278,0.6973526046697999,0.16238556874578752,0.6144954968055331,0.17114223467523298,0.30614203454894434,0.17638090784349897,False,True,C:\Users\Owner\Desktop\Fall2023\CSE275\6D Pose\training_data_filtered\training_data\v2.2\2-68-12_color_kinect.png
2-45-5,gelatin_box,30,z2|x2,482,2.6099215597344108,0.11062251,0.6971186286744039,0.10491854397554014,1.912802931060007,0.005703966338447594,0.33296703296703295,0.1721390979425238,False,True,C:\Users\Owner\Desktop\Fall2023\CSE275\6D Pose\training_data_filtered\training_data\v2.2\2-45-5_color_kinect.png
1-5-11,wood_block,58,z2|y2|x4,560,0.6970979717832432,0.13594422,0.6970979717832432,0.1359442174434662,0.0,0.0,0.0,0.0,False,True,C:\Users\Owner\Desktop\Fall2023\CSE275\6D Pose\training_data_filtered\training_data\v2.2\1-5-11_color_kinect.png
1-27-6,tuna_fish_can,57,zinf|x2,138,0.02380928952339582,0.14439707,0.6960369920898791,0.13541685932302536,-0.6722277025664833,0.008980205720424045,0.48792270531400966,0.14277390030140405,False,True,C:\Users\Owner\Desktop\Fall2023\CSE275\6D Pose\training_data_filtered\training_data\v2.2\1-27-6_color_kinect.png
2-4-5,mustard_bottle,42,z2,944,0.8090809199486926,0.39612857,0.6952419507395364,0.16295913421852903,0.11383896920915615,0.23316943085448427,0.21305182341650672,0.17205455728977398,False,True,C:\Users\Owner\Desktop\Fall2023\CSE275\6D Pose\training_data_filtered\training_data\v2.2\2-4-5_color_kinect.png
2-2-13,tuna_fish_can,57,zinf|x2,129,0.22870196395444528,0.08611606,0.6920454658851896,0.1283188820364036,-0.46334350193074425,-0.04220282142181772,0.47342995169082125,0.14053220217683224,False,True,C:\Users\Owner\Desktop\Fall2023\CSE275\6D Pose\training_data_filtered\training_data\v2.2\2-2-13_color_kinect.png
1-58-16,jenga,35,z2|x2,618,0.6896998938364624,0.38211983,0.6896998938364624,0.3821198344230652,0.0,0.0,0.0,0.0,False,True,C:\Users\Owner\Desktop\Fall2023\CSE275\6D Pose\training_data_filtered\training_data\v2.2\1-58-16_color_kinect.png
2-2-2,mustard_bottle,42,z2,1094,2.2392945961140254,0.2321274,0.6888468934367193,0.15819220093292966,1.550447702677306,0.07393519731955753,0.32005758157389635,0.17192613688790753,False,True,C:\Users\Owner\Desktop\Fall2023\CSE275\6D Pose\training_data_filtered\training_data\v2.2\2-2-2_color_kinect.png
1-14-12,tuna_fish_can,57,zinf|x2,133,0.06656548914315957,0.14947473,0.6846065205000438,0.13381245778122886,-0.6180410313568843,0.0156622673459913,0.45893719806763283,0.15741329084204636,False,True,C:\Users\Owner\Desktop\Fall2023\CSE275\6D Pose\training_data_filtered\training_data\v2.2\1-14-12_color_kinect.png
2-69-12,potted_meat_can,48,z2|x2,861,0.14917877890612133,0.19370142,0.6813706778350674,0.13783564008130242,-0.5321918989289461,0.05586577617274116,0.2888243831640058,0.16994135937876545,False,True,C:\Users\Owner\Desktop\Fall2023\CSE275\6D Pose\training_data_filtered\training_data\v2.2\2-69-12_color_kinect.png
1-58-16,potted_meat_can,48,z2|x2,803,1.7241999211172783,0.12508191,0.6813621202087824,0.1292701462941684,1.042837800908496,-0.004188234611085806,0.2880986937590711,0.1729883968112197,False,True,C:\Users\Owner\Desktop\Fall2023\CSE275\6D Pose\training_data_filtered\training_data\v2.2\1-58-16_color_kinect.png
2-91-1,wood_block,58,z2|y2|x4,545,1.0929701764627335,0.124583684,0.6803012820403647,0.16811974783980407,0.41266889442236887,-0.043536063931818386,0.31528662420382164,0.16720224494085734,False,True,C:\Users\Owner\Desktop\Fall2023\CSE275\6D Pose\training_data_filtered\training_data\v2.2\2-91-1_color_kinect.png
1-60-16,gelatin_box,30,z2|x2,492,1.3320746093550428,0.1983922,0.6798405794550577,0.09629583367039159,0.6522340298999851,0.10209636381934688,0.34065934065934067,0.16500322343236956,False,True,C:\Users\Owner\Desktop\Fall2023\CSE275\6D Pose\training_data_filtered\training_data\v2.2\1-60-16_color_kinect.png
1-31-0,wood_block,58,z2|y2|x4,567,2.692254737045714,0.19280256,0.6797636199220591,0.11591673891161004,2.0124911171236546,0.07688582439805945,0.35668789808917195,0.1670254622868259,False,True,C:\Users\Owner\Desktop\Fall2023\CSE275\6D Pose\training_data_filtered\training_data\v2.2\1-31-0_color_kinect.png
2-71-10,pudding_box,51,z2|x2,208,1.4276996171562277,0.20470847,0.679240704215997,0.13026050628402885,0.7484589129402307,0.07444796561023537,0.40668523676880225,0.17295790834715677,False,True,C:\Users\Owner\Desktop\Fall2023\CSE275\6D Pose\training_data_filtered\training_data\v2.2\2-71-10_color_kinect.png
1-86-0,wood_block,58,z2|y2|x4,578,0.6791038829883634,0.10003303,0.6791038829883634,0.10003302991390228,0.0,0.0,0.0,0.0,False,True,C:\Users\Owner\Desktop\Fall2023\CSE275\6D Pose\training_data_filtered\training_data\v2.2\1-86-0_color_kinect.png
1-48-15,tuna_fish_can,57,zinf|x2,98,0.34956280581766636,0.21064949,0.6784528739849105,0.1537243343628894,-0.32889006816724414,0.05692515599355591,0.30434782608695654,0.1660384054026946,False,True,C:\Users\Owner\Desktop\Fall2023\CSE275\6D Pose\training_data_filtered\training_data\v2.2\1-48-15_color_kinect.png
2-35-10,wood_block,58,z2|y2|x4,544,1.6969828735390973,0.22629869,0.677514389072899,0.1649720014899419,1.0194684844661983,0.06132668835228222,0.3205944798301486,0.1716740203988696,False,True,C:\Users\Owner\Desktop\Fall2023\CSE275\6D Pose\training_data_filtered\training_data\v2.2\2-35-10_color_kinect.png
2-34-3,mustard_bottle,42,z2,921,5.713385115137423,0.2519602,0.6751569286615269,0.09417171946957086,5.038228186475896,0.15778846868083501,0.21305182341650672,0.17172655788875413,False,True,C:\Users\Owner\Desktop\Fall2023\CSE275\6D Pose\training_data_filtered\training_data\v2.2\2-34-3_color_kinect.png
1-3-11,potted_meat_can,48,z2|x2,654,6.7965692436813505,0.7843279,0.6727550863137652,0.11339847953109716,6.123814157367585,0.6709294447204592,0.2888243831640058,0.16665003246349894,False,True,C:\Users\Owner\Desktop\Fall2023\CSE275\6D Pose\training_data_filtered\training_data\v2.2\1-3-11_color_kinect.png
1-49-1,wood_block,58,z2|y2|x4,554,1.764256353851133,0.043141477,0.6727334680650437,0.10920505563902974,1.0915228857860892,-0.06606357882905126,0.3099787685774947,0.16503344997122682,False,True,C:\Users\Owner\Desktop\Fall2023\CSE275\6D Pose\training_data_filtered\training_data\v2.2\1-49-1_color_kinect.png
2-93-9,mustard_bottle,42,z2,1042,2.338461632781407,0.22357728,0.6721856790752431,0.10171317935079362,1.666275953706164,0.12186409652143691,0.32677543186180424,0.17068713563927262,False,True,C:\Users\Owner\Desktop\Fall2023\CSE275\6D Pose\training_data_filtered\training_data\v2.2\2-93-9_color_kinect.png
1-88-10,wood_block,58,z2|y2|x4,557,0.7476794142542453,0.26005852,0.671574417749942,0.14216183424422532,0.07610499650430336,0.11789668798020095,0.3641188959660297,0.15185577794458902,False,True,C:\Users\Owner\Desktop\Fall2023\CSE275\6D Pose\training_data_filtered\training_data\v2.2\1-88-10_color_kinect.png
2-78-13,wood_block,58,z2|y2|x4,562,0.6217111905247293,0.15601374,0.6681121816087366,0.12106271371919919,-0.046400991084007304,0.03495102837007236,0.3067940552016985,0.16621340738527746,False,True,C:\Users\Owner\Desktop\Fall2023\CSE275\6D Pose\training_data_filtered\training_data\v2.2\2-78-13_color_kinect.png
1-44-19,wood_block,58,z2|y2|x4,582,1.095635132647162,0.18646519,0.6618865115659506,0.14726333921465817,0.4337486210812115,0.039201849646235076,0.30254777070063693,0.170329100717268,False,True,C:\Users\Owner\Desktop\Fall2023\CSE275\6D Pose\training_data_filtered\training_data\v2.2\1-44-19_color_kinect.png
1-92-8,wood_block,58,z2|y2|x4,462,0.65968022390801,0.23976478,0.65968022390801,0.23976477980613708,0.0,0.0,0.0,0.0,False,True,C:\Users\Owner\Desktop\Fall2023\CSE275\6D Pose\training_data_filtered\training_data\v2.2\1-92-8_color_kinect.png
1-32-5,tuna_fish_can,57,zinf|x2,136,0.03498416996474657,0.12501915,0.6584705519042787,0.15481604350266304,-0.6234863819395322,-0.029796895510528942,0.463768115942029,0.1696053404941549,False,True,C:\Users\Owner\Desktop\Fall2023\CSE275\6D Pose\training_data_filtered\training_data\v2.2\1-32-5_color_kinect.png
1-95-11,potted_meat_can,48,z2|x2,660,4.902525580903868,0.65410644,0.658166723950411,0.1328170473491163,4.244358856953457,0.5212893908108263,0.2692307692307692,0.1761500307128139,False,True,C:\Users\Owner\Desktop\Fall2023\CSE275\6D Pose\training_data_filtered\training_data\v2.2\1-95-11_color_kinect.png
2-77-11,b_lego_duplo,5,z4,184,0.6544134487448606,0.18522565,0.6544134487448606,0.18522565066814423,0.0,0.0,0.0,0.0,False,True,C:\Users\Owner\Desktop\Fall2023\CSE275\6D Pose\training_data_filtered\training_data\v2.2\2-77-11_color_kinect.png
2-82-9,tuna_fish_can,57,zinf|x2,123,0.14606404018817676,0.15634225,0.650202524680727,0.16965947277673227,-0.5041384844925503,-0.013317219687781157,0.41545893719806765,0.1678535092377606,False,True,C:\Users\Owner\Desktop\Fall2023\CSE275\6D Pose\training_data_filtered\training_data\v2.2\2-82-9_color_kinect.png
1-15-15,tuna_fish_can,57,zinf|x2,132,0.11554275514359232,0.09146838,0.6464566960308061,0.11797128847369748,-0.5309139408872138,-0.02650290957221585,0.45410628019323673,0.16409114301448935,False,True,C:\Users\Owner\Desktop\Fall2023\CSE275\6D Pose\training_data_filtered\training_data\v2.2\1-15-15_color_kinect.png
1-72-15,wood_block,58,z2|y2|x4,510,4.750614938147486,0.14018516,0.6450779568047486,0.09292352744469694,4.105536981342737,0.04726163498034426,0.2951167728237792,0.17060126268811668,False,True,C:\Users\Owner\Desktop\Fall2023\CSE275\6D Pose\training_data_filtered\training_data\v2.2\1-72-15_color_kinect.png
1-49-19,wood_block,58,z2|y2|x4,541,0.4326698671049914,0.16814686,0.644420094924648,0.18449378818872364,-0.21175022781965663,-0.01634692460897358,0.3503184713375796,0.1726640212196295,False,True,C:\Users\Owner\Desktop\Fall2023\CSE275\6D Pose\training_data_filtered\training_data\v2.2\1-49-19_color_kinect.png
1-63-18,tomato_soup_can,56,zinf|x2,608,0.061993684707098526,0.7676541,0.6443051422203377,0.14363839595834804,-0.5823114575132392,0.6240157249637406,0.31254871395167577,0.16955339576959624,False,True,C:\Users\Owner\Desktop\Fall2023\CSE275\6D Pose\training_data_filtered\training_data\v2.2\1-63-18_color_kinect.png
2-35-10,nine_hole_peg_test,43,no,345,0.18902814619788783,0.05450585,0.6439656195047755,0.11070739704105209,-0.45493747330688766,-0.05620154592129539,0.39730639730639733,0.17363523786071425,False,True,C:\Users\Owner\Desktop\Fall2023\CSE275\6D Pose\training_data_filtered\training_data\v2.2\2-35-10_color_kinect.png
2-45-5,g_lego_duplo,29,z2,427,1.7996887983993581,0.10706731,0.6438044686904377,0.15814083663704787,1.1558843297089205,-0.051073527317074874,0.3464373464373464,0.17194502816282958,False,True,C:\Users\Owner\Desktop\Fall2023\CSE275\6D Pose\training_data_filtered\training_data\v2.2\2-45-5_color_kinect.png
1-86-9,tuna_fish_can,57,zinf|x2,123,0.20810620305363375,0.09897333,0.6430790033058235,0.1355259184707808,-0.4349728002521897,-0.03655259208575959,0.41545893719806765,0.17052727337473467,False,True,C:\Users\Owner\Desktop\Fall2023\CSE275\6D Pose\training_data_filtered\training_data\v2.2\1-86-9_color_kinect.png
2-51-3,g_lego_duplo,29,z2,406,6.299229368181188,0.3926298,0.640676935068477,0.17568288817996525,5.658552433112711,0.21694691404705502,0.32923832923832924,0.16317104443984565,False,True,C:\Users\Owner\Desktop\Fall2023\CSE275\6D Pose\training_data_filtered\training_data\v2.2\2-51-3_color_kinect.png
1-30-2,sugar_box,55,z2|x2,338,2.3264367542337676,0.052330516,0.6403879877448517,0.15539913789216475,1.6860487664889159,-0.10306862161342101,0.3743119266055046,0.1739273312212376,False,True,C:\Users\Owner\Desktop\Fall2023\CSE275\6D Pose\training_data_filtered\training_data\v2.2\1-30-2_color_kinect.png
2-11-4,jenga,35,z2|x2,665,0.7971182185430872,0.2862471,0.6385215154788612,0.11172121324988724,0.15859670306422602,0.17452589115646958,0.3364140480591497,0.17157663595133169,False,True,C:\Users\Owner\Desktop\Fall2023\CSE275\6D Pose\training_data_filtered\training_data\v2.2\2-11-4_color_kinect.png
1-61-4,sugar_box,55,z2|x2,335,1.9685529389447523,0.44453797,0.6385032666262848,0.11437914126293128,1.3300496723184674,0.33015882618053494,0.4091743119266055,0.16801944047879633,False,True,C:\Users\Owner\Desktop\Fall2023\CSE275\6D Pose\training_data_filtered\training_data\v2.2\1-61-4_color_kinect.png
2-26-12,gelatin_box,30,z2|x2,464,1.7867323069026506,0.22270952,0.636970268215821,0.10116092782948706,1.1497620386868297,0.12154859382178095,0.3384615384615385,0.16855764113913102,False,True,C:\Users\Owner\Desktop\Fall2023\CSE275\6D Pose\training_data_filtered\training_data\v2.2\2-26-12_color_kinect.png
1-8-1,jenga,35,z2|x2,685,0.6061857590596006,0.06260437,0.6368713641665925,0.11416943684818075,-0.03068560510699192,-0.05156506911517904,0.355822550831793,0.15858088340507842,False,True,C:\Users\Owner\Desktop\Fall2023\CSE275\6D Pose\training_data_filtered\training_data\v2.2\1-8-1_color_kinect.png
2-90-11,wood_block,58,z2|y2|x4,479,0.5824575201413879,0.121331446,0.6330099951204768,0.1403626361920073,-0.05055247497908899,-0.01903119031922365,0.30148619957537154,0.17285426997319692,False,True,C:\Users\Owner\Desktop\Fall2023\CSE275\6D Pose\training_data_filtered\training_data\v2.2\2-90-11_color_kinect.png
1-9-9,wood_block,58,z2|y2|x4,523,0.632508458081544,0.10280284,0.632508458081544,0.10280284285545349,0.0,0.0,0.0,0.0,False,True,C:\Users\Owner\Desktop\Fall2023\CSE275\6D Pose\training_data_filtered\training_data\v2.2\1-9-9_color_kinect.png
2-64-20,mustard_bottle,42,z2,1103,0.9468172828560822,0.12504886,0.6322612957517568,0.2077242236347899,0.3145559871043254,-0.08267536272723527,0.32149712092130517,0.17194613657209895,False,True,C:\Users\Owner\Desktop\Fall2023\CSE275\6D Pose\training_data_filtered\training_data\v2.2\2-64-20_color_kinect.png
2-74-5,potted_meat_can,48,z2|x2,801,3.261672047194593,0.080942795,0.6300618679827613,0.10265101874786309,2.631610179211832,-0.02170822406726769,0.2946298984034833,0.17713437823426512,False,True,C:\Users\Owner\Desktop\Fall2023\CSE275\6D Pose\training_data_filtered\training_data\v2.2\2-74-5_color_kinect.png
2-51-3,bleach_cleanser,8,z2,1439,2.730005542216628,0.20114505,0.6288271888447031,0.09045709774993198,2.1011783533719246,0.1106879551599191,0.25547445255474455,0.17145745170723906,False,True,C:\Users\Owner\Desktop\Fall2023\CSE275\6D Pose\training_data_filtered\training_data\v2.2\2-51-3_color_kinect.png
2-22-1,rubiks_cube,52,z4|x4|y4,513,1.84009527385879,0.091075115,0.6284787132132872,0.13271057819290347,1.2116165606455027,-0.04163546328706927,0.30506607929515417,0.17694996696582074,False,True,C:\Users\Owner\Desktop\Fall2023\CSE275\6D Pose\training_data_filtered\training_data\v2.2\2-22-1_color_kinect.png
2-8-18,gelatin_box,30,z2|x2,532,0.6279035459590043,0.123108715,0.6279035459590043,0.12310871481895447,0.0,0.0,0.0,0.0,False,True,C:\Users\Owner\Desktop\Fall2023\CSE275\6D Pose\training_data_filtered\training_data\v2.2\2-8-18_color_kinect.png
2-98-18,nine_hole_peg_test,43,no,329,3.4386617780081163,0.3010629,0.6269464546403005,0.1056223153031374,2.8117153233678156,0.1954405964457487,0.3367003367003367,0.1715050509211459,False,True,C:\Users\Owner\Desktop\Fall2023\CSE275\6D Pose\training_data_filtered\training_data\v2.2\2-98-18_color_kinect.png
1-1-4,potted_meat_can,48,z2|x2,802,2.4368283215306117,0.20918337,0.6256544688688582,0.12393039097811712,1.8111738526617533,0.08525297412846553,0.26705370101596515,0.17442204021037205,False,True,C:\Users\Owner\Desktop\Fall2023\CSE275\6D Pose\training_data_filtered\training_data\v2.2\1-1-4_color_kinect.png
1-4-17,wood_block,58,z2|y2|x4,606,1.1418312074233912,0.1706365,0.6254941779966826,0.11105719941739252,0.5163370294267086,0.05957930547114203,0.3503184713375796,0.17123028602439047,False,True,C:\Users\Owner\Desktop\Fall2023\CSE275\6D Pose\training_data_filtered\training_data\v2.2\1-4-17_color_kinect.png
2-35-7,gelatin_box,30,z2|x2,310,2.0610780184142743,0.71921086,0.6244887997622321,0.27943393642747333,1.4365892186520421,0.43977692668593,0.22747252747252747,0.1709223613042511,False,True,C:\Users\Owner\Desktop\Fall2023\CSE275\6D Pose\training_data_filtered\training_data\v2.2\2-35-7_color_kinect.png
1-49-19,tuna_fish_can,57,zinf|x2,124,0.1352657929447575,0.2624217,0.6239763346510393,0.24260172253397702,-0.4887105417062818,0.019819974844181548,0.4251207729468599,0.16789171100366948,False,True,C:\Users\Owner\Desktop\Fall2023\CSE275\6D Pose\training_data_filtered\training_data\v2.2\1-49-19_color_kinect.png
1-74-12,wood_block,58,z2|y2|x4,534,1.8056679949360945,0.07956156,0.6229239738257826,0.16570787013549715,1.182744021110312,-0.08614630878944307,0.35987261146496813,0.16970242138086938,False,True,C:\Users\Owner\Desktop\Fall2023\CSE275\6D Pose\training_data_filtered\training_data\v2.2\1-74-12_color_kinect.png
1-6-5,jenga,35,z2|x2,649,0.6228947554334854,0.12573352,0.6228947554334854,0.12573352456092834,0.0,0.0,0.0,0.0,False,True,C:\Users\Owner\Desktop\Fall2023\CSE275\6D Pose\training_data_filtered\training_data\v2.2\1-6-5_color_kinect.png
2-9-10,tuna_fish_can,57,zinf|x2,124,0.12073159303808291,0.17726196,0.6226424651433184,0.1561152283678965,-0.5019108721052356,0.021146735118774934,0.42028985507246375,0.16580269482622007,False,True,C:\Users\Owner\Desktop\Fall2023\CSE275\6D Pose\training_data_filtered\training_data\v2.2\2-9-10_color_kinect.png
2-10-19,bleach_cleanser,8,z2,1491,0.62124777792379,0.37267038,0.62124777792379,0.37267038226127625,0.0,0.0,0.0,0.0,False,True,C:\Users\Owner\Desktop\Fall2023\CSE275\6D Pose\training_data_filtered\training_data\v2.2\2-10-19_color_kinect.png
2-1-6,tuna_fish_can,57,zinf|x2,130,0.09593240911746315,0.041266527,0.6185235288336662,0.16151506388251188,-0.5225911197162031,-0.12024853685562018,0.4251207729468599,0.16138194883894189,False,True,C:\Users\Owner\Desktop\Fall2023\CSE275\6D Pose\training_data_filtered\training_data\v2.2\2-1-6_color_kinect.png
2-93-1,master_chef_can,39,zinf|x2,360,0.10392034664934306,0.13213478,0.61595461055396,0.15792452721744427,-0.5120342639046169,-0.02578974692970165,0.32193732193732194,0.1662627560076703,False,True,C:\Users\Owner\Desktop\Fall2023\CSE275\6D Pose\training_data_filtered\training_data\v2.2\2-93-1_color_kinect.png
2-80-6,mustard_bottle,42,z2,1090,3.272265448305459,0.23332234,0.614754019853256,0.13502289978246634,2.657511428452203,0.09829943748731668,0.3291746641074856,0.16638263457009256,False,True,C:\Users\Owner\Desktop\Fall2023\CSE275\6D Pose\training_data_filtered\training_data\v2.2\2-80-6_color_kinect.png
2-30-8,rubiks_cube,52,z4|x4|y4,313,0.6142070641989744,0.46774027,0.6142070641989744,0.4677402675151825,0.0,0.0,0.0,0.0,False,True,C:\Users\Owner\Desktop\Fall2023\CSE275\6D Pose\training_data_filtered\training_data\v2.2\2-30-8_color_kinect.png
1-56-10,potted_meat_can,48,z2|x2,810,0.6130561781739478,0.36605996,0.6130561781739478,0.36605995893478394,0.0,0.0,0.0,0.0,False,True,C:\Users\Owner\Desktop\Fall2023\CSE275\6D Pose\training_data_filtered\training_data\v2.2\1-56-10_color_kinect.png
2-60-7,tuna_fish_can,57,zinf|x2,130,0.1487074024335035,0.056555517,0.6130500436738626,0.19055142425839658,-0.4643426412403591,-0.13399590724055524,0.4492753623188406,0.16544065695873178,False,True,C:\Users\Owner\Desktop\Fall2023\CSE275\6D Pose\training_data_filtered\training_data\v2.2\2-60-7_color_kinect.png
2-42-15,g_lego_duplo,29,z2,395,1.212410120299554,0.41815197,0.6120913221211054,0.15495132339397807,0.6003187981784487,0.26320065128406145,0.32432432432432434,0.1611537035180626,False,True,C:\Users\Owner\Desktop\Fall2023\CSE275\6D Pose\training_data_filtered\training_data\v2.2\2-42-15_color_kinect.png
2-51-3,tuna_fish_can,57,zinf|x2,139,0.1378859529164101,0.12763298,0.6087546472103492,0.13490204084165675,-0.4708686942939391,-0.00726906526334864,0.43478260869565216,0.1578513101827383,False,True,C:\Users\Owner\Desktop\Fall2023\CSE275\6D Pose\training_data_filtered\training_data\v2.2\2-51-3_color_kinect.png
1-13-19,wood_block,58,z2|y2|x4,518,0.605574730163587,0.16805974,0.605574730163587,0.16805973649024963,0.0,0.0,0.0,0.0,False,True,C:\Users\Owner\Desktop\Fall2023\CSE275\6D Pose\training_data_filtered\training_data\v2.2\1-13-19_color_kinect.png
2-65-11,a_lego_duplo,1,z2,199,0.6042596617177038,0.08061745,0.6042596617177038,0.08061745017766953,0.0,0.0,0.0,0.0,False,True,C:\Users\Owner\Desktop\Fall2023\CSE275\6D Pose\training_data_filtered\training_data\v2.2\2-65-11_color_kinect.png
2-98-20,tuna_fish_can,57,zinf|x2,127,0.0811312287279095,0.06566887,0.6031068843520777,0.11645951647247459,-0.5219756556241683,-0.05079064298357154,0.42995169082125606,0.16923827396903185,False,True,C:\Users\Owner\Desktop\Fall2023\CSE275\6D Pose\training_data_filtered\training_data\v2.2\2-98-20_color_kinect.png
1-5-19,wood_block,58,z2|y2|x4,501,0.6023373942997177,0.26531002,0.6023373942997177,0.26531001925468445,0.0,0.0,0.0,0.0,False,True,C:\Users\Owner\Desktop\Fall2023\CSE275\6D Pose\training_data_filtered\training_data\v2.2\1-5-19_color_kinect.png
2-64-20,jenga,35,z2|x2,716,1.7857651519594369,0.13034505,0.601798505181041,0.09281354243503646,1.1839666467783958,0.03753150408519669,0.3188539741219963,0.17069824246673113,False,True,C:\Users\Owner\Desktop\Fall2023\CSE275\6D Pose\training_data_filtered\training_data\v2.2\2-64-20_color_kinect.png
2-67-12,gelatin_box,30,z2|x2,471,1.1335720881883435,0.14320448,0.6016232443504165,0.11413391435987391,0.5319488438379271,0.02907056604974828,0.37142857142857144,0.17119274494630052,False,True,C:\Users\Owner\Desktop\Fall2023\CSE275\6D Pose\training_data_filtered\training_data\v2.2\2-67-12_color_kinect.png
2-2-2,tuna_fish_can,57,zinf|x2,135,0.22065899129758187,0.055283897,0.6012303883167035,0.15175151461389622,-0.3805713970191216,-0.09646761798885425,0.46859903381642515,0.15811496446596537,False,True,C:\Users\Owner\Desktop\Fall2023\CSE275\6D Pose\training_data_filtered\training_data\v2.2\2-2-2_color_kinect.png
1-41-5,wood_block,58,z2|y2|x4,544,0.812778322776333,0.39396948,0.6010701534590237,0.13797992912329055,0.2117081693173093,0.2559895470997014,0.31210191082802546,0.16912747732831493,False,True,C:\Users\Owner\Desktop\Fall2023\CSE275\6D Pose\training_data_filtered\training_data\v2.2\1-41-5_color_kinect.png
1-84-19,wood_block,58,z2|y2|x4,486,0.5988788181656963,0.13830729,0.5988788181656963,0.13830728828907013,0.0,0.0,0.0,0.0,False,True,C:\Users\Owner\Desktop\Fall2023\CSE275\6D Pose\training_data_filtered\training_data\v2.2\1-84-19_color_kinect.png
2-63-8,mustard_bottle,42,z2,1102,2.6224758218387416,0.15681756,0.5977527152259187,0.12581279037783372,2.024723106612823,0.031004765049717553,0.32245681381957775,0.16867258424298784,False,True,C:\Users\Owner\Desktop\Fall2023\CSE275\6D Pose\training_data_filtered\training_data\v2.2\2-63-8_color_kinect.png
1-87-19,gelatin_box,30,z2|x2,528,0.5972345123196395,0.18473628,0.5972345123196395,0.18473628163337708,0.0,0.0,0.0,0.0,False,True,C:\Users\Owner\Desktop\Fall2023\CSE275\6D Pose\training_data_filtered\training_data\v2.2\1-87-19_color_kinect.png
2-7-10,master_chef_can,39,zinf|x2,368,0.07435764473576575,0.1685622,0.596345483485967,0.15510783322446375,-0.5219878387502013,0.013454370421242423,0.30484330484330485,0.1671640770248726,False,True,C:\Users\Owner\Desktop\Fall2023\CSE275\6D Pose\training_data_filtered\training_data\v2.2\2-7-10_color_kinect.png
1-14-12,wood_block,58,z2|y2|x4,578,3.4048589564449774,0.10375567,0.5959820519143425,0.10154694364306648,2.808876904530635,0.002208724162605216,0.35774946921443734,0.16806316181690953,False,True,C:\Users\Owner\Desktop\Fall2023\CSE275\6D Pose\training_data_filtered\training_data\v2.2\1-14-12_color_kinect.png
2-26-15,pudding_box,51,z2|x2,213,1.39395979521735,0.101407826,0.5957478908476247,0.08909837645145507,0.7982119043697252,0.012309449495352787,0.39275766016713093,0.16669847764991116,False,True,C:\Users\Owner\Desktop\Fall2023\CSE275\6D Pose\training_data_filtered\training_data\v2.2\2-26-15_color_kinect.png
2-100-13,gelatin_box,30,z2|x2,542,0.5952960605813716,0.08221854,0.5952960605813716,0.08221854269504547,0.0,0.0,0.0,0.0,False,True,C:\Users\Owner\Desktop\Fall2023\CSE275\6D Pose\training_data_filtered\training_data\v2.2\2-100-13_color_kinect.png
1-72-15,tuna_fish_can,57,zinf|x2,128,0.08707805434812549,0.2418922,0.5943715470557681,0.12592394497305803,-0.5072934927076427,0.11596825871556349,0.4492753623188406,0.16357108019348499,False,True,C:\Users\Owner\Desktop\Fall2023\CSE275\6D Pose\training_data_filtered\training_data\v2.2\1-72-15_color_kinect.png
2-63-13,potted_meat_can,48,z2|x2,627,10.102462710700937,0.60896224,0.5913187597155661,0.10711503661146253,9.511143950985371,0.5018472012234679,0.2525399129172714,0.1685361787142717,False,True,C:\Users\Owner\Desktop\Fall2023\CSE275\6D Pose\training_data_filtered\training_data\v2.2\2-63-13_color_kinect.png
2-79-3,gelatin_box,30,z2|x2,518,0.8688976137432238,0.2952922,0.5911149879053381,0.16723969076383463,0.2777826258378857,0.12805250789415487,0.34835164835164834,0.17155230915201436,False,True,C:\Users\Owner\Desktop\Fall2023\CSE275\6D Pose\training_data_filtered\training_data\v2.2\2-79-3_color_kinect.png
2-7-10,mustard_bottle,42,z2,1161,0.6814403030439516,0.43212068,0.5904379209893736,0.12556895536216595,0.091002382054578,0.30655172544685505,0.2845489443378119,0.17276910703185683,False,True,C:\Users\Owner\Desktop\Fall2023\CSE275\6D Pose\training_data_filtered\training_data\v2.2\2-7-10_color_kinect.png
1-91-8,wood_block,58,z2|y2|x4,555,0.4839357076008324,0.035477478,0.590056375376032,0.1140001487933995,-0.10612066777519957,-0.07852267073625342,0.3524416135881104,0.17484794575009732,False,True,C:\Users\Owner\Desktop\Fall2023\CSE275\6D Pose\training_data_filtered\training_data\v2.2\1-91-8_color_kinect.png
2-56-0,mustard_bottle,42,z2,1062,0.7712702054415002,0.23433271,0.5896629981075376,0.1500380221052019,0.18160720733396252,0.08429468839932996,0.3531669865642994,0.16743323785317485,False,True,C:\Users\Owner\Desktop\Fall2023\CSE275\6D Pose\training_data_filtered\training_data\v2.2\2-56-0_color_kinect.png
2-51-3,rubiks_cube,52,z4|x4|y4,373,0.5890232316948472,0.18529488,0.5890232316948472,0.18529488146305084,0.0,0.0,0.0,0.0,False,True,C:\Users\Owner\Desktop\Fall2023\CSE275\6D Pose\training_data_filtered\training_data\v2.2\2-51-3_color_kinect.png
2-26-12,master_chef_can,39,zinf|x2,369,0.15792597986358756,0.08861102,0.5890141616846789,0.11472774742329876,-0.4310881818210913,-0.026116725785382197,0.34615384615384615,0.1664476158399532,False,True,C:\Users\Owner\Desktop\Fall2023\CSE275\6D Pose\training_data_filtered\training_data\v2.2\2-26-12_color_kinect.png
2-11-4,rubiks_cube,52,z4|x4|y4,515,4.186688564633206,0.08129303,0.5880926750827635,0.13853628392332112,3.5985958895504426,-0.05724325235002553,0.33590308370044053,0.17001806042435577,False,True,C:\Users\Owner\Desktop\Fall2023\CSE275\6D Pose\training_data_filtered\training_data\v2.2\2-11-4_color_kinect.png
1-37-18,potted_meat_can,48,z2|x2,839,0.58508402478319,0.15737191,0.58508402478319,0.1573719084262848,0.0,0.0,0.0,0.0,False,True,C:\Users\Owner\Desktop\Fall2023\CSE275\6D Pose\training_data_filtered\training_data\v2.2\1-37-18_color_kinect.png
1-64-7,potted_meat_can,48,z2|x2,839,0.5846985300028901,0.33220974,0.5846985300028901,0.3322097361087799,0.0,0.0,0.0,0.0,False,True,C:\Users\Owner\Desktop\Fall2023\CSE275\6D Pose\training_data_filtered\training_data\v2.2\1-64-7_color_kinect.png
1-48-15,wood_block,58,z2|y2|x4,550,3.7845926779831176,0.11486554,0.5825847386631825,0.15571118217087224,3.202007939319935,-0.040845640712742354,0.27388535031847133,0.17528532546250575,False,True,C:\Users\Owner\Desktop\Fall2023\CSE275\6D Pose\training_data_filtered\training_data\v2.2\1-48-15_color_kinect.png
2-49-11,tuna_fish_can,57,zinf|x2,128,0.1465667594816079,0.09652394,0.5823020601948153,0.14267502563783244,-0.43573530071320743,-0.04615108507463053,0.46859903381642515,0.16939270861895891,False,True,C:\Users\Owner\Desktop\Fall2023\CSE275\6D Pose\training_data_filtered\training_data\v2.2\2-49-11_color_kinect.png
2-6-11,jenga,35,z2|x2,749,1.7864091013585979,0.17574957,0.5817769628710924,0.1014921529011896,1.2046321384875056,0.07425741723011228,0.3290203327171904,0.17149476035538677,False,True,C:\Users\Owner\Desktop\Fall2023\CSE275\6D Pose\training_data_filtered\training_data\v2.2\2-6-11_color_kinect.png
2-74-5,mustard_bottle,42,z2,1110,2.499537924708832,0.25916094,0.5817555173230491,0.14924653993756326,1.9177824073857828,0.1099143959411904,0.30470249520153553,0.17415928484685014,False,True,C:\Users\Owner\Desktop\Fall2023\CSE275\6D Pose\training_data_filtered\training_data\v2.2\2-74-5_color_kinect.png
2-4-5,jenga,35,z2|x2,713,0.5810809807559074,0.28338477,0.5810809807559074,0.283384770154953,0.0,0.0,0.0,0.0,False,True,C:\Users\Owner\Desktop\Fall2023\CSE275\6D Pose\training_data_filtered\training_data\v2.2\2-4-5_color_kinect.png
2-52-0,jenga,35,z2|x2,519,1.244345214476978,0.63560236,0.5779637927053654,0.15493486872462545,0.6663814217716126,0.48066748627873146,0.26062846580406657,0.16264776495818767,False,True,C:\Users\Owner\Desktop\Fall2023\CSE275\6D Pose\training_data_filtered\training_data\v2.2\2-52-0_color_kinect.png
1-13-11,rubiks_cube,52,z4|x4|y4,347,0.5766487404967258,0.41662386,0.5766487404967258,0.4166238605976105,0.0,0.0,0.0,0.0,False,True,C:\Users\Owner\Desktop\Fall2023\CSE275\6D Pose\training_data_filtered\training_data\v2.2\1-13-11_color_kinect.png
2-2-13,jenga,35,z2|x2,678,1.3815937854046914,0.32129198,0.5764839267083188,0.13933035934635926,0.8051098586963725,0.18196162378123473,0.30129390018484287,0.16871921471269286,False,True,C:\Users\Owner\Desktop\Fall2023\CSE275\6D Pose\training_data_filtered\training_data\v2.2\2-2-13_color_kinect.png
2-96-0,master_chef_can,39,zinf|x2,379,0.0742463420097331,0.10387188,0.5752557886265892,0.11856957040535525,-0.5010094466168561,-0.014697688443532739,0.33760683760683763,0.1692293305069274,False,True,C:\Users\Owner\Desktop\Fall2023\CSE275\6D Pose\training_data_filtered\training_data\v2.2\2-96-0_color_kinect.png
1-15-15,wood_block,58,z2|y2|x4,565,0.5751797507357267,0.10960561,0.5751797507357267,0.10960561037063599,0.0,0.0,0.0,0.0,False,True,C:\Users\Owner\Desktop\Fall2023\CSE275\6D Pose\training_data_filtered\training_data\v2.2\1-15-15_color_kinect.png
1-97-13,wood_block,58,z2|y2|x4,565,0.6502477916029331,0.101123855,0.5744046495429201,0.12981582539200964,0.07584314206001297,-0.028691970874072936,0.3184713375796178,0.17524954336560516,False,True,C:\Users\Owner\Desktop\Fall2023\CSE275\6D Pose\training_data_filtered\training_data\v2.2\1-97-13_color_kinect.png
2-90-11,bleach_cleanser,8,z2,1576,1.6656540502972381,0.36099595,0.5739644895254015,0.11767222007811906,1.0916895607718367,0.2433237282365477,0.25437956204379564,0.17201466370783416,False,True,C:\Users\Owner\Desktop\Fall2023\CSE275\6D Pose\training_data_filtered\training_data\v2.2\2-90-11_color_kinect.png
2-96-0,gelatin_box,30,z2|x2,509,0.5725540318529215,0.19933425,0.5725540318529215,0.1993342489004135,0.0,0.0,0.0,0.0,False,True,C:\Users\Owner\Desktop\Fall2023\CSE275\6D Pose\training_data_filtered\training_data\v2.2\2-96-0_color_kinect.png
2-38-17,tuna_fish_can,57,zinf|x2,129,0.09618995319110138,0.1056458,0.5717665766585737,0.16062599597341057,-0.4755766234674723,-0.05498019782668587,0.4492753623188406,0.16216189303800002,False,True,C:\Users\Owner\Desktop\Fall2023\CSE275\6D Pose\training_data_filtered\training_data\v2.2\2-38-17_color_kinect.png
2-67-12,a_lego_duplo,1,z2,185,0.5709304515637662,0.12126289,0.5709304515637662,0.12126289308071136,0.0,0.0,0.0,0.0,False,True,C:\Users\Owner\Desktop\Fall2023\CSE275\6D Pose\training_data_filtered\training_data\v2.2\2-67-12_color_kinect.png
1-22-20,pudding_box,51,z2|x2,225,2.719168336477602,0.1237693,0.5700064544906965,0.16478955076293303,2.1491618819869056,-0.0410202525670941,0.41225626740947074,0.1648539874245849,False,True,C:\Users\Owner\Desktop\Fall2023\CSE275\6D Pose\training_data_filtered\training_data\v2.2\1-22-20_color_kinect.png
1-35-17,wood_block,58,z2|y2|x4,361,0.5690365392803624,0.36407125,0.5690365392803624,0.364071249961853,0.0,0.0,0.0,0.0,False,True,C:\Users\Owner\Desktop\Fall2023\CSE275\6D Pose\training_data_filtered\training_data\v2.2\1-35-17_color_kinect.png
2-35-4,wood_block,58,z2|y2|x4,568,0.3971803171980307,0.14818744,0.5683581996660707,0.14698166140190297,-0.17117788246804,0.0012057822121030737,0.3343949044585987,0.1705140904749259,False,True,C:\Users\Owner\Desktop\Fall2023\CSE275\6D Pose\training_data_filtered\training_data\v2.2\2-35-4_color_kinect.png
2-35-10,tuna_fish_can,57,zinf|x2,118,0.16589814103640646,0.4605692,0.566201213134086,0.29237510309754594,-0.40030307209767957,0.16819409980238692,0.3140096618357488,0.16980687336084224,False,True,C:\Users\Owner\Desktop\Fall2023\CSE275\6D Pose\training_data_filtered\training_data\v2.2\2-35-10_color_kinect.png
2-21-14,wood_block,58,z2|y2|x4,562,0.5634753299149106,0.19954988,0.5634753299149106,0.19954988360404968,0.0,0.0,0.0,0.0,False,True,C:\Users\Owner\Desktop\Fall2023\CSE275\6D Pose\training_data_filtered\training_data\v2.2\2-21-14_color_kinect.png
1-92-8,tomato_soup_can,56,zinf|x2,723,2.821269218671428,0.03535816,0.5614720411407846,0.09700356323835059,2.2597971775306434,-0.061645402504173955,0.2821512081060016,0.17159839205002658,False,True,C:\Users\Owner\Desktop\Fall2023\CSE275\6D Pose\training_data_filtered\training_data\v2.2\1-92-8_color_kinect.png
2-13-10,jenga,35,z2|x2,589,3.6546102692150835,0.28282577,0.5610583185489914,0.10346440228773117,3.0935519506660922,0.17936136570619582,0.2966728280961183,0.17268207152671738,False,True,C:\Users\Owner\Desktop\Fall2023\CSE275\6D Pose\training_data_filtered\training_data\v2.2\2-13-10_color_kinect.png
1-13-11,wood_block,58,z2|y2|x4,599,0.6476915507114118,0.2045191,0.5607187788497724,0.11554311989304576,0.08697277186163943,0.08897597314360585,0.31634819532908703,0.17097068037202484,False,True,C:\Users\Owner\Desktop\Fall2023\CSE275\6D Pose\training_data_filtered\training_data\v2.2\1-13-11_color_kinect.png
2-7-9,gelatin_box,30,z2|x2,548,2.161466191631456,0.105429046,0.5602393414436074,0.11927289365663662,1.6012268501878486,-0.013843847800637632,0.3813186813186813,0.173657284202807,False,True,C:\Users\Owner\Desktop\Fall2023\CSE275\6D Pose\training_data_filtered\training_data\v2.2\2-7-9_color_kinect.png
1-80-12,gelatin_box,30,z2|x2,533,1.4932801009800527,0.2545385,0.5602272725329388,0.1206058989061207,0.9330528284471139,0.13393260736333426,0.3373626373626374,0.16964291732824155,False,True,C:\Users\Owner\Desktop\Fall2023\CSE275\6D Pose\training_data_filtered\training_data\v2.2\1-80-12_color_kinect.png
1-57-12,jenga,35,z2|x2,631,2.8299626249508982,0.25456935,0.5599584681236767,0.10665061155587978,2.2700041568272216,0.14791874011724643,0.32070240295748614,0.1712186960537069,False,True,C:\Users\Owner\Desktop\Fall2023\CSE275\6D Pose\training_data_filtered\training_data\v2.2\1-57-12_color_kinect.png
2-13-16,jenga,35,z2|x2,608,0.4477321867281027,0.16846454,0.5596004188977945,0.10878414384412002,-0.11186823216969183,0.059680397591121676,0.28188539741219965,0.17282520371005272,False,True,C:\Users\Owner\Desktop\Fall2023\CSE275\6D Pose\training_data_filtered\training_data\v2.2\2-13-16_color_kinect.png
2-21-14,master_chef_can,39,zinf|x2,375,0.11788324617732311,0.1157688,0.5586408398195808,0.1450077635257149,-0.4407575936422577,-0.02923896583007815,0.36894586894586895,0.1635638208487447,False,True,C:\Users\Owner\Desktop\Fall2023\CSE275\6D Pose\training_data_filtered\training_data\v2.2\2-21-14_color_kinect.png
1-46-0,wood_block,58,z2|y2|x4,573,0.5562255688361906,0.18898341,0.5562255688361906,0.18898341059684753,0.0,0.0,0.0,0.0,False,True,C:\Users\Owner\Desktop\Fall2023\CSE275\6D Pose\training_data_filtered\training_data\v2.2\1-46-0_color_kinect.png
2-37-7,wood_block,58,z2|y2|x4,517,0.5507047056935466,0.19659165,0.5507047056935466,0.19659164547920227,0.0,0.0,0.0,0.0,False,True,C:\Users\Owner\Desktop\Fall2023\CSE275\6D Pose\training_data_filtered\training_data\v2.2\2-37-7_color_kinect.png
2-47-11,tuna_fish_can,57,zinf|x2,122,0.12078792672222287,0.09503162,0.5505040335317669,0.163984748791847,-0.42971610680954403,-0.06895312971988654,0.4057971014492754,0.15879718262033052,False,True,C:\Users\Owner\Desktop\Fall2023\CSE275\6D Pose\training_data_filtered\training_data\v2.2\2-47-11_color_kinect.png
1-67-18,cracker_box,14,z2|x2,183,1.3931656507130719,0.054936383,0.5495525109323102,0.12690798894694374,0.8436131397807617,-0.0719716060273938,0.39473684210526316,0.16125031926121688,False,True,C:\Users\Owner\Desktop\Fall2023\CSE275\6D Pose\training_data_filtered\training_data\v2.2\1-67-18_color_kinect.png
2-35-4,nine_hole_peg_test,43,no,345,1.2931424508477998,0.056893174,0.5493887221456746,0.10876564735428532,0.7437537287021252,-0.05187247374908169,0.3956228956228956,0.16264319898171206,False,True,C:\Users\Owner\Desktop\Fall2023\CSE275\6D Pose\training_data_filtered\training_data\v2.2\2-35-4_color_kinect.png
1-97-1,jenga,35,z2|x2,698,1.3671523432695447,0.16096039,0.5472961658464551,0.11316716041439956,0.8198561774230896,0.04779323074942643,0.2975970425138632,0.16917522271222202,False,True,C:\Users\Owner\Desktop\Fall2023\CSE275\6D Pose\training_data_filtered\training_data\v2.2\1-97-1_color_kinect.png
1-65-10,potted_meat_can,48,z2|x2,824,4.286998243402053,0.2065695,0.5468441535600231,0.12861551855705108,3.74015408984203,0.07795397425987396,0.31422351233671986,0.17101299712738718,False,True,C:\Users\Owner\Desktop\Fall2023\CSE275\6D Pose\training_data_filtered\training_data\v2.2\1-65-10_color_kinect.png
2-7-8,jenga,35,z2|x2,701,0.9467978840251075,0.16749187,0.5459208036185422,0.14638141193783502,0.4008770804065652,0.021110456200478273,0.3031423290203327,0.16424941973679397,False,True,C:\Users\Owner\Desktop\Fall2023\CSE275\6D Pose\training_data_filtered\training_data\v2.2\2-7-8_color_kinect.png
2-70-3,potted_meat_can,48,z2|x2,832,0.5427099014266957,0.08734728,0.5427099014266957,0.08734727650880814,0.0,0.0,0.0,0.0,False,True,C:\Users\Owner\Desktop\Fall2023\CSE275\6D Pose\training_data_filtered\training_data\v2.2\2-70-3_color_kinect.png
1-34-7,wood_block,58,z2|y2|x4,560,0.48500096814738936,0.06225013,0.5423183018401815,0.11337262173007322,-0.05731733369279213,-0.05112249185155225,0.3237791932059448,0.17299710360555925,False,True,C:\Users\Owner\Desktop\Fall2023\CSE275\6D Pose\training_data_filtered\training_data\v2.2\1-34-7_color_kinect.png
1-35-17,gelatin_box,30,z2|x2,519,2.5903920964214904,0.24802606,0.5398393883416956,0.1311696237091715,2.0505527080797945,0.11685643436864068,0.33186813186813185,0.17166373096643314,False,True,C:\Users\Owner\Desktop\Fall2023\CSE275\6D Pose\training_data_filtered\training_data\v2.2\1-35-17_color_kinect.png
2-35-4,master_chef_can,39,zinf|x2,383,0.10624183774304595,0.24352571,0.5388838846648323,0.0982293353334724,-0.4326420469217863,0.1452963783487023,0.3475783475783476,0.164282331986067,False,True,C:\Users\Owner\Desktop\Fall2023\CSE275\6D Pose\training_data_filtered\training_data\v2.2\2-35-4_color_kinect.png
2-26-12,wood_block,58,z2|y2|x4,470,0.565192246996745,0.6165304,0.5373838786061571,0.09595569653773782,0.027808368390587868,0.5205747218582583,0.25477707006369427,0.17115807906939323,False,True,C:\Users\Owner\Desktop\Fall2023\CSE275\6D Pose\training_data_filtered\training_data\v2.2\2-26-12_color_kinect.png
1-14-7,master_chef_can,39,zinf|x2,359,0.13748268919739057,0.126751,0.5359003552053826,0.10722093767010533,-0.398417666007992,0.019530067979461316,0.32336182336182334,0.17056533937512408,False,True,C:\Users\Owner\Desktop\Fall2023\CSE275\6D Pose\training_data_filtered\training_data\v2.2\1-14-7_color_kinect.png
1-84-16,wood_block,58,z2|y2|x4,479,0.5356054626400044,0.18803033,0.5356054626400044,0.18803033232688904,0.0,0.0,0.0,0.0,False,True,C:\Users\Owner\Desktop\Fall2023\CSE275\6D Pose\training_data_filtered\training_data\v2.2\1-84-16_color_kinect.png
1-57-10,jenga,35,z2|x2,717,0.496754850114818,0.08159214,0.5353409713831296,0.09578668842906843,-0.038586121268311624,-0.014194545847128731,0.36229205175600737,0.16134434710978252,False,True,C:\Users\Owner\Desktop\Fall2023\CSE275\6D Pose\training_data_filtered\training_data\v2.2\1-57-10_color_kinect.png
2-71-10,mustard_bottle,42,z2,1091,1.2873523827722642,0.16811594,0.5343923192305472,0.08504251458521103,0.752960063541717,0.0830734290850618,0.30374280230326295,0.17450769179648815,False,True,C:\Users\Owner\Desktop\Fall2023\CSE275\6D Pose\training_data_filtered\training_data\v2.2\2-71-10_color_kinect.png
1-3-3,wood_block,58,z2|y2|x4,390,0.5337525008168177,0.4150009,0.5337525008168177,0.41500088572502136,0.0,0.0,0.0,0.0,False,True,C:\Users\Owner\Desktop\Fall2023\CSE275\6D Pose\training_data_filtered\training_data\v2.2\1-3-3_color_kinect.png
1-6-13,pudding_box,51,z2|x2,201,1.5007733035777993,0.036061987,0.5310642953531446,0.12823464164434342,0.9697090082246547,-0.09217265436349778,0.40668523676880225,0.16343064469054883,False,True,C:\Users\Owner\Desktop\Fall2023\CSE275\6D Pose\training_data_filtered\training_data\v2.2\1-6-13_color_kinect.png
2-17-9,cracker_box,14,z2|x2,186,3.6681933786782994,0.09183433,0.5297283827422584,0.13907960325255989,3.138464995936041,-0.04724527418389915,0.41118421052631576,0.16707552726174735,False,True,C:\Users\Owner\Desktop\Fall2023\CSE275\6D Pose\training_data_filtered\training_data\v2.2\2-17-9_color_kinect.png
2-19-6,g_lego_duplo,29,z2,425,0.8236162902925926,0.23424906,0.5287457633067666,0.1780037776402544,0.29487052698582605,0.05624527774533519,0.3464373464373464,0.16872635434249922,False,True,C:\Users\Owner\Desktop\Fall2023\CSE275\6D Pose\training_data_filtered\training_data\v2.2\2-19-6_color_kinect.png
2-49-11,g_lego_duplo,29,z2,427,0.5149480564854416,0.1278922,0.5286790816206434,0.13784061558020866,-0.013731025135201747,-0.00994841940177238,0.32800982800982803,0.1734284847720557,False,True,C:\Users\Owner\Desktop\Fall2023\CSE275\6D Pose\training_data_filtered\training_data\v2.2\2-49-11_color_kinect.png
2-100-13,pudding_box,51,z2|x2,217,1.6991493855466495,0.07162933,0.5272508233041903,0.10895874928198107,1.1718985622424594,-0.03732941876611956,0.4206128133704735,0.1673133731753389,False,True,C:\Users\Owner\Desktop\Fall2023\CSE275\6D Pose\training_data_filtered\training_data\v2.2\2-100-13_color_kinect.png
2-22-1,gelatin_box,30,z2|x2,472,1.133225964870756,0.29513603,0.5247570417053753,0.10239093096930293,0.6084689231653808,0.19274510351937504,0.321978021978022,0.16577851741110317,False,True,C:\Users\Owner\Desktop\Fall2023\CSE275\6D Pose\training_data_filtered\training_data\v2.2\2-22-1_color_kinect.png
1-63-18,wood_block,58,z2|y2|x4,573,0.5243100888726141,0.11394451,0.5243100888726141,0.11394450813531876,0.0,0.0,0.0,0.0,False,True,C:\Users\Owner\Desktop\Fall2023\CSE275\6D Pose\training_data_filtered\training_data\v2.2\1-63-18_color_kinect.png
2-96-0,tuna_fish_can,57,zinf|x2,99,0.11989298484796199,0.15640678,0.5203241483719065,0.25132229892961694,-0.4004311635239446,-0.09491552381269647,0.3188405797101449,0.13814883286672647,False,True,C:\Users\Owner\Desktop\Fall2023\CSE275\6D Pose\training_data_filtered\training_data\v2.2\2-96-0_color_kinect.png
2-56-0,jenga,35,z2|x2,633,0.3347512796329753,0.34891272,0.5179679617183706,0.11304267689627924,-0.18321668208539527,0.235870039015586,0.2920517560073937,0.16982008004084354,False,True,C:\Users\Owner\Desktop\Fall2023\CSE275\6D Pose\training_data_filtered\training_data\v2.2\2-56-0_color_kinect.png
1-13-11,tuna_fish_can,57,zinf|x2,128,0.017406059427762268,0.10430519,0.517735542412042,0.15945891819863128,-0.5003294829842797,-0.05515372537045288,0.42995169082125606,0.15990103613944445,False,True,C:\Users\Owner\Desktop\Fall2023\CSE275\6D Pose\training_data_filtered\training_data\v2.2\1-13-11_color_kinect.png
1-67-18,wood_block,58,z2|y2|x4,517,0.516175035059595,0.13177435,0.516175035059595,0.13177435100078583,0.0,0.0,0.0,0.0,False,True,C:\Users\Owner\Desktop\Fall2023\CSE275\6D Pose\training_data_filtered\training_data\v2.2\1-67-18_color_kinect.png
2-14-14,master_chef_can,39,zinf|x2,360,0.04253800693291569,0.14462559,0.5136387198753499,0.12313404627174568,-0.4711007129424342,0.02149154297977257,0.3603988603988604,0.16824686797901156,False,True,C:\Users\Owner\Desktop\Fall2023\CSE275\6D Pose\training_data_filtered\training_data\v2.2\2-14-14_color_kinect.png
1-44-19,master_chef_can,39,zinf|x2,381,0.7823261692834639,0.14256231,0.5121371074822169,0.11545637302106891,0.270189061801247,0.027105941846904416,0.3646723646723647,0.17159375296145615,False,True,C:\Users\Owner\Desktop\Fall2023\CSE275\6D Pose\training_data_filtered\training_data\v2.2\1-44-19_color_kinect.png
1-62-18,wood_block,58,z2|y2|x4,527,0.5121353869346773,0.10785636,0.5121353869346773,0.10785636305809021,0.0,0.0,0.0,0.0,False,True,C:\Users\Owner\Desktop\Fall2023\CSE275\6D Pose\training_data_filtered\training_data\v2.2\1-62-18_color_kinect.png
2-13-16,tuna_fish_can,57,zinf|x2,128,0.11334635345571814,0.1929359,0.5116652465075916,0.13322019266233823,-0.39831889305187346,0.059715706237693816,0.4396135265700483,0.16723270815785238,False,True,C:\Users\Owner\Desktop\Fall2023\CSE275\6D Pose\training_data_filtered\training_data\v2.2\2-13-16_color_kinect.png
1-63-18,potted_meat_can,48,z2|x2,588,9.161390586765265,0.4788872,0.5113494391628133,0.11657469392260403,8.650041147602451,0.3623125064329258,0.26850507982583455,0.16105601472584247,False,True,C:\Users\Owner\Desktop\Fall2023\CSE275\6D Pose\training_data_filtered\training_data\v2.2\1-63-18_color_kinect.png
2-55-10,mustard_bottle,42,z2,989,3.2516420734801708,0.50281644,0.5113379752064572,0.14568751669389568,2.7403040982737137,0.3571289219810311,0.21257197696737043,0.17079768446097635,False,True,C:\Users\Owner\Desktop\Fall2023\CSE275\6D Pose\training_data_filtered\training_data\v2.2\2-55-10_color_kinect.png
1-42-6,tuna_fish_can,57,zinf|x2,135,0.10611335166375357,0.29657334,0.5106631168612578,0.1365589001942219,-0.4045497651975042,0.16001444069856985,0.463768115942029,0.15897652204344814,False,True,C:\Users\Owner\Desktop\Fall2023\CSE275\6D Pose\training_data_filtered\training_data\v2.2\1-42-6_color_kinect.png
2-35-4,mustard_bottle,42,z2,863,1.3553268219372536,0.6125711,0.510418249545361,0.149323422925156,0.8449085723918927,0.46324769733699,0.2092130518234165,0.17469366715623882,False,True,C:\Users\Owner\Desktop\Fall2023\CSE275\6D Pose\training_data_filtered\training_data\v2.2\2-35-4_color_kinect.png
2-21-14,rubiks_cube,52,z4|x4|y4,527,1.2617332124000618,0.20607819,0.5102023795139555,0.11660031844376616,0.7515308328861062,0.08947786818743654,0.30616740088105726,0.17134151700332417,False,True,C:\Users\Owner\Desktop\Fall2023\CSE275\6D Pose\training_data_filtered\training_data\v2.2\2-21-14_color_kinect.png
2-77-11,bleach_cleanser,8,z2,1495,3.669575135409046,0.1977552,0.5083102034735822,0.13397022703540284,3.1612649319354635,0.06378497561562102,0.2518248175182482,0.16950945274228485,False,True,C:\Users\Owner\Desktop\Fall2023\CSE275\6D Pose\training_data_filtered\training_data\v2.2\2-77-11_color_kinect.png
2-56-0,g_lego_duplo,29,z2,420,0.3685097488428394,0.059018493,0.5066779223054567,0.17507993129721272,-0.13816817346261734,-0.11606143859854329,0.3464373464373464,0.16363626358756667,False,True,C:\Users\Owner\Desktop\Fall2023\CSE275\6D Pose\training_data_filtered\training_data\v2.2\2-56-0_color_kinect.png
2-80-6,gelatin_box,30,z2|x2,542,0.9550442162559207,0.14039928,0.5018636996328908,0.11135098785467441,0.45318051662302994,0.029048289355561183,0.35274725274725277,0.17078642055865234,False,True,C:\Users\Owner\Desktop\Fall2023\CSE275\6D Pose\training_data_filtered\training_data\v2.2\2-80-6_color_kinect.png
1-78-20,wood_block,58,z2|y2|x4,595,0.5017120356323259,0.30455452,0.5017120356323259,0.3045545220375061,0.0,0.0,0.0,0.0,False,True,C:\Users\Owner\Desktop\Fall2023\CSE275\6D Pose\training_data_filtered\training_data\v2.2\1-78-20_color_kinect.png
1-1-15,potted_meat_can,48,z2|x2,653,5.269421059126336,0.6493756,0.501660369363091,0.12603780187039904,4.767760689763245,0.5233378156337208,0.262699564586357,0.17438112580102538,False,True,C:\Users\Owner\Desktop\Fall2023\CSE275\6D Pose\training_data_filtered\training_data\v2.2\1-1-15_color_kinect.png
1-32-5,wood_block,58,z2|y2|x4,490,0.499049465598387,0.32416064,0.499049465598387,0.324160635471344,0.0,0.0,0.0,0.0,False,True,C:\Users\Owner\Desktop\Fall2023\CSE275\6D Pose\training_data_filtered\training_data\v2.2\1-32-5_color_kinect.png
2-93-9,gelatin_box,30,z2|x2,503,0.773103617294238,0.19956197,0.4985878385210866,0.11111915352474044,0.2745157787731514,0.08844281492103745,0.33076923076923076,0.17440780566336794,False,True,C:\Users\Owner\Desktop\Fall2023\CSE275\6D Pose\training_data_filtered\training_data\v2.2\2-93-9_color_kinect.png
1-86-9,wood_block,58,z2|y2|x4,543,0.49831899659121887,0.2011821,0.49831899659121887,0.20118209719657898,0.0,0.0,0.0,0.0,False,True,C:\Users\Owner\Desktop\Fall2023\CSE275\6D Pose\training_data_filtered\training_data\v2.2\1-86-9_color_kinect.png
1-19-18,master_chef_can,39,zinf|x2,377,0.054933358376852134,0.07663791,0.49670186686959267,0.104751084387927,-0.4417685084927405,-0.02811317557158942,0.3660968660968661,0.1730258062525745,False,True,C:\Users\Owner\Desktop\Fall2023\CSE275\6D Pose\training_data_filtered\training_data\v2.2\1-19-18_color_kinect.png
1-60-16,jenga,35,z2|x2,694,0.23367003215322918,0.060088594,0.49664830675366073,0.12654012587831043,-0.26297827460043155,-0.06645153236553691,0.28650646950092423,0.17798864113996749,False,True,C:\Users\Owner\Desktop\Fall2023\CSE275\6D Pose\training_data_filtered\training_data\v2.2\1-60-16_color_kinect.png
1-95-15,jenga,35,z2|x2,713,0.49647044634718535,0.09023779,0.49647044634718535,0.09023778885602951,0.0,0.0,0.0,0.0,False,True,C:\Users\Owner\Desktop\Fall2023\CSE275\6D Pose\training_data_filtered\training_data\v2.2\1-95-15_color_kinect.png
2-38-4,pudding_box,51,z2|x2,198,4.495273398175892,0.09576687,0.49579056370443236,0.12218720968659011,3.99948283447146,-0.02642033751900283,0.36768802228412256,0.16423289234567146,False,True,C:\Users\Owner\Desktop\Fall2023\CSE275\6D Pose\training_data_filtered\training_data\v2.2\2-38-4_color_kinect.png
2-7-8,bleach_cleanser,8,z2,1400,1.1190713011970521,0.80248016,0.49303836453028643,0.11183187342134872,0.6260329366667656,0.6906482877686843,0.24927007299270074,0.17337854014986512,False,True,C:\Users\Owner\Desktop\Fall2023\CSE275\6D Pose\training_data_filtered\training_data\v2.2\2-7-8_color_kinect.png
1-9-4,wood_block,58,z2|y2|x4,543,0.49176177195015486,0.18116294,0.49176177195015486,0.18116293847560883,0.0,0.0,0.0,0.0,False,True,C:\Users\Owner\Desktop\Fall2023\CSE275\6D Pose\training_data_filtered\training_data\v2.2\1-9-4_color_kinect.png
2-14-17,g_lego_duplo,29,z2,403,5.2204586668108135,0.29998708,0.49039590001385625,0.17145976013952788,4.730062766796957,0.12852731757348482,0.33415233415233414,0.16364631923537037,False,True,C:\Users\Owner\Desktop\Fall2023\CSE275\6D Pose\training_data_filtered\training_data\v2.2\2-14-17_color_kinect.png
1-19-18,wood_block,58,z2|y2|x4,576,0.49038112324030536,0.07743239,0.49038112324030536,0.07743238657712936,0.0,0.0,0.0,0.0,False,True,C:\Users\Owner\Desktop\Fall2023\CSE275\6D Pose\training_data_filtered\training_data\v2.2\1-19-18_color_kinect.png
2-47-11,sugar_box,55,z2|x2,340,1.5337130118277773,0.1725931,0.4900320230772535,0.1199544683479421,1.0436809887505238,0.05263863351115061,0.3614678899082569,0.1692438550128605,False,True,C:\Users\Owner\Desktop\Fall2023\CSE275\6D Pose\training_data_filtered\training_data\v2.2\2-47-11_color_kinect.png
2-68-12,tuna_fish_can,57,zinf|x2,130,0.04333127559203407,0.1437973,0.4870135083498467,0.10879847590435986,-0.4436822327578126,0.03499881740103718,0.45893719806763283,0.1335275216445241,False,True,C:\Users\Owner\Desktop\Fall2023\CSE275\6D Pose\training_data_filtered\training_data\v2.2\2-68-12_color_kinect.png
1-6-2,master_chef_can,39,zinf|x2,379,0.022521380773461323,0.07673208,0.4856367914177263,0.12916957804227575,-0.463115410644265,-0.05243750133777364,0.3575498575498576,0.17119977809863057,False,True,C:\Users\Owner\Desktop\Fall2023\CSE275\6D Pose\training_data_filtered\training_data\v2.2\1-6-2_color_kinect.png
2-58-11,g_lego_duplo,29,z2,406,3.119893567483073,0.22381532,0.48526615916593696,0.16341059093921817,2.6346274083171357,0.060404730983084076,0.32678132678132676,0.17569115290263512,False,True,C:\Users\Owner\Desktop\Fall2023\CSE275\6D Pose\training_data_filtered\training_data\v2.2\2-58-11_color_kinect.png
2-4-10,jenga,35,z2|x2,731,0.18280739437019425,0.037213277,0.4848769887856069,0.11897640982928394,-0.3020695944154127,-0.08176313275756954,0.29944547134935307,0.1726121984958586,False,True,C:\Users\Owner\Desktop\Fall2023\CSE275\6D Pose\training_data_filtered\training_data\v2.2\2-4-10_color_kinect.png
2-93-13,tuna_fish_can,57,zinf|x2,67,0.4829785603109276,0.2119998,0.4829785603109276,0.2119998037815094,0.0,0.0,0.0,0.0,False,True,C:\Users\Owner\Desktop\Fall2023\CSE275\6D Pose\training_data_filtered\training_data\v2.2\2-93-13_color_kinect.png
2-46-0,mustard_bottle,42,z2,1136,2.430339636901181,0.20401734,0.4781914728693935,0.23215150076765922,1.9521481640317877,-0.02813415963072685,0.31621880998080615,0.1724403812743804,False,True,C:\Users\Owner\Desktop\Fall2023\CSE275\6D Pose\training_data_filtered\training_data\v2.2\2-46-0_color_kinect.png
2-54-15,jenga,35,z2|x2,708,0.8308030391299928,0.07988661,0.4760442504866672,0.12860473711244405,0.35475878864332555,-0.04871812928668798,0.31608133086876156,0.1761345042520314,False,True,C:\Users\Owner\Desktop\Fall2023\CSE275\6D Pose\training_data_filtered\training_data\v2.2\2-54-15_color_kinect.png
1-6-5,master_chef_can,39,zinf|x2,379,0.0645383026997193,0.10779975,0.4756818786334717,0.1221216524542889,-0.4111435759337524,-0.014321898907574113,0.31196581196581197,0.16725600625535664,False,True,C:\Users\Owner\Desktop\Fall2023\CSE275\6D Pose\training_data_filtered\training_data\v2.2\1-6-5_color_kinect.png
2-98-20,master_chef_can,39,zinf|x2,406,2.454388090386554,0.34987533,0.4755674185606301,0.1266010591101221,1.978820671825924,0.2232742718148657,0.3333333333333333,0.1673332766973544,False,True,C:\Users\Owner\Desktop\Fall2023\CSE275\6D Pose\training_data_filtered\training_data\v2.2\2-98-20_color_kinect.png
2-6-3,jenga,35,z2|x2,642,0.47496603746309046,0.17116497,0.47496603746309046,0.17116497457027435,0.0,0.0,0.0,0.0,False,True,C:\Users\Owner\Desktop\Fall2023\CSE275\6D Pose\training_data_filtered\training_data\v2.2\2-6-3_color_kinect.png
1-56-13,pudding_box,51,z2|x2,221,1.7729923103287901,0.17487355,0.47359454068717216,0.12721495313221265,1.299397769641618,0.04765859263366412,0.42896935933147634,0.1659592782640792,False,True,C:\Users\Owner\Desktop\Fall2023\CSE275\6D Pose\training_data_filtered\training_data\v2.2\1-56-13_color_kinect.png
1-20-8,master_chef_can,39,zinf|x2,372,0.05544416161706606,0.12655087,0.4733855169381534,0.14566554813499327,-0.41794135532108734,-0.01911467998142119,0.3547008547008547,0.16909672184185115,False,True,C:\Users\Owner\Desktop\Fall2023\CSE275\6D Pose\training_data_filtered\training_data\v2.2\1-20-8_color_kinect.png
2-9-10,jenga,35,z2|x2,736,0.8754563573674664,0.187403,0.472065389073297,0.10713911252230061,0.4033909682941694,0.08026388091832744,0.31146025878003697,0.16947991813602348,False,True,C:\Users\Owner\Desktop\Fall2023\CSE275\6D Pose\training_data_filtered\training_data\v2.2\2-9-10_color_kinect.png
2-21-18,mustard_bottle,42,z2,1081,1.2467486417866145,0.25895622,0.47149754738337935,0.16619876406599463,0.7752510944032351,0.09275745966027796,0.34069097888675626,0.16447817595889552,False,True,C:\Users\Owner\Desktop\Fall2023\CSE275\6D Pose\training_data_filtered\training_data\v2.2\2-21-18_color_kinect.png
2-94-19,jenga,35,z2|x2,718,0.8973479455519178,0.072778024,0.4686829328369768,0.12201340929088784,0.42866501271494095,-0.0492353855114956,0.3465804066543438,0.15315591281835203,False,True,C:\Users\Owner\Desktop\Fall2023\CSE275\6D Pose\training_data_filtered\training_data\v2.2\2-94-19_color_kinect.png
2-12-2,master_chef_can,39,zinf|x2,367,0.10796993109077041,0.046369787,0.4680103756549164,0.12357547942797802,-0.36004044456414597,-0.07720569212238453,0.3789173789173789,0.16522728093055705,False,True,C:\Users\Owner\Desktop\Fall2023\CSE275\6D Pose\training_data_filtered\training_data\v2.2\2-12-2_color_kinect.png
1-31-0,tuna_fish_can,57,zinf|x2,135,0.08436775725312293,0.08871862,0.46722002397745693,0.129176915954074,-0.38285226672433403,-0.04045829303117665,0.41545893719806765,0.1654788278027857,False,True,C:\Users\Owner\Desktop\Fall2023\CSE275\6D Pose\training_data_filtered\training_data\v2.2\1-31-0_color_kinect.png
1-36-9,potted_meat_can,48,z2|x2,811,0.12461972114618917,0.13505793,0.46668809535410294,0.12419622609725965,-0.34206837420791375,0.010861700080718864,0.318577648766328,0.17161332790668654,False,True,C:\Users\Owner\Desktop\Fall2023\CSE275\6D Pose\training_data_filtered\training_data\v2.2\1-36-9_color_kinect.png
2-71-10,d_toy_airplane,18,zinf,131,0.4661670694380408,0.12586066,0.4661670694380408,0.12586066126823425,0.0,0.0,0.0,0.0,False,True,C:\Users\Owner\Desktop\Fall2023\CSE275\6D Pose\training_data_filtered\training_data\v2.2\2-71-10_color_kinect.png
2-93-9,bleach_cleanser,8,z2,1509,0.7175179249143319,0.1750242,0.46372540830596515,0.11854773818381487,0.2537925166083667,0.056476458321731704,0.21788321167883212,0.17408183709838707,False,True,C:\Users\Owner\Desktop\Fall2023\CSE275\6D Pose\training_data_filtered\training_data\v2.2\2-93-9_color_kinect.png
2-63-8,jenga,35,z2|x2,588,1.0478298553302092,0.42249513,0.4633478661266627,0.12178328352643862,0.5844819892035465,0.30071184319780453,0.27911275415896486,0.17569257564217186,False,True,C:\Users\Owner\Desktop\Fall2023\CSE275\6D Pose\training_data_filtered\training_data\v2.2\2-63-8_color_kinect.png
2-19-6,bleach_cleanser,8,z2,1441,1.9714664702791325,0.31770468,0.46191365536572826,0.0690218022710435,1.509552814913404,0.24868287531074362,0.2675182481751825,0.16553116913733776,False,True,C:\Users\Owner\Desktop\Fall2023\CSE275\6D Pose\training_data_filtered\training_data\v2.2\2-19-6_color_kinect.png
1-84-16,tuna_fish_can,57,zinf|x2,128,0.1366065846898132,0.04806577,0.4600176450963675,0.13467398372851172,-0.3234110604065543,-0.08660821331105986,0.4396135265700483,0.1595973677281621,False,True,C:\Users\Owner\Desktop\Fall2023\CSE275\6D Pose\training_data_filtered\training_data\v2.2\1-84-16_color_kinect.png
2-13-3,g_lego_duplo,29,z2,445,0.5644586444202546,0.08021653,0.45951799522983355,0.1717947890023533,0.10494064919042106,-0.09157826201718483,0.3464373464373464,0.17387570996435023,False,True,C:\Users\Owner\Desktop\Fall2023\CSE275\6D Pose\training_data_filtered\training_data\v2.2\2-13-3_color_kinect.png
2-35-10,gelatin_box,30,z2|x2,528,0.6667843760863629,0.12427921,0.45801200739710796,0.09126178813460682,0.20877236868925492,0.033017420346704976,0.35934065934065934,0.16761528169812492,False,True,C:\Users\Owner\Desktop\Fall2023\CSE275\6D Pose\training_data_filtered\training_data\v2.2\2-35-10_color_kinect.png
2-35-4,gelatin_box,30,z2|x2,548,1.5869382740200184,0.1931577,0.4571855310798814,0.13386533648472054,1.129752742940137,0.05929236619968192,0.36923076923076925,0.17143113507318658,False,True,C:\Users\Owner\Desktop\Fall2023\CSE275\6D Pose\training_data_filtered\training_data\v2.2\2-35-4_color_kinect.png
1-90-2,pudding_box,51,z2|x2,193,2.4098218968309046,0.04239421,0.4569213292456353,0.13845807096887422,1.9529005675852693,-0.0960638613157351,0.37047353760445684,0.17870281481658218,False,True,C:\Users\Owner\Desktop\Fall2023\CSE275\6D Pose\training_data_filtered\training_data\v2.2\1-90-2_color_kinect.png
2-63-8,potted_meat_can,48,z2|x2,804,0.45626219189729716,0.31732616,0.45626219189729716,0.317326158285141,0.0,0.0,0.0,0.0,False,True,C:\Users\Owner\Desktop\Fall2023\CSE275\6D Pose\training_data_filtered\training_data\v2.2\2-63-8_color_kinect.png
1-5-11,jenga,35,z2|x2,736,0.25633469715351126,0.13253243,0.45479058163164215,0.13138859610435924,-0.1984558844781309,0.0011438365710023934,0.3299445471349353,0.16925314585760107,False,True,C:\Users\Owner\Desktop\Fall2023\CSE275\6D Pose\training_data_filtered\training_data\v2.2\1-5-11_color_kinect.png
2-67-12,bleach_cleanser,8,z2,1520,0.45397830181772164,0.469689,0.45397830181772164,0.4696890115737915,0.0,0.0,0.0,0.0,False,True,C:\Users\Owner\Desktop\Fall2023\CSE275\6D Pose\training_data_filtered\training_data\v2.2\2-67-12_color_kinect.png
1-87-19,pudding_box,51,z2|x2,192,2.468259809969915,0.082023084,0.45291282211852746,0.10414737883064086,2.0153469878513874,-0.02212429466697509,0.38997214484679665,0.15673111038024312,False,True,C:\Users\Owner\Desktop\Fall2023\CSE275\6D Pose\training_data_filtered\training_data\v2.2\1-87-19_color_kinect.png
2-55-10,g_lego_duplo,29,z2,441,1.0309515195824916,0.19908226,0.4502036021914705,0.16012773375490164,0.5807479173910212,0.03895452160856272,0.3759213759213759,0.16471513544113967,False,True,C:\Users\Owner\Desktop\Fall2023\CSE275\6D Pose\training_data_filtered\training_data\v2.2\2-55-10_color_kinect.png
2-79-3,master_chef_can,39,zinf|x2,378,0.1333438440723178,0.09270631,0.4486110019854029,0.12206001346477646,-0.31526715791308507,-0.029353705695954746,0.3660968660968661,0.1690774852530623,False,True,C:\Users\Owner\Desktop\Fall2023\CSE275\6D Pose\training_data_filtered\training_data\v2.2\2-79-3_color_kinect.png
2-26-12,bleach_cleanser,8,z2,1523,1.550168862905957,0.13577043,0.4478474765900607,0.15893962618559737,1.1023213863158963,-0.02316920098513503,0.24854014598540147,0.17440034456556752,False,True,C:\Users\Owner\Desktop\Fall2023\CSE275\6D Pose\training_data_filtered\training_data\v2.2\2-26-12_color_kinect.png
1-3-3,jenga,35,z2|x2,732,3.2985272300921,0.35709232,0.44631053960037875,0.12471191547208575,2.8522166904917214,0.2323804054469511,0.32717190388170053,0.17203394762233878,False,True,C:\Users\Owner\Desktop\Fall2023\CSE275\6D Pose\training_data_filtered\training_data\v2.2\1-3-3_color_kinect.png
2-21-14,gelatin_box,30,z2|x2,539,0.8474902996719111,0.10075185,0.44493865846500946,0.1171059960542919,0.4025516412069017,-0.016354149025559594,0.36813186813186816,0.17396081550247466,False,True,C:\Users\Owner\Desktop\Fall2023\CSE275\6D Pose\training_data_filtered\training_data\v2.2\2-21-14_color_kinect.png
1-40-17,gelatin_box,30,z2|x2,389,3.8434953801873344,0.19019812,0.44484230526038177,0.10982416815129106,3.3986530749269526,0.08037395530375654,0.2978021978021978,0.15654222970907597,False,True,C:\Users\Owner\Desktop\Fall2023\CSE275\6D Pose\training_data_filtered\training_data\v2.2\1-40-17_color_kinect.png
2-63-13,wood_block,58,z2|y2|x4,609,0.4443879418658028,0.17501292,0.4443879418658028,0.17501291632652283,0.0,0.0,0.0,0.0,False,True,C:\Users\Owner\Desktop\Fall2023\CSE275\6D Pose\training_data_filtered\training_data\v2.2\2-63-13_color_kinect.png
2-54-15,g_lego_duplo,29,z2,435,4.340154245329774,0.25634515,0.4428388707113621,0.19328897689326635,3.897315374618412,0.06305617596165308,0.36732186732186733,0.1719614509040026,False,True,C:\Users\Owner\Desktop\Fall2023\CSE275\6D Pose\training_data_filtered\training_data\v2.2\2-54-15_color_kinect.png
2-26-17,foam_brick,26,z2|x4|y2,451,2.1287499317646055,0.07637063,0.4423565165086998,0.12133099572367281,1.6863934152559057,-0.04496036903566927,0.29577464788732394,0.1722386385285895,False,True,C:\Users\Owner\Desktop\Fall2023\CSE275\6D Pose\training_data_filtered\training_data\v2.2\2-26-17_color_kinect.png
1-56-13,gelatin_box,30,z2|x2,528,0.7083790180596021,0.031776223,0.44207240923734686,0.1327435658656063,0.26630660882225526,-0.10096734253391645,0.3747252747252747,0.172584194333855,False,True,C:\Users\Owner\Desktop\Fall2023\CSE275\6D Pose\training_data_filtered\training_data\v2.2\1-56-13_color_kinect.png
2-25-7,mustard_bottle,42,z2,910,2.480171301224969,0.44587943,0.44113264496583454,0.23229484409438075,2.0390386562591343,0.21358458548440037,0.21641074856046066,0.17519179555885767,False,True,C:\Users\Owner\Desktop\Fall2023\CSE275\6D Pose\training_data_filtered\training_data\v2.2\2-25-7_color_kinect.png
2-18-8,rubiks_cube,52,z4|x4|y4,436,0.4410198166129439,0.22729516,0.4410198166129439,0.2272951602935791,0.0,0.0,0.0,0.0,False,True,C:\Users\Owner\Desktop\Fall2023\CSE275\6D Pose\training_data_filtered\training_data\v2.2\2-18-8_color_kinect.png
2-36-8,wood_block,58,z2|y2|x4,574,0.44002835087109615,0.19210497,0.44002835087109615,0.19210496544837952,0.0,0.0,0.0,0.0,False,True,C:\Users\Owner\Desktop\Fall2023\CSE275\6D Pose\training_data_filtered\training_data\v2.2\2-36-8_color_kinect.png
1-49-1,tuna_fish_can,57,zinf|x2,118,0.11755501586350518,0.15912554,0.4383910012885866,0.1190907386841381,-0.3208359854250814,0.04003479799608346,0.42028985507246375,0.1613741558337456,False,True,C:\Users\Owner\Desktop\Fall2023\CSE275\6D Pose\training_data_filtered\training_data\v2.2\1-49-1_color_kinect.png
2-70-5,potted_meat_can,48,z2|x2,850,0.4369649964252966,0.34003836,0.4369649964252966,0.34003835916519165,0.0,0.0,0.0,0.0,False,True,C:\Users\Owner\Desktop\Fall2023\CSE275\6D Pose\training_data_filtered\training_data\v2.2\2-70-5_color_kinect.png
2-23-9,master_chef_can,39,zinf|x2,352,0.10285689889808956,0.051671296,0.4367626458052095,0.12441031131145977,-0.33390574690711994,-0.07273901495335125,0.33903133903133903,0.17510978532905563,False,True,C:\Users\Owner\Desktop\Fall2023\CSE275\6D Pose\training_data_filtered\training_data\v2.2\2-23-9_color_kinect.png
2-80-11,gelatin_box,30,z2|x2,466,2.813126367807817,0.55650675,0.4362141252843555,0.12754830507518383,2.3769122425234617,0.42895844789265064,0.33186813186813185,0.17151484022382188,False,True,C:\Users\Owner\Desktop\Fall2023\CSE275\6D Pose\training_data_filtered\training_data\v2.2\2-80-11_color_kinect.png
2-13-16,g_lego_duplo,29,z2,426,2.095635183920906,0.18708065,0.43358576619246025,0.18881510596971893,1.662049417728446,-0.0017344544480361879,0.3501228501228501,0.1733548183683649,False,True,C:\Users\Owner\Desktop\Fall2023\CSE275\6D Pose\training_data_filtered\training_data\v2.2\2-13-16_color_kinect.png
1-79-2,master_chef_can,39,zinf|x2,367,0.11907767960219122,0.121746786,0.43335286281871305,0.13527932222560277,-0.3142751832165218,-0.01353253628686299,0.37037037037037035,0.1725935200982706,False,True,C:\Users\Owner\Desktop\Fall2023\CSE275\6D Pose\training_data_filtered\training_data\v2.2\1-79-2_color_kinect.png
1-67-18,potted_meat_can,48,z2|x2,827,1.1961310072072129,0.07642628,0.43234346802683793,0.1168473586253175,0.763787539180375,-0.04042107610025494,0.3062409288824383,0.17068290655049898,False,True,C:\Users\Owner\Desktop\Fall2023\CSE275\6D Pose\training_data_filtered\training_data\v2.2\1-67-18_color_kinect.png
1-32-5,pudding_box,51,z2|x2,219,3.126015683995152,0.16173734,0.43043773606954816,0.09481205782013669,2.695577947925604,0.06692527988833652,0.44846796657381616,0.17337399419920527,False,True,C:\Users\Owner\Desktop\Fall2023\CSE275\6D Pose\training_data_filtered\training_data\v2.2\1-32-5_color_kinect.png
2-23-9,wood_block,58,z2|y2|x4,491,0.5025687618959023,0.08756897,0.4291577224650243,0.1708311637363457,0.07341103943087796,-0.08326219520187608,0.2940552016985138,0.1686205296320083,False,True,C:\Users\Owner\Desktop\Fall2023\CSE275\6D Pose\training_data_filtered\training_data\v2.2\2-23-9_color_kinect.png
2-11-4,mustard_bottle,42,z2,1033,0.8744351980488497,0.13934848,0.4247840294666762,0.12578603025320728,0.4496511685821735,0.013562446871960565,0.30806142034548945,0.1725717776470063,False,True,C:\Users\Owner\Desktop\Fall2023\CSE275\6D Pose\training_data_filtered\training_data\v2.2\2-11-4_color_kinect.png
2-14-14,jenga,35,z2|x2,689,2.351360916348748,0.23529439,0.4214659417769926,0.11786493304572823,1.9298949745717555,0.11742945369877097,0.3096118299445471,0.17500417484173075,False,True,C:\Users\Owner\Desktop\Fall2023\CSE275\6D Pose\training_data_filtered\training_data\v2.2\2-14-14_color_kinect.png
2-26-13,wood_block,58,z2|y2|x4,473,0.42064754474853333,0.43099558,0.42064754474853333,0.4309955835342407,0.0,0.0,0.0,0.0,False,True,C:\Users\Owner\Desktop\Fall2023\CSE275\6D Pose\training_data_filtered\training_data\v2.2\2-26-13_color_kinect.png
1-97-1,potted_meat_can,48,z2|x2,842,0.4190991786604073,0.2506677,0.4190991786604073,0.2506676912307739,0.0,0.0,0.0,0.0,False,True,C:\Users\Owner\Desktop\Fall2023\CSE275\6D Pose\training_data_filtered\training_data\v2.2\1-97-1_color_kinect.png
2-30-8,mustard_bottle,42,z2,924,1.2776198877402434,0.31339094,0.4168249623157449,0.06417860928423098,0.8607949254244984,0.24921233114354918,0.21017274472168906,0.1743325801745357,False,True,C:\Users\Owner\Desktop\Fall2023\CSE275\6D Pose\training_data_filtered\training_data\v2.2\2-30-8_color_kinect.png
2-18-8,mustard_bottle,42,z2,845,2.2863302716792226,0.14288753,0.4145267844687594,0.1217437205907066,1.8718034872104632,0.02114381212032246,0.21928982725527832,0.17252806714514513,False,True,C:\Users\Owner\Desktop\Fall2023\CSE275\6D Pose\training_data_filtered\training_data\v2.2\2-18-8_color_kinect.png
2-94-19,nine_hole_peg_test,43,no,330,0.1145298993766647,0.32344335,0.4141592887337951,0.13142742229291282,-0.2996293893571304,0.19201593088320412,0.3569023569023569,0.16511720821389045,False,True,C:\Users\Owner\Desktop\Fall2023\CSE275\6D Pose\training_data_filtered\training_data\v2.2\2-94-19_color_kinect.png
1-19-1,rubiks_cube,52,z4|x4|y4,476,0.4132553523563049,0.30396122,0.4132553523563049,0.30396121740341187,0.0,0.0,0.0,0.0,False,True,C:\Users\Owner\Desktop\Fall2023\CSE275\6D Pose\training_data_filtered\training_data\v2.2\1-19-1_color_kinect.png
2-22-1,mustard_bottle,42,z2,996,1.1626940339671747,0.39908043,0.4128756464905807,0.11619882867339001,0.749818387476594,0.2828815968274797,0.23944337811900193,0.17321284759504013,False,True,C:\Users\Owner\Desktop\Fall2023\CSE275\6D Pose\training_data_filtered\training_data\v2.2\2-22-1_color_kinect.png
2-8-18,jenga,35,z2|x2,523,1.4482379209245664,0.61137253,0.4127773039905984,0.11216015459867693,1.035460616933968,0.49921237586168077,0.3123844731977819,0.15631558379903043,False,True,C:\Users\Owner\Desktop\Fall2023\CSE275\6D Pose\training_data_filtered\training_data\v2.2\2-8-18_color_kinect.png
2-13-3,rubiks_cube,52,z4|x4|y4,504,1.8425977614442604,0.118914366,0.41235155792205874,0.09348455034168324,1.4302462035222017,0.02542981542674938,0.30837004405286345,0.17141287745870828,False,True,C:\Users\Owner\Desktop\Fall2023\CSE275\6D Pose\training_data_filtered\training_data\v2.2\2-13-3_color_kinect.png
2-35-7,wood_block,58,z2|y2|x4,510,0.4090889490227406,0.103813246,0.4090889490227406,0.10381324589252472,0.0,0.0,0.0,0.0,False,True,C:\Users\Owner\Desktop\Fall2023\CSE275\6D Pose\training_data_filtered\training_data\v2.2\2-35-7_color_kinect.png
2-18-8,jenga,35,z2|x2,623,1.2937252629739533,0.3026141,0.40780442059505967,0.12262405288447072,0.8859208423788936,0.17999003994237256,0.3133086876155268,0.16377174566997188,False,True,C:\Users\Owner\Desktop\Fall2023\CSE275\6D Pose\training_data_filtered\training_data\v2.2\2-18-8_color_kinect.png
2-21-14,mustard_bottle,42,z2,1083,2.0365753216246345,0.2325515,0.40629884024598595,0.17905199562435906,1.6302764813786486,0.053499504576866225,0.29318618042226485,0.17518285917338566,False,True,C:\Users\Owner\Desktop\Fall2023\CSE275\6D Pose\training_data_filtered\training_data\v2.2\2-21-14_color_kinect.png
2-82-9,wood_block,58,z2|y2|x4,576,1.3191789915847518,0.27348703,0.40522132680922013,0.1210305858322391,0.9139576647755316,0.15245644562756927,0.35668789808917195,0.17137875222159055,False,True,C:\Users\Owner\Desktop\Fall2023\CSE275\6D Pose\training_data_filtered\training_data\v2.2\2-82-9_color_kinect.png
1-37-18,wood_block,58,z2|y2|x4,494,0.4050858321632031,0.24353112,0.4050858321632031,0.24353112280368805,0.0,0.0,0.0,0.0,False,True,C:\Users\Owner\Desktop\Fall2023\CSE275\6D Pose\training_data_filtered\training_data\v2.2\1-37-18_color_kinect.png
2-7-9,jenga,35,z2|x2,734,2.0596249229013113,0.11294493,0.4046141805677138,0.1188761107940324,1.6550107423335976,-0.005931180002177544,0.33548983364140483,0.1675357670178609,False,True,C:\Users\Owner\Desktop\Fall2023\CSE275\6D Pose\training_data_filtered\training_data\v2.2\2-7-9_color_kinect.png
2-80-11,mustard_bottle,42,z2,847,0.9212987723503727,0.39260024,0.40358939666543303,0.10000300767869069,0.5177093756849397,0.292597230644521,0.22072936660268713,0.17453527281320783,False,True,C:\Users\Owner\Desktop\Fall2023\CSE275\6D Pose\training_data_filtered\training_data\v2.2\2-80-11_color_kinect.png
2-13-3,jenga,35,z2|x2,569,2.6817463823538645,0.25264627,0.4025828998335835,0.1053269562570375,2.279163482520281,0.14731931115705552,0.27818853974122,0.1726520957631752,False,True,C:\Users\Owner\Desktop\Fall2023\CSE275\6D Pose\training_data_filtered\training_data\v2.2\2-13-3_color_kinect.png
2-6-11,e_toy_airplane,21,z2,126,0.402340224712623,0.13519187,0.402340224712623,0.13519187271595,0.0,0.0,0.0,0.0,False,True,C:\Users\Owner\Desktop\Fall2023\CSE275\6D Pose\training_data_filtered\training_data\v2.2\2-6-11_color_kinect.png
1-46-20,master_chef_can,39,zinf|x2,378,0.1294695253644669,0.09785321,0.4014128927165835,0.15510109239642642,-0.27194336735211655,-0.05724787884776614,0.34472934472934474,0.17242265068724197,False,True,C:\Users\Owner\Desktop\Fall2023\CSE275\6D Pose\training_data_filtered\training_data\v2.2\1-46-20_color_kinect.png
2-2-13,bleach_cleanser,8,z2,1495,0.400770874770575,0.1694963,0.400770874770575,0.1694962978363037,0.0,0.0,0.0,0.0,False,True,C:\Users\Owner\Desktop\Fall2023\CSE275\6D Pose\training_data_filtered\training_data\v2.2\2-2-13_color_kinect.png
2-94-19,gelatin_box,30,z2|x2,548,5.975125273998681,0.22608417,0.40027299314675807,0.12331421204443037,5.574852280851923,0.10276996068124712,0.33296703296703295,0.16973930046738075,False,True,C:\Users\Owner\Desktop\Fall2023\CSE275\6D Pose\training_data_filtered\training_data\v2.2\2-94-19_color_kinect.png
2-69-10,jenga,35,z2|x2,675,0.2769564562864523,0.062232323,0.400100782943091,0.10872802905800914,-0.12314432665663866,-0.046495706067114825,0.3123844731977819,0.1652338243355031,False,True,C:\Users\Owner\Desktop\Fall2023\CSE275\6D Pose\training_data_filtered\training_data\v2.2\2-69-10_color_kinect.png
1-86-0,tomato_soup_can,56,zinf|x2,610,0.12259190022690518,0.49576768,0.3986479324631803,0.15830518920975137,-0.2760560322362751,0.3374624935810049,0.2961808261886204,0.17175637746774206,False,True,C:\Users\Owner\Desktop\Fall2023\CSE275\6D Pose\training_data_filtered\training_data\v2.2\1-86-0_color_kinect.png
2-7-6,master_chef_can,39,zinf|x2,378,0.12440207594724746,0.06862276,0.39775743553891096,0.14047866783239416,-0.2733553595916635,-0.0718559073577123,0.3547008547008547,0.17293987513053777,False,True,C:\Users\Owner\Desktop\Fall2023\CSE275\6D Pose\training_data_filtered\training_data\v2.2\2-7-6_color_kinect.png
2-96-0,wood_block,58,z2|y2|x4,542,0.3977140551484682,0.1348966,0.3977140551484682,0.13489660620689392,0.0,0.0,0.0,0.0,False,True,C:\Users\Owner\Desktop\Fall2023\CSE275\6D Pose\training_data_filtered\training_data\v2.2\2-96-0_color_kinect.png
1-27-6,sugar_box,55,z2|x2,342,2.1610696541721874,0.08012273,0.3962455446922702,0.1202560655495793,1.7648241094799173,-0.04013333392354551,0.3963302752293578,0.16983111291754277,False,True,C:\Users\Owner\Desktop\Fall2023\CSE275\6D Pose\training_data_filtered\training_data\v2.2\1-27-6_color_kinect.png
2-21-14,bleach_cleanser,8,z2,1277,4.269562153070619,0.95371294,0.3948834529378066,0.11860181769197181,3.8746787001328125,0.8351111225240926,0.2456204379562044,0.17073564398593172,False,True,C:\Users\Owner\Desktop\Fall2023\CSE275\6D Pose\training_data_filtered\training_data\v2.2\2-21-14_color_kinect.png
1-56-13,jenga,35,z2|x2,727,0.3333157818033823,0.093949296,0.3936483816585236,0.10828096729715875,-0.06033259985514133,-0.014331671716771632,0.31608133086876156,0.17483174450660263,False,True,C:\Users\Owner\Desktop\Fall2023\CSE275\6D Pose\training_data_filtered\training_data\v2.2\1-56-13_color_kinect.png
1-46-0,master_chef_can,39,zinf|x2,370,0.0315779231217205,0.03903929,0.3890842898391492,0.12761731610868032,-0.35750636671742875,-0.08857802466723974,0.3333333333333333,0.17218412681414583,False,True,C:\Users\Owner\Desktop\Fall2023\CSE275\6D Pose\training_data_filtered\training_data\v2.2\1-46-0_color_kinect.png
2-26-17,bleach_cleanser,8,z2,1518,1.8926938732030965,0.20840213,0.38787351411369086,0.14634160008627678,1.5048203590894056,0.06206052694123482,0.23795620437956205,0.16906920154157135,False,True,C:\Users\Owner\Desktop\Fall2023\CSE275\6D Pose\training_data_filtered\training_data\v2.2\2-26-17_color_kinect.png
2-38-4,mustard_bottle,42,z2,824,5.052037151811684,0.7541373,0.3872590653047495,0.14520106023467538,4.664778086506934,0.608936217368474,0.22744721689059502,0.16817343684739156,False,True,C:\Users\Owner\Desktop\Fall2023\CSE275\6D Pose\training_data_filtered\training_data\v2.2\2-38-4_color_kinect.png
2-25-7,bleach_cleanser,8,z2,1541,0.38546023827092124,0.20923185,0.38546023827092124,0.20923185348510742,0.0,0.0,0.0,0.0,False,True,C:\Users\Owner\Desktop\Fall2023\CSE275\6D Pose\training_data_filtered\training_data\v2.2\2-25-7_color_kinect.png
1-80-12,master_chef_can,39,zinf|x2,376,0.007691485723305936,0.10325338,0.383453390042363,0.14739397941787893,-0.3757619043190571,-0.04414059995372946,0.36182336182336183,0.1739398164459448,False,True,C:\Users\Owner\Desktop\Fall2023\CSE275\6D Pose\training_data_filtered\training_data\v2.2\1-80-12_color_kinect.png
1-14-7,wood_block,58,z2|y2|x4,522,1.2579409782562143,0.33059174,0.38181476502962347,0.09836581308464146,0.8761262132265908,0.23222592513938808,0.31634819532908703,0.16904572754428643,False,True,C:\Users\Owner\Desktop\Fall2023\CSE275\6D Pose\training_data_filtered\training_data\v2.2\1-14-7_color_kinect.png
1-1-16,jenga,35,z2|x2,745,0.3801940193273253,0.1971511,0.3801940193273253,0.1971510946750641,0.0,0.0,0.0,0.0,False,True,C:\Users\Owner\Desktop\Fall2023\CSE275\6D Pose\training_data_filtered\training_data\v2.2\1-1-16_color_kinect.png
2-91-11,wood_block,58,z2|y2|x4,495,1.87472320666381,0.2464961,0.37888495651863946,0.1817329996070271,1.4958382501451706,0.06476309664636798,0.3237791932059448,0.17271354486370954,False,True,C:\Users\Owner\Desktop\Fall2023\CSE275\6D Pose\training_data_filtered\training_data\v2.2\2-91-11_color_kinect.png
1-30-6,tuna_fish_can,57,zinf|x2,129,0.09506152377171886,0.15220693,0.3773959968403457,0.16311400460426015,-0.2823344730686268,-0.010907077066342058,0.45893719806763283,0.1499340976716125,False,True,C:\Users\Owner\Desktop\Fall2023\CSE275\6D Pose\training_data_filtered\training_data\v2.2\1-30-6_color_kinect.png
2-29-1,tomato_soup_can,56,zinf|x2,545,0.041050874103885096,0.5441624,0.3767633857006567,0.13034570603092505,-0.3357125115967716,0.4138166865853469,0.23850350740452064,0.17087948934113237,False,True,C:\Users\Owner\Desktop\Fall2023\CSE275\6D Pose\training_data_filtered\training_data\v2.2\2-29-1_color_kinect.png
2-71-10,bleach_cleanser,8,z2,1466,0.37635736760959176,0.17236692,0.37635736760959176,0.1723669171333313,0.0,0.0,0.0,0.0,False,True,C:\Users\Owner\Desktop\Fall2023\CSE275\6D Pose\training_data_filtered\training_data\v2.2\2-71-10_color_kinect.png
1-9-9,potted_meat_can,48,z2|x2,808,0.6351716329604732,0.16813731,0.3718191038978294,0.11860493839450693,0.2633525290626438,0.04953237354091787,0.2764876632801161,0.1740581285085706,False,True,C:\Users\Owner\Desktop\Fall2023\CSE275\6D Pose\training_data_filtered\training_data\v2.2\1-9-9_color_kinect.png
2-7-9,mustard_bottle,42,z2,1104,1.9915544751003378,0.21190976,0.3709953975344076,0.15789743744493362,1.6205590775659302,0.05401231861948136,0.32821497120921306,0.16839306889948133,False,True,C:\Users\Owner\Desktop\Fall2023\CSE275\6D Pose\training_data_filtered\training_data\v2.2\2-7-9_color_kinect.png
1-49-19,master_chef_can,39,zinf|x2,353,0.04661079562067228,0.13083611,0.37096335161200983,0.1283622059352824,-0.32435255599133755,0.0024739083520940175,0.3475783475783476,0.17604834614112816,False,True,C:\Users\Owner\Desktop\Fall2023\CSE275\6D Pose\training_data_filtered\training_data\v2.2\1-49-19_color_kinect.png
2-91-11,bleach_cleanser,8,z2,1552,3.2292692552935067,0.2588888,0.3697568276563959,0.12516628432672885,2.8595124276371107,0.13372252654630276,0.23905109489051096,0.17390305391416677,False,True,C:\Users\Owner\Desktop\Fall2023\CSE275\6D Pose\training_data_filtered\training_data\v2.2\2-91-11_color_kinect.png
2-91-11,jenga,35,z2|x2,659,0.347391802487513,0.062528804,0.36962970816412916,0.12586864297508837,-0.022237905676616154,-0.06333983903050067,0.32717190388170053,0.1640978542447123,False,True,C:\Users\Owner\Desktop\Fall2023\CSE275\6D Pose\training_data_filtered\training_data\v2.2\2-91-11_color_kinect.png
2-79-3,potted_meat_can,48,z2|x2,866,1.1927904304647299,0.15316044,0.3690593421382,0.1585002050546141,0.8237310883265299,-0.005339767113062888,0.2946298984034833,0.17320506035944042,False,True,C:\Users\Owner\Desktop\Fall2023\CSE275\6D Pose\training_data_filtered\training_data\v2.2\2-79-3_color_kinect.png
1-58-12,potted_meat_can,48,z2|x2,792,1.94159690606599,0.12009198,0.3685429658660006,0.14914068851291765,1.5730539401999892,-0.02904870632707704,0.3447024673439768,0.16281193279782732,False,True,C:\Users\Owner\Desktop\Fall2023\CSE275\6D Pose\training_data_filtered\training_data\v2.2\1-58-12_color_kinect.png
2-96-0,bleach_cleanser,8,z2,1570,0.6785176481275685,0.2785857,0.3679785981668999,0.1011058552729013,0.31053904996066867,0.17747984690796115,0.2507299270072993,0.17356457240547973,False,True,C:\Users\Owner\Desktop\Fall2023\CSE275\6D Pose\training_data_filtered\training_data\v2.2\2-96-0_color_kinect.png
1-1-16,wood_block,58,z2|y2|x4,528,4.794288313937854,0.25987414,0.3663965775643208,0.14505261242457235,4.4278917363735335,0.11482152283124125,0.31634819532908703,0.17309292301533388,False,True,C:\Users\Owner\Desktop\Fall2023\CSE275\6D Pose\training_data_filtered\training_data\v2.2\1-1-16_color_kinect.png
2-49-11,mustard_bottle,42,z2,1054,1.9345647097054604,0.24143656,0.36409038758903395,0.195988406010167,1.5704743221164263,0.04544814997146904,0.3330134357005758,0.1730594015974478,False,True,C:\Users\Owner\Desktop\Fall2023\CSE275\6D Pose\training_data_filtered\training_data\v2.2\2-49-11_color_kinect.png
1-47-6,master_chef_can,39,zinf|x2,376,0.028490790942109084,0.050784666,0.3630735421165447,0.10792988512701948,-0.3345827511744356,-0.05714521903581579,0.32763532763532766,0.16721833398896682,False,True,C:\Users\Owner\Desktop\Fall2023\CSE275\6D Pose\training_data_filtered\training_data\v2.2\1-47-6_color_kinect.png
2-10-19,jenga,35,z2|x2,679,0.5133985626963842,0.033721764,0.3627331659783649,0.11122966322450493,0.15066539671801926,-0.07750789958386277,0.32809611829944546,0.17024674291254194,False,True,C:\Users\Owner\Desktop\Fall2023\CSE275\6D Pose\training_data_filtered\training_data\v2.2\2-10-19_color_kinect.png
1-78-20,master_chef_can,39,zinf|x2,364,0.07666699325984667,0.108315565,0.36100194314143474,0.13923514645197307,-0.2843349498815881,-0.030919581759952658,0.34615384615384615,0.1732752374819437,False,True,C:\Users\Owner\Desktop\Fall2023\CSE275\6D Pose\training_data_filtered\training_data\v2.2\1-78-20_color_kinect.png
1-39-6,wood_block,58,z2|y2|x4,586,0.8773846789064058,0.22192581,0.3600218382145434,0.1706792881967327,0.5173628406918624,0.051246521782706084,0.3227176220806794,0.16794156708642088,False,True,C:\Users\Owner\Desktop\Fall2023\CSE275\6D Pose\training_data_filtered\training_data\v2.2\1-39-6_color_kinect.png
2-91-1,master_chef_can,39,zinf|x2,376,0.042406973644265614,0.13873617,0.3593415250203293,0.12355282126034911,-0.3169345513760637,0.015183352250202342,0.3547008547008547,0.17144590284163327,False,True,C:\Users\Owner\Desktop\Fall2023\CSE275\6D Pose\training_data_filtered\training_data\v2.2\2-91-1_color_kinect.png
1-7-6,jenga,35,z2|x2,699,0.24928268615663618,0.3325553,0.3581832771223215,0.16255608846666927,-0.10890059096568533,0.16999920557019596,0.3317929759704251,0.16960633422540564,False,True,C:\Users\Owner\Desktop\Fall2023\CSE275\6D Pose\training_data_filtered\training_data\v2.2\1-7-6_color_kinect.png
2-11-3,rubiks_cube,52,z4|x4|y4,472,3.833414876134805,0.24153608,0.3578578503847213,0.10314918807966572,3.4755570257500836,0.13838689275758403,0.3392070484581498,0.17148608446751346,False,True,C:\Users\Owner\Desktop\Fall2023\CSE275\6D Pose\training_data_filtered\training_data\v2.2\2-11-3_color_kinect.png
2-94-19,bleach_cleanser,8,z2,1519,0.35683142636286935,0.34943116,0.35683142636286935,0.3494311571121216,0.0,0.0,0.0,0.0,False,True,C:\Users\Owner\Desktop\Fall2023\CSE275\6D Pose\training_data_filtered\training_data\v2.2\2-94-19_color_kinect.png
2-7-18,jenga,35,z2|x2,615,1.4585798409726294,0.5884146,0.3563216116301645,0.12318043967081412,1.102258229342465,0.46523416976140636,0.29390018484288355,0.16723005548679667,False,True,C:\Users\Owner\Desktop\Fall2023\CSE275\6D Pose\training_data_filtered\training_data\v2.2\2-7-18_color_kinect.png
2-23-9,bleach_cleanser,8,z2,1569,0.3533289939466922,0.09027608,0.3533289939466922,0.0902760773897171,0.0,0.0,0.0,0.0,False,True,C:\Users\Owner\Desktop\Fall2023\CSE275\6D Pose\training_data_filtered\training_data\v2.2\2-23-9_color_kinect.png
2-82-14,mustard_bottle,42,z2,1110,0.7628004364412566,0.20015207,0.3519664177247368,0.11841695312944482,0.4108340187165198,0.08173511620077063,0.30806142034548945,0.17251851805372598,False,True,C:\Users\Owner\Desktop\Fall2023\CSE275\6D Pose\training_data_filtered\training_data\v2.2\2-82-14_color_kinect.png
1-97-13,jenga,35,z2|x2,674,2.956478761437329,0.3061525,0.3501039366351192,0.11729543033094099,2.60637482480221,0.18885706243067096,0.33271719038817005,0.1723927358268134,False,True,C:\Users\Owner\Desktop\Fall2023\CSE275\6D Pose\training_data_filtered\training_data\v2.2\1-97-13_color_kinect.png
2-69-12,gelatin_box,30,z2|x2,517,0.6776529843307368,0.16232066,0.3496454640289172,0.10972667213917438,0.3280075203018196,0.05259398642539319,0.34725274725274724,0.16660054330433588,False,True,C:\Users\Owner\Desktop\Fall2023\CSE275\6D Pose\training_data_filtered\training_data\v2.2\2-69-12_color_kinect.png
2-78-13,mustard_bottle,42,z2,927,2.13428647148313,0.4700098,0.34936422860317246,0.13714521522340564,1.7849222428799578,0.33286458854856704,0.20249520153550865,0.17010768783038782,False,True,C:\Users\Owner\Desktop\Fall2023\CSE275\6D Pose\training_data_filtered\training_data\v2.2\2-78-13_color_kinect.png
2-23-6,master_chef_can,39,zinf|x2,368,0.11582669841159349,0.17770809,0.3489394891519463,0.129469222102914,-0.2331127907403528,0.04823886724874005,0.34472934472934474,0.15575087461292655,False,True,C:\Users\Owner\Desktop\Fall2023\CSE275\6D Pose\training_data_filtered\training_data\v2.2\2-23-6_color_kinect.png
2-96-0,jenga,35,z2|x2,743,1.0433752686251656,0.22966215,0.348318066005748,0.1511919114389579,0.6950572026194176,0.07847023870561912,0.33271719038817005,0.16713230640301846,False,True,C:\Users\Owner\Desktop\Fall2023\CSE275\6D Pose\training_data_filtered\training_data\v2.2\2-96-0_color_kinect.png
2-69-12,mustard_bottle,42,z2,872,2.143765797759132,0.21753281,0.34812255824360655,0.13097017145075796,1.7956432395155253,0.08656264209828379,0.20153550863723607,0.17307613407397776,False,True,C:\Users\Owner\Desktop\Fall2023\CSE275\6D Pose\training_data_filtered\training_data\v2.2\2-69-12_color_kinect.png
2-23-8,rubiks_cube,52,z4|x4|y4,497,2.4491562712459958,0.045136087,0.34489069127945843,0.0674628981400844,2.1042655799665373,-0.02232681149734224,0.3370044052863436,0.16901334900771942,False,True,C:\Users\Owner\Desktop\Fall2023\CSE275\6D Pose\training_data_filtered\training_data\v2.2\2-23-8_color_kinect.png
2-14-17,jenga,35,z2|x2,682,0.19223128533096173,0.11423895,0.34467165797404925,0.1087643273640557,-0.15244037264308752,0.005474620265872893,0.34473197781885395,0.1706999172414164,False,True,C:\Users\Owner\Desktop\Fall2023\CSE275\6D Pose\training_data_filtered\training_data\v2.2\2-14-17_color_kinect.png
1-37-4,potted_meat_can,48,z2|x2,800,1.891248878960753,0.23156263,0.340642064545513,0.11654557978238198,1.55060681441524,0.11501704955969719,0.2960812772133527,0.1727344698491738,False,True,C:\Users\Owner\Desktop\Fall2023\CSE275\6D Pose\training_data_filtered\training_data\v2.2\1-37-4_color_kinect.png
1-38-10,wood_block,58,z2|y2|x4,404,1.8323197785961758,0.4742898,0.3397194531328458,0.15676686488072286,1.49260032546333,0.31752293981631385,0.2515923566878981,0.16797083615918773,False,True,C:\Users\Owner\Desktop\Fall2023\CSE275\6D Pose\training_data_filtered\training_data\v2.2\1-38-10_color_kinect.png
1-53-13,jenga,35,z2|x2,690,0.18766671807607677,0.25416172,0.3359897858865943,0.15976860360821535,-0.14832306781051752,0.09439311189929198,0.3465804066543438,0.16527609810290117,False,True,C:\Users\Owner\Desktop\Fall2023\CSE275\6D Pose\training_data_filtered\training_data\v2.2\1-53-13_color_kinect.png
2-11-3,g_lego_duplo,29,z2,451,0.5587036242176792,0.44326457,0.33399098894596235,0.15228480489730478,0.2247126352717168,0.29097976891517996,0.3525798525798526,0.1678718097481654,False,True,C:\Users\Owner\Desktop\Fall2023\CSE275\6D Pose\training_data_filtered\training_data\v2.2\2-11-3_color_kinect.png
2-58-15,tomato_soup_can,56,zinf|x2,707,0.05499984048007171,0.13800168,0.3334600411343299,0.14021356756658448,-0.2784602006542582,-0.002211887192438977,0.30709275136399067,0.1709495292019214,False,True,C:\Users\Owner\Desktop\Fall2023\CSE275\6D Pose\training_data_filtered\training_data\v2.2\2-58-15_color_kinect.png
1-37-4,tuna_fish_can,57,zinf|x2,131,1.8505850022070018,0.19699791,0.33333087815353896,0.14428022971626864,1.517254124053463,0.052717681021722695,0.45410628019323673,0.16656373159311158,False,True,C:\Users\Owner\Desktop\Fall2023\CSE275\6D Pose\training_data_filtered\training_data\v2.2\1-37-4_color_kinect.png
1-90-2,tuna_fish_can,57,zinf|x2,133,0.09100164785398202,0.021013502,0.3330773109748415,0.12097737007021134,-0.24207566312085949,-0.09996386803864662,0.42028985507246375,0.1555611511782558,False,True,C:\Users\Owner\Desktop\Fall2023\CSE275\6D Pose\training_data_filtered\training_data\v2.2\1-90-2_color_kinect.png
2-86-18,tuna_fish_can,57,zinf|x2,128,0.12658001892836526,0.13714655,0.3325913479017264,0.11814543085063695,-0.20601132897336114,0.019001116586077227,0.4251207729468599,0.153731546003977,False,True,C:\Users\Owner\Desktop\Fall2023\CSE275\6D Pose\training_data_filtered\training_data\v2.2\2-86-18_color_kinect.png
1-58-12,jenga,35,z2|x2,699,1.1881189573462323,0.14833716,0.3311770455858359,0.11402011000345255,0.8569419117603965,0.03431704557706808,0.3188539741219963,0.17013255274024805,False,True,C:\Users\Owner\Desktop\Fall2023\CSE275\6D Pose\training_data_filtered\training_data\v2.2\1-58-12_color_kinect.png
1-95-15,potted_meat_can,48,z2|x2,858,0.3306441124247175,0.10546886,0.3306441124247175,0.10546886175870895,0.0,0.0,0.0,0.0,False,True,C:\Users\Owner\Desktop\Fall2023\CSE275\6D Pose\training_data_filtered\training_data\v2.2\1-95-15_color_kinect.png
2-93-1,mustard_bottle,42,z2,1148,1.7919701536730666,0.20016642,0.3296781041262843,0.16715178827669544,1.4622920495467824,0.03301463087174969,0.30662188099808063,0.1713667818813623,False,True,C:\Users\Owner\Desktop\Fall2023\CSE275\6D Pose\training_data_filtered\training_data\v2.2\2-93-1_color_kinect.png
2-69-12,jenga,35,z2|x2,680,2.770190587231854,0.36416122,0.3262546748285646,0.15181586619951765,2.4439359124032896,0.21234535697362383,0.3410351201478743,0.16716945034437233,False,True,C:\Users\Owner\Desktop\Fall2023\CSE275\6D Pose\training_data_filtered\training_data\v2.2\2-69-12_color_kinect.png
1-13-19,tuna_fish_can,57,zinf|x2,130,0.10556659903915547,0.04417704,0.32189465761880576,0.11651227519063034,-0.2163280585796503,-0.07233523473290482,0.42028985507246375,0.16684961338892745,False,True,C:\Users\Owner\Desktop\Fall2023\CSE275\6D Pose\training_data_filtered\training_data\v2.2\1-13-19_color_kinect.png
2-65-11,bleach_cleanser,8,z2,1559,1.1592525705821455,0.37513363,0.3212564243844166,0.14077425496253113,0.8379961461977289,0.2343593786510553,0.22627737226277372,0.17255931355892165,False,True,C:\Users\Owner\Desktop\Fall2023\CSE275\6D Pose\training_data_filtered\training_data\v2.2\2-65-11_color_kinect.png
2-58-15,g_lego_duplo,29,z2,390,0.8730655122095313,0.47324845,0.3198566795092945,0.1893985150864482,0.5532088327002369,0.28384993686171767,0.35135135135135137,0.1685804117568044,False,True,C:\Users\Owner\Desktop\Fall2023\CSE275\6D Pose\training_data_filtered\training_data\v2.2\2-58-15_color_kinect.png
2-37-7,gelatin_box,30,z2|x2,506,1.543864507187087,0.08333459,0.31660928680883715,0.11771065488425875,1.2272552203782499,-0.034376067369858265,0.3384615384615385,0.17281302553816863,False,True,C:\Users\Owner\Desktop\Fall2023\CSE275\6D Pose\training_data_filtered\training_data\v2.2\2-37-7_color_kinect.png
1-12-2,tuna_fish_can,57,zinf|x2,138,0.03784734463017541,0.1038477,0.3151054762555076,0.13182242800913377,-0.2772581316253322,-0.027974730631928874,0.45893719806763283,0.1692484239396759,False,True,C:\Users\Owner\Desktop\Fall2023\CSE275\6D Pose\training_data_filtered\training_data\v2.2\1-12-2_color_kinect.png
1-53-14,jenga,35,z2|x2,669,0.6648537484940948,0.03953883,0.31393376314936605,0.11053766621319655,0.3509199853447288,-0.07099883569447402,0.3077634011090573,0.1705333751001957,False,True,C:\Users\Owner\Desktop\Fall2023\CSE275\6D Pose\training_data_filtered\training_data\v2.2\1-53-14_color_kinect.png
2-74-10,wood_block,58,z2|y2|x4,374,0.4375487313325308,0.57702136,0.31389241440605004,0.1261611940371796,0.12365631692648077,0.45086016636015924,0.23036093418259024,0.1724655779074151,False,True,C:\Users\Owner\Desktop\Fall2023\CSE275\6D Pose\training_data_filtered\training_data\v2.2\2-74-10_color_kinect.png
1-97-9,jenga,35,z2|x2,660,1.5625332734683646,0.34832957,0.31202181784021993,0.132868028077729,1.2505114556281447,0.2154615457919762,0.3031423290203327,0.17343176654511225,False,True,C:\Users\Owner\Desktop\Fall2023\CSE275\6D Pose\training_data_filtered\training_data\v2.2\1-97-9_color_kinect.png
2-26-17,mustard_bottle,42,z2,1078,1.1764539200377988,0.20848773,0.3096913176740816,0.12312441270998964,0.8667626023637172,0.08536332148858061,0.3397312859884837,0.16734800113598516,False,True,C:\Users\Owner\Desktop\Fall2023\CSE275\6D Pose\training_data_filtered\training_data\v2.2\2-26-17_color_kinect.png
2-93-9,wood_block,58,z2|y2|x4,555,1.5783122746561107,0.103869915,0.3078140414175367,0.09423295493528504,1.270498233238574,0.009636960073259884,0.3248407643312102,0.16531494931743113,False,True,C:\Users\Owner\Desktop\Fall2023\CSE275\6D Pose\training_data_filtered\training_data\v2.2\2-93-9_color_kinect.png
1-57-11,jenga,35,z2|x2,600,0.30662763964448475,0.19718087,0.30662763964448475,0.1971808671951294,0.0,0.0,0.0,0.0,False,True,C:\Users\Owner\Desktop\Fall2023\CSE275\6D Pose\training_data_filtered\training_data\v2.2\1-57-11_color_kinect.png
2-34-3,gelatin_box,30,z2|x2,465,2.5215800857652186,0.21253882,0.3034945161712556,0.11366517512405877,2.218085569593963,0.09887364836131568,0.3230769230769231,0.16693137392834462,False,True,C:\Users\Owner\Desktop\Fall2023\CSE275\6D Pose\training_data_filtered\training_data\v2.2\2-34-3_color_kinect.png
2-30-8,tomato_soup_can,56,zinf|x2,568,0.061798873690993725,0.1936721,0.3034347236888563,0.18730562898374206,-0.24163584999786258,0.006366476686233219,0.26110678098207324,0.1670021788601557,False,True,C:\Users\Owner\Desktop\Fall2023\CSE275\6D Pose\training_data_filtered\training_data\v2.2\2-30-8_color_kinect.png
2-14-14,c_toy_airplane,13,zinf,183,0.30215828534189343,0.1454577,0.30215828534189343,0.1454576998949051,0.0,0.0,0.0,0.0,False,True,C:\Users\Owner\Desktop\Fall2023\CSE275\6D Pose\training_data_filtered\training_data\v2.2\2-14-14_color_kinect.png
2-7-6,jenga,35,z2|x2,673,0.981164903177493,0.28811562,0.30192566673176147,0.11568387461314189,0.6792392364457316,0.17243174599995625,0.3410351201478743,0.17033729654527888,False,True,C:\Users\Owner\Desktop\Fall2023\CSE275\6D Pose\training_data_filtered\training_data\v2.2\2-7-6_color_kinect.png
1-83-6,wood_block,58,z2|y2|x4,593,3.394277279608798,0.16166045,0.29992094429696664,0.1438694270349399,3.0943563353118315,0.017791020681773045,0.3821656050955414,0.16995806834284885,False,True,C:\Users\Owner\Desktop\Fall2023\CSE275\6D Pose\training_data_filtered\training_data\v2.2\1-83-6_color_kinect.png
1-20-8,rubiks_cube,52,z4|x4|y4,380,0.29970894162273204,0.3656502,0.29970894162273204,0.3656502068042755,0.0,0.0,0.0,0.0,False,True,C:\Users\Owner\Desktop\Fall2023\CSE275\6D Pose\training_data_filtered\training_data\v2.2\1-20-8_color_kinect.png
1-7-6,potted_meat_can,48,z2|x2,665,0.17458754513265612,0.9750906,0.29779873294411285,0.15490483825564386,-0.12321118781145673,0.8201857846462727,0.2656023222060958,0.17527600888772743,False,True,C:\Users\Owner\Desktop\Fall2023\CSE275\6D Pose\training_data_filtered\training_data\v2.2\1-7-6_color_kinect.png
2-49-11,jenga,35,z2|x2,683,0.3008994645463525,0.12274958,0.2976043361428176,0.16142061279492217,0.003295128403534908,-0.03867103086190063,0.31146025878003697,0.17009411325149268,False,True,C:\Users\Owner\Desktop\Fall2023\CSE275\6D Pose\training_data_filtered\training_data\v2.2\2-49-11_color_kinect.png
2-93-4,bleach_cleanser,8,z2,1238,5.725210952743891,0.084170505,0.29634659977067224,0.11929958005768965,5.428864352973219,-0.035129074653217296,0.24635036496350365,0.1717592683907829,False,True,C:\Users\Owner\Desktop\Fall2023\CSE275\6D Pose\training_data_filtered\training_data\v2.2\2-93-4_color_kinect.png
2-17-9,jenga,35,z2|x2,691,0.2025924159319571,0.19544312,0.29477487397413915,0.17036312096047498,-0.09218245804218206,0.025080002618550284,0.32070240295748614,0.17310688021393725,False,True,C:\Users\Owner\Desktop\Fall2023\CSE275\6D Pose\training_data_filtered\training_data\v2.2\2-17-9_color_kinect.png
2-38-4,bleach_cleanser,8,z2,1584,0.293487356826267,0.2798068,0.293487356826267,0.27980679273605347,0.0,0.0,0.0,0.0,False,True,C:\Users\Owner\Desktop\Fall2023\CSE275\6D Pose\training_data_filtered\training_data\v2.2\2-38-4_color_kinect.png
2-58-15,mustard_bottle,42,z2,1117,2.026037801596357,0.20437045,0.29290311577944433,0.20440418058731688,1.7331346858169125,-3.372663357389949e-05,0.34021113243761997,0.16674114552072944,False,True,C:\Users\Owner\Desktop\Fall2023\CSE275\6D Pose\training_data_filtered\training_data\v2.2\2-58-15_color_kinect.png
2-26-12,tomato_soup_can,56,zinf|x2,710,0.05986779369934646,0.2042474,0.2913625096289883,0.16439752650289113,-0.23149471592964183,0.03984987366171305,0.31098986749805146,0.17023986218909948,False,True,C:\Users\Owner\Desktop\Fall2023\CSE275\6D Pose\training_data_filtered\training_data\v2.2\2-26-12_color_kinect.png
1-83-10,tuna_fish_can,57,zinf|x2,127,0.029700528899965575,0.030401353,0.29044090349412255,0.13635864158099853,-0.260740374594157,-0.10595728878802024,0.45893719806763283,0.14271140688481432,False,True,C:\Users\Owner\Desktop\Fall2023\CSE275\6D Pose\training_data_filtered\training_data\v2.2\1-83-10_color_kinect.png
2-35-4,bleach_cleanser,8,z2,1526,0.29033124227941565,0.18527384,0.29033124227941565,0.18527384102344513,0.0,0.0,0.0,0.0,False,True,C:\Users\Owner\Desktop\Fall2023\CSE275\6D Pose\training_data_filtered\training_data\v2.2\2-35-4_color_kinect.png
2-34-3,nine_hole_peg_test,43,no,268,2.720414773389018,0.13745399,0.28930365090461707,0.11732406366598538,2.431111122484401,0.020129924528480253,0.32154882154882153,0.1687669956320348,False,True,C:\Users\Owner\Desktop\Fall2023\CSE275\6D Pose\training_data_filtered\training_data\v2.2\2-34-3_color_kinect.png
2-60-7,g_lego_duplo,29,z2,461,1.539771198914143,0.24680214,0.2886939032119331,0.1452566231045257,1.2510772957022098,0.10154551319746863,0.3894348894348894,0.16630653681554655,False,True,C:\Users\Owner\Desktop\Fall2023\CSE275\6D Pose\training_data_filtered\training_data\v2.2\2-60-7_color_kinect.png
2-58-15,jenga,35,z2|x2,404,3.5050900684868767,0.72910875,0.2878651653133506,0.3014939122181645,3.217224903173526,0.4276148386019954,0.1876155268022181,0.16361370010911894,False,True,C:\Users\Owner\Desktop\Fall2023\CSE275\6D Pose\training_data_filtered\training_data\v2.2\2-58-15_color_kinect.png
2-7-8,gelatin_box,30,z2|x2,546,0.697041858770268,0.13293234,0.28772501069383905,0.10020709832436404,0.409316848076429,0.03272523681395688,0.3142857142857143,0.17084410090710606,False,True,C:\Users\Owner\Desktop\Fall2023\CSE275\6D Pose\training_data_filtered\training_data\v2.2\2-7-8_color_kinect.png
1-1-4,wood_block,58,z2|y2|x4,553,1.0732833054487054,0.12865476,0.2855887677481597,0.10005734385677416,0.7876945377005458,0.028597419245757275,0.33121019108280253,0.16708862049822246,False,True,C:\Users\Owner\Desktop\Fall2023\CSE275\6D Pose\training_data_filtered\training_data\v2.2\1-1-4_color_kinect.png
1-4-17,master_chef_can,39,zinf|x2,362,0.08094475340481508,0.044219084,0.28544814802787155,0.12360185151842722,-0.20450339462305647,-0.07938276743439325,0.3433048433048433,0.17169196940903905,False,True,C:\Users\Owner\Desktop\Fall2023\CSE275\6D Pose\training_data_filtered\training_data\v2.2\1-4-17_color_kinect.png
2-76-9,bleach_cleanser,8,z2,1180,0.14191120858658215,0.3816209,0.283700674938696,0.11926950724457344,-0.14178946635211384,0.26235140649939936,0.24635036496350365,0.17111572168073072,False,True,C:\Users\Owner\Desktop\Fall2023\CSE275\6D Pose\training_data_filtered\training_data\v2.2\2-76-9_color_kinect.png
2-7-10,jenga,35,z2|x2,279,1.117631432523763,0.19388483,0.2813034021793846,0.12880605961182967,0.8363280303443785,0.06507877503534898,0.16728280961182995,0.16456738001812812,False,True,C:\Users\Owner\Desktop\Fall2023\CSE275\6D Pose\training_data_filtered\training_data\v2.2\2-7-10_color_kinect.png
2-86-18,bleach_cleanser,8,z2,1463,3.1867238199324768,0.39398167,0.2801592820216286,0.12883536171497936,2.9065645379108482,0.2651463036578692,0.2572992700729927,0.17420739154719014,False,True,C:\Users\Owner\Desktop\Fall2023\CSE275\6D Pose\training_data_filtered\training_data\v2.2\2-86-18_color_kinect.png
2-93-4,mustard_bottle,42,z2,1117,0.8937456531342982,0.26393643,0.2799573675364592,0.20253698782098528,0.6137882855978389,0.06139944239485029,0.33877159309021115,0.1699542523581064,False,True,C:\Users\Owner\Desktop\Fall2023\CSE275\6D Pose\training_data_filtered\training_data\v2.2\2-93-4_color_kinect.png
2-11-1,g_lego_duplo,29,z2,405,0.14452399989569142,0.16510282,0.27900829401958815,0.17826378378524577,-0.13448429412389673,-0.013160959216497292,0.36977886977886976,0.16619772108459163,False,True,C:\Users\Owner\Desktop\Fall2023\CSE275\6D Pose\training_data_filtered\training_data\v2.2\2-11-1_color_kinect.png
2-93-13,nine_hole_peg_test,43,no,317,1.5157746490717565,0.20819129,0.2785826751558188,0.16900007681697557,1.2371919739159378,0.03919121368080428,0.32491582491582494,0.16860451613221286,False,True,C:\Users\Owner\Desktop\Fall2023\CSE275\6D Pose\training_data_filtered\training_data\v2.2\2-93-13_color_kinect.png
1-56-10,gelatin_box,30,z2|x2,483,2.1156855383251196,0.36690482,0.2752827417346587,0.13567345419938126,1.8404027965904608,0.23123137077277145,0.3373626373626374,0.1717012847280839,False,True,C:\Users\Owner\Desktop\Fall2023\CSE275\6D Pose\training_data_filtered\training_data\v2.2\1-56-10_color_kinect.png
2-8-18,tuna_fish_can,57,zinf|x2,104,0.03490142527717407,0.4039592,0.27503714471312796,0.23526176595806939,-0.24013571943595388,0.16869744872927803,0.34782608695652173,0.16441727861079458,False,True,C:\Users\Owner\Desktop\Fall2023\CSE275\6D Pose\training_data_filtered\training_data\v2.2\2-8-18_color_kinect.png
2-58-11,jenga,35,z2|x2,545,3.969148567954386,0.10764394,0.2744496652539473,0.15405864793698693,3.6946989027004387,-0.04641470838229561,0.2975970425138632,0.16887101429604742,False,True,C:\Users\Owner\Desktop\Fall2023\CSE275\6D Pose\training_data_filtered\training_data\v2.2\2-58-11_color_kinect.png
1-46-6,wood_block,58,z2|y2|x4,525,0.9441569363646555,0.3304928,0.2738483869719796,0.15265063619636837,0.6703085493926759,0.17784215831733402,0.3057324840764331,0.16701216414103712,False,True,C:\Users\Owner\Desktop\Fall2023\CSE275\6D Pose\training_data_filtered\training_data\v2.2\1-46-6_color_kinect.png
2-2-6,jenga,35,z2|x2,730,1.0828222528506959,0.11087883,0.27244488337910455,0.09805113302072709,0.8103773694715913,0.012827699617536617,0.3290203327171904,0.16771756680791708,False,True,C:\Users\Owner\Desktop\Fall2023\CSE275\6D Pose\training_data_filtered\training_data\v2.2\2-2-6_color_kinect.png
1-29-11,tuna_fish_can,57,zinf|x2,135,0.3606029588750636,0.13702238,0.27224371950359305,0.19559044312820825,0.08835923937147055,-0.05856806706772241,0.42995169082125606,0.1650750851826564,False,True,C:\Users\Owner\Desktop\Fall2023\CSE275\6D Pose\training_data_filtered\training_data\v2.2\1-29-11_color_kinect.png
1-56-13,potted_meat_can,48,z2|x2,812,0.8883884643375272,0.07123247,0.2717219609819827,0.1363826021989635,0.6166665033555445,-0.06515013430917774,0.30406386066763424,0.17103986905824572,False,True,C:\Users\Owner\Desktop\Fall2023\CSE275\6D Pose\training_data_filtered\training_data\v2.2\1-56-13_color_kinect.png
2-78-13,master_chef_can,39,zinf|x2,375,0.11475532657006864,0.07595144,0.2681008850318237,0.1395809985791268,-0.15334555846175507,-0.0636295564566674,0.33903133903133903,0.16855205592672268,False,True,C:\Users\Owner\Desktop\Fall2023\CSE275\6D Pose\training_data_filtered\training_data\v2.2\2-78-13_color_kinect.png
2-17-9,mustard_bottle,42,z2,1130,2.602656907006949,0.11933105,0.2677795247926434,0.13630107297730865,2.3348773822143056,-0.016970026038412467,0.31285988483685223,0.17338202193213786,False,True,C:\Users\Owner\Desktop\Fall2023\CSE275\6D Pose\training_data_filtered\training_data\v2.2\2-17-9_color_kinect.png
2-72-13,mustard_bottle,42,z2,1160,2.181642437964125,0.3399069,0.26660222776512366,0.13082505819090087,1.9150402101990014,0.20908184293023865,0.31669865642994244,0.16935131746256468,False,True,C:\Users\Owner\Desktop\Fall2023\CSE275\6D Pose\training_data_filtered\training_data\v2.2\2-72-13_color_kinect.png
2-23-8,mustard_bottle,42,z2,830,0.26642543776163685,0.39689326,0.26642543776163685,0.3968932628631592,0.0,0.0,0.0,0.0,False,True,C:\Users\Owner\Desktop\Fall2023\CSE275\6D Pose\training_data_filtered\training_data\v2.2\2-23-8_color_kinect.png
2-2-2,jenga,35,z2|x2,760,0.7410313920904469,0.14842644,0.2655373478841057,0.1304911791607995,0.47549404420634117,0.017935264177594668,0.3391866913123845,0.1700615228716408,False,True,C:\Users\Owner\Desktop\Fall2023\CSE275\6D Pose\training_data_filtered\training_data\v2.2\2-2-2_color_kinect.png
1-22-7,tuna_fish_can,57,zinf|x2,135,0.036413953801518635,0.37352428,0.2640043228840083,0.1330270555513087,-0.2275903690824897,0.2404972228510198,0.43478260869565216,0.15614678280585276,False,True,C:\Users\Owner\Desktop\Fall2023\CSE275\6D Pose\training_data_filtered\training_data\v2.2\1-22-7_color_kinect.png
1-35-17,potted_meat_can,48,z2|x2,842,1.1448148973433756,0.16820401,0.2634574242240262,0.14455091150962787,0.8813574731193494,0.023653098023300595,0.31204644412191584,0.17401521802670875,False,True,C:\Users\Owner\Desktop\Fall2023\CSE275\6D Pose\training_data_filtered\training_data\v2.2\1-35-17_color_kinect.png
2-75-4,master_chef_can,39,zinf|x2,394,0.08948036894556247,0.2148463,0.26251085841047217,0.12676701749020788,-0.1730304894649097,0.08807928060835626,0.36752136752136755,0.17062375459577234,False,True,C:\Users\Owner\Desktop\Fall2023\CSE275\6D Pose\training_data_filtered\training_data\v2.2\2-75-4_color_kinect.png
2-26-12,rubiks_cube,52,z4|x4|y4,496,0.2619911452063755,0.19901793,0.2619911452063755,0.19901792705059052,0.0,0.0,0.0,0.0,False,True,C:\Users\Owner\Desktop\Fall2023\CSE275\6D Pose\training_data_filtered\training_data\v2.2\2-26-12_color_kinect.png
2-98-20,bleach_cleanser,8,z2,1524,0.5573820230131628,0.65906197,0.25984865812418495,0.10921346078303451,0.2975333648889778,0.5498485075435341,0.23722627737226276,0.1757817584960931,False,True,C:\Users\Owner\Desktop\Fall2023\CSE275\6D Pose\training_data_filtered\training_data\v2.2\2-98-20_color_kinect.png
2-8-3,jenga,35,z2|x2,705,3.0193248691388566,0.2385949,0.2589520044419223,0.13183012011964954,2.7603728646969343,0.10676478442231976,0.32532347504621073,0.17047997530234146,False,True,C:\Users\Owner\Desktop\Fall2023\CSE275\6D Pose\training_data_filtered\training_data\v2.2\2-8-3_color_kinect.png
2-73-20,mustard_bottle,42,z2,1076,1.0957533986143597,0.24614893,0.2552783456077721,0.13956509700209122,0.8404750530065876,0.1065838319978096,0.35076775431861806,0.1695542204038769,False,True,C:\Users\Owner\Desktop\Fall2023\CSE275\6D Pose\training_data_filtered\training_data\v2.2\2-73-20_color_kinect.png
2-49-11,gelatin_box,30,z2|x2,539,3.2728473543843717,0.13513036,0.2527457859083837,0.11959786265325859,3.020101568475988,0.015532498069283224,0.35274725274725277,0.1699596764033676,False,True,C:\Users\Owner\Desktop\Fall2023\CSE275\6D Pose\training_data_filtered\training_data\v2.2\2-49-11_color_kinect.png
1-1-4,jenga,35,z2|x2,730,1.8783191238502013,0.026825437,0.24617229655766976,0.11743936509211285,1.6321468272925315,-0.0906139277698539,0.32532347504621073,0.1703889360856181,False,True,C:\Users\Owner\Desktop\Fall2023\CSE275\6D Pose\training_data_filtered\training_data\v2.2\1-1-4_color_kinect.png
1-93-18,jenga,35,z2|x2,663,1.5678400475661245,0.32542217,0.24263579273760788,0.12137145526001289,1.3252042548285166,0.20405071251800225,0.33271719038817005,0.17038179373108905,False,True,C:\Users\Owner\Desktop\Fall2023\CSE275\6D Pose\training_data_filtered\training_data\v2.2\1-93-18_color_kinect.png
2-26-15,bleach_cleanser,8,z2,1542,0.2421485852135212,0.2001879,0.2421485852135212,0.20018790662288666,0.0,0.0,0.0,0.0,False,True,C:\Users\Owner\Desktop\Fall2023\CSE275\6D Pose\training_data_filtered\training_data\v2.2\2-26-15_color_kinect.png
2-26-17,tomato_soup_can,56,zinf|x2,707,0.02686134640686136,0.15491095,0.24192132726142646,0.12864875202333514,-0.2150599808545651,0.026262199829463317,0.3000779423226812,0.17100089245112562,False,True,C:\Users\Owner\Desktop\Fall2023\CSE275\6D Pose\training_data_filtered\training_data\v2.2\2-26-17_color_kinect.png
2-93-4,tuna_fish_can,57,zinf|x2,132,0.21781959542053972,0.1421605,0.24157556845286568,0.16488777756496917,-0.02375597303232596,-0.022727272508587942,0.42995169082125606,0.15537762165148136,False,True,C:\Users\Owner\Desktop\Fall2023\CSE275\6D Pose\training_data_filtered\training_data\v2.2\2-93-4_color_kinect.png
2-21-18,bleach_cleanser,8,z2,1481,1.0800251581454043,0.48674032,0.23872981892281445,0.12420223708262867,0.8412953392225899,0.36253808383831554,0.2697080291970803,0.16557120609770293,False,True,C:\Users\Owner\Desktop\Fall2023\CSE275\6D Pose\training_data_filtered\training_data\v2.2\2-21-18_color_kinect.png
2-7-9,master_chef_can,39,zinf|x2,372,0.23782291827291593,0.08517942,0.23782291827291593,0.0851794183254242,0.0,0.0,0.0,0.0,False,True,C:\Users\Owner\Desktop\Fall2023\CSE275\6D Pose\training_data_filtered\training_data\v2.2\2-7-9_color_kinect.png
2-46-0,jenga,35,z2|x2,671,0.07852960766575776,0.0770029,0.23764853684167944,0.10663588106965664,-0.1591189291759217,-0.029632983211036953,0.31053604436229204,0.1653398223186694,False,True,C:\Users\Owner\Desktop\Fall2023\CSE275\6D Pose\training_data_filtered\training_data\v2.2\2-46-0_color_kinect.png
2-25-7,d_toy_airplane,18,zinf,138,0.23284673092262942,0.1955727,0.23284673092262942,0.19557270407676697,0.0,0.0,0.0,0.0,False,True,C:\Users\Owner\Desktop\Fall2023\CSE275\6D Pose\training_data_filtered\training_data\v2.2\2-25-7_color_kinect.png
2-93-4,jenga,35,z2|x2,722,0.06208696218698534,0.03996642,0.23240060503983012,0.10537163427556241,-0.17031364285284478,-0.06540521493638242,0.3299445471349353,0.1680064443342328,False,True,C:\Users\Owner\Desktop\Fall2023\CSE275\6D Pose\training_data_filtered\training_data\v2.2\2-93-4_color_kinect.png
2-93-13,mustard_bottle,42,z2,1102,0.8998953668066184,0.13941385,0.23167569514059527,0.15122749128845217,0.6682196716660231,-0.011813642769126914,0.3354126679462572,0.1705160328464655,False,True,C:\Users\Owner\Desktop\Fall2023\CSE275\6D Pose\training_data_filtered\training_data\v2.2\2-93-13_color_kinect.png
2-2-6,mustard_bottle,42,z2,1116,1.4501285437123992,0.17278528,0.22867327825098088,0.12949264401990537,1.2214552654614184,0.04329263811510439,0.31525911708253357,0.17070452739648057,False,True,C:\Users\Owner\Desktop\Fall2023\CSE275\6D Pose\training_data_filtered\training_data\v2.2\2-2-6_color_kinect.png
2-91-1,bleach_cleanser,8,z2,1600,2.172425599922743,0.3551966,0.22705953969228862,0.10947993814923705,1.9453660602304546,0.2457166570427185,0.2594890510948905,0.16942196020202685,False,True,C:\Users\Owner\Desktop\Fall2023\CSE275\6D Pose\training_data_filtered\training_data\v2.2\2-91-1_color_kinect.png
2-26-15,mustard_bottle,42,z2,1048,0.801111415811799,0.315184,0.22629217742835145,0.13260939428700497,0.5748192383834476,0.18257460286723087,0.33445297504798466,0.17088914000557942,False,True,C:\Users\Owner\Desktop\Fall2023\CSE275\6D Pose\training_data_filtered\training_data\v2.2\2-26-15_color_kinect.png
2-91-11,master_chef_can,39,zinf|x2,370,0.20374325171852264,0.16768114,0.22395277285832932,0.14670840593142043,-0.020209521139806674,0.02097273675637712,0.38746438746438744,0.167969813175305,False,True,C:\Users\Owner\Desktop\Fall2023\CSE275\6D Pose\training_data_filtered\training_data\v2.2\2-91-11_color_kinect.png
2-91-11,nine_hole_peg_test,43,no,372,1.1046537546825854,0.09321807,0.2227212913300534,0.1433230099351158,0.8819324633525321,-0.05010493668625257,0.3888888888888889,0.1722475594887707,False,True,C:\Users\Owner\Desktop\Fall2023\CSE275\6D Pose\training_data_filtered\training_data\v2.2\2-91-11_color_kinect.png
2-70-5,mustard_bottle,42,z2,1121,1.00695219816854,0.050243594,0.22107238708963864,0.13625875537488413,0.7858798110789015,-0.08601516162249995,0.32965451055662187,0.17310433661813546,False,True,C:\Users\Owner\Desktop\Fall2023\CSE275\6D Pose\training_data_filtered\training_data\v2.2\2-70-5_color_kinect.png
2-60-7,mustard_bottle,42,z2,1124,1.351345886736657,0.06854704,0.2179446568464769,0.12274109603465186,1.13340122989018,-0.05419405581057654,0.3397312859884837,0.1703848390265698,False,True,C:\Users\Owner\Desktop\Fall2023\CSE275\6D Pose\training_data_filtered\training_data\v2.2\2-60-7_color_kinect.png
1-57-11,gelatin_box,30,z2|x2,527,1.2368715638073622,0.07865401,0.21763462637619577,0.1164585817616538,1.0192369374311665,-0.03780456818753042,0.35934065934065934,0.166133821829942,False,True,C:\Users\Owner\Desktop\Fall2023\CSE275\6D Pose\training_data_filtered\training_data\v2.2\1-57-11_color_kinect.png
2-8-3,sugar_box,55,z2|x2,278,1.9623635679379097,0.18097135,0.21707896900317952,0.15842276536965058,1.74528459893473,0.022548588876488945,0.3651376146788991,0.15873843421957917,False,True,C:\Users\Owner\Desktop\Fall2023\CSE275\6D Pose\training_data_filtered\training_data\v2.2\2-8-3_color_kinect.png
1-54-6,gelatin_box,30,z2|x2,556,2.7419125659069374,0.092095375,0.21687625819130998,0.10509083486794132,2.5250363077156273,-0.012995459806906168,0.35934065934065934,0.17020456990095692,False,True,C:\Users\Owner\Desktop\Fall2023\CSE275\6D Pose\training_data_filtered\training_data\v2.2\1-54-6_color_kinect.png
2-36-8,d_toy_airplane,18,zinf,125,0.21677536298912464,0.12972815,0.21677536298912464,0.12972815334796906,0.0,0.0,0.0,0.0,False,True,C:\Users\Owner\Desktop\Fall2023\CSE275\6D Pose\training_data_filtered\training_data\v2.2\2-36-8_color_kinect.png
2-11-1,master_chef_can,39,zinf|x2,388,0.21676247175651447,0.068974234,0.21676247175651447,0.06897423416376114,0.0,0.0,0.0,0.0,False,True,C:\Users\Owner\Desktop\Fall2023\CSE275\6D Pose\training_data_filtered\training_data\v2.2\2-11-1_color_kinect.png
1-9-9,jenga,35,z2|x2,702,2.362044052230572,0.16681622,0.2140218377836467,0.1501698887332036,2.148022214446925,0.016646330954258243,0.33548983364140483,0.17203153266309576,False,True,C:\Users\Owner\Desktop\Fall2023\CSE275\6D Pose\training_data_filtered\training_data\v2.2\1-9-9_color_kinect.png
2-37-7,d_toy_airplane,18,zinf,134,0.21337301725072524,0.3028792,0.21337301725072524,0.3028792142868042,0.0,0.0,0.0,0.0,False,True,C:\Users\Owner\Desktop\Fall2023\CSE275\6D Pose\training_data_filtered\training_data\v2.2\2-37-7_color_kinect.png
2-13-10,g_lego_duplo,29,z2,441,1.5156871902066043,0.32795438,0.20587065316495468,0.15981279532211892,1.3098165370416495,0.16814158638221152,0.35995085995085996,0.16665289692462776,False,True,C:\Users\Owner\Desktop\Fall2023\CSE275\6D Pose\training_data_filtered\training_data\v2.2\2-13-10_color_kinect.png
2-84-0,wood_block,58,z2|y2|x4,583,1.338811389020726,0.17901778,0.20570928078193357,0.13097873485191083,1.1331021082387924,0.04803904735939288,0.351380042462845,0.1688956233793839,False,True,C:\Users\Owner\Desktop\Fall2023\CSE275\6D Pose\training_data_filtered\training_data\v2.2\2-84-0_color_kinect.png
1-45-15,master_chef_can,39,zinf|x2,354,0.1563089655322468,0.21023718,0.2042012449824746,0.1266908105092429,-0.04789227945022781,0.08354636471696864,0.3176638176638177,0.16675560304375892,False,True,C:\Users\Owner\Desktop\Fall2023\CSE275\6D Pose\training_data_filtered\training_data\v2.2\1-45-15_color_kinect.png
2-2-2,master_chef_can,39,zinf|x2,366,0.20271396911571696,0.116621286,0.20271396911571696,0.11662128567695618,0.0,0.0,0.0,0.0,False,True,C:\Users\Owner\Desktop\Fall2023\CSE275\6D Pose\training_data_filtered\training_data\v2.2\2-2-2_color_kinect.png
1-51-4,jenga,35,z2|x2,526,1.7572023871590534,0.29376027,0.19969217434692402,0.13098083377312575,1.5575102128121294,0.16277943610716905,0.26155268022181144,0.16693811264874356,False,True,C:\Users\Owner\Desktop\Fall2023\CSE275\6D Pose\training_data_filtered\training_data\v2.2\1-51-4_color_kinect.png
2-11-3,jenga,35,z2|x2,689,0.1992470522742243,0.048805896,0.1992470522742243,0.04880589619278908,0.0,0.0,0.0,0.0,False,True,C:\Users\Owner\Desktop\Fall2023\CSE275\6D Pose\training_data_filtered\training_data\v2.2\2-11-3_color_kinect.png
1-50-8,tuna_fish_can,57,zinf|x2,130,0.04833246908576484,0.23791699,0.19751125303221015,0.162954431722391,-0.1491787839464453,0.0749625593922254,0.4492753623188406,0.16022336353441216,False,True,C:\Users\Owner\Desktop\Fall2023\CSE275\6D Pose\training_data_filtered\training_data\v2.2\1-50-8_color_kinect.png
2-52-0,mustard_bottle,42,z2,1077,2.141254797633373,0.34607568,0.19699831592012196,0.19839518370555917,1.9442564817132513,0.1476805001266094,0.3397312859884837,0.17068836221223382,False,True,C:\Users\Owner\Desktop\Fall2023\CSE275\6D Pose\training_data_filtered\training_data\v2.2\2-52-0_color_kinect.png
2-18-8,master_chef_can,39,zinf|x2,386,0.19594217697420901,0.10405764,0.19594217697420901,0.10405763983726501,0.0,0.0,0.0,0.0,False,True,C:\Users\Owner\Desktop\Fall2023\CSE275\6D Pose\training_data_filtered\training_data\v2.2\2-18-8_color_kinect.png
1-4-10,potted_meat_can,48,z2|x2,600,9.233425092855336,0.5290699,0.19466723734803942,0.10294520914768814,9.038757855507297,0.4261246913650072,0.2808417997097242,0.16414696995168482,False,True,C:\Users\Owner\Desktop\Fall2023\CSE275\6D Pose\training_data_filtered\training_data\v2.2\1-4-10_color_kinect.png
2-30-8,master_chef_can,39,zinf|x2,243,0.19253452120000752,0.36328918,0.19253452120000752,0.3632891774177551,0.0,0.0,0.0,0.0,False,True,C:\Users\Owner\Desktop\Fall2023\CSE275\6D Pose\training_data_filtered\training_data\v2.2\2-30-8_color_kinect.png
1-1-15,jenga,35,z2|x2,650,0.23925830407512735,0.09701734,0.19233322617748916,0.10204961305213288,0.046925077897638195,-0.005032272690060888,0.3142329020332717,0.16633505933888,False,True,C:\Users\Owner\Desktop\Fall2023\CSE275\6D Pose\training_data_filtered\training_data\v2.2\1-1-15_color_kinect.png
2-59-12,tomato_soup_can,56,zinf|x2,699,0.08237102230420752,0.20978528,0.18968822778724648,0.14657167820163178,-0.10731720548303895,0.06321360441021515,0.31254871395167577,0.17356365294756174,False,True,C:\Users\Owner\Desktop\Fall2023\CSE275\6D Pose\training_data_filtered\training_data\v2.2\2-59-12_color_kinect.png
2-1-6,bleach_cleanser,8,z2,1568,1.998232482205794,0.33978888,0.1892880559992527,0.12669013618469482,1.8089444262065413,0.21309874773978943,0.24343065693430657,0.1749491322884261,False,True,C:\Users\Owner\Desktop\Fall2023\CSE275\6D Pose\training_data_filtered\training_data\v2.2\2-1-6_color_kinect.png
2-35-10,d_toy_airplane,18,zinf,114,0.18852897566411797,0.15513949,0.18852897566411797,0.1551394909620285,0.0,0.0,0.0,0.0,False,True,C:\Users\Owner\Desktop\Fall2023\CSE275\6D Pose\training_data_filtered\training_data\v2.2\2-35-10_color_kinect.png
1-88-8,tomato_soup_can,56,zinf|x2,709,0.18820871781297213,0.324586,0.18820871781297213,0.32458600401878357,0.0,0.0,0.0,0.0,False,True,C:\Users\Owner\Desktop\Fall2023\CSE275\6D Pose\training_data_filtered\training_data\v2.2\1-88-8_color_kinect.png
2-32-19,d_toy_airplane,18,zinf,135,0.18786583598823844,0.14834988,0.18786583598823844,0.14834988117218018,0.0,0.0,0.0,0.0,False,True,C:\Users\Owner\Desktop\Fall2023\CSE275\6D Pose\training_data_filtered\training_data\v2.2\2-32-19_color_kinect.png
1-42-6,master_chef_can,39,zinf|x2,361,0.18757453764832377,0.104323685,0.18757453764832377,0.10432368516921997,0.0,0.0,0.0,0.0,False,True,C:\Users\Owner\Desktop\Fall2023\CSE275\6D Pose\training_data_filtered\training_data\v2.2\1-42-6_color_kinect.png
2-65-11,tuna_fish_can,57,zinf|x2,124,0.14247354171900736,0.14219128,0.18696534824844574,0.17970955500631805,-0.04449180652943838,-0.03751827905207153,0.41545893719806765,0.16110079238430614,False,True,C:\Users\Owner\Desktop\Fall2023\CSE275\6D Pose\training_data_filtered\training_data\v2.2\2-65-11_color_kinect.png
1-3-11,jenga,35,z2|x2,684,0.7046814929259138,0.08080979,0.18692636834521525,0.11696567151001658,0.5177551245806985,-0.036155884594237464,0.32070240295748614,0.17091805535844573,False,True,C:\Users\Owner\Desktop\Fall2023\CSE275\6D Pose\training_data_filtered\training_data\v2.2\1-3-11_color_kinect.png
1-46-0,tuna_fish_can,57,zinf|x2,143,0.05793234419467413,0.15858084,0.18452794870683836,0.12479639110412426,-0.12659560451216423,0.03378444852981739,0.47342995169082125,0.16549638396929167,False,True,C:\Users\Owner\Desktop\Fall2023\CSE275\6D Pose\training_data_filtered\training_data\v2.2\1-46-0_color_kinect.png
2-7-9,bleach_cleanser,8,z2,1563,0.18380133328490317,0.3324848,0.18380133328490317,0.33248481154441833,0.0,0.0,0.0,0.0,False,True,C:\Users\Owner\Desktop\Fall2023\CSE275\6D Pose\training_data_filtered\training_data\v2.2\2-7-9_color_kinect.png
2-76-9,mustard_bottle,42,z2,1145,2.541609736056603,0.30209088,0.18372868775079076,0.1199095935366111,2.357881048305812,0.18218128971839379,0.30134357005758156,0.1674374200224621,False,True,C:\Users\Owner\Desktop\Fall2023\CSE275\6D Pose\training_data_filtered\training_data\v2.2\2-76-9_color_kinect.png
2-74-5,d_toy_airplane,18,zinf,123,0.183240056609884,0.16529295,0.183240056609884,0.16529294848442078,0.0,0.0,0.0,0.0,False,True,C:\Users\Owner\Desktop\Fall2023\CSE275\6D Pose\training_data_filtered\training_data\v2.2\2-74-5_color_kinect.png
1-56-10,jenga,35,z2|x2,733,0.04646712299971307,0.054107048,0.18214650527277834,0.10840156228009014,-0.13567938227306528,-0.05429451466265468,0.33086876155268025,0.169288712457909,False,True,C:\Users\Owner\Desktop\Fall2023\CSE275\6D Pose\training_data_filtered\training_data\v2.2\1-56-10_color_kinect.png
2-35-10,master_chef_can,39,zinf|x2,390,0.18010351588996612,0.25726843,0.18010351588996612,0.25726842880249023,0.0,0.0,0.0,0.0,False,True,C:\Users\Owner\Desktop\Fall2023\CSE275\6D Pose\training_data_filtered\training_data\v2.2\2-35-10_color_kinect.png
2-14-14,g_lego_duplo,29,z2,312,3.4945984080316816,0.34386727,0.17992563244196164,0.14900636349973032,3.31467277558972,0.19486090863886527,0.2751842751842752,0.16510986027181523,False,True,C:\Users\Owner\Desktop\Fall2023\CSE275\6D Pose\training_data_filtered\training_data\v2.2\2-14-14_color_kinect.png
2-11-3,c_toy_airplane,13,zinf,173,0.17958648494114116,0.39090198,0.17958648494114116,0.39090198278427124,0.0,0.0,0.0,0.0,False,True,C:\Users\Owner\Desktop\Fall2023\CSE275\6D Pose\training_data_filtered\training_data\v2.2\2-11-3_color_kinect.png
2-73-20,master_chef_can,39,zinf|x2,381,0.17665649041935444,0.119946435,0.17665649041935444,0.1199464350938797,0.0,0.0,0.0,0.0,False,True,C:\Users\Owner\Desktop\Fall2023\CSE275\6D Pose\training_data_filtered\training_data\v2.2\2-73-20_color_kinect.png
2-60-7,bleach_cleanser,8,z2,1431,3.2969941527149946,0.37402803,0.17546007393696217,0.11485082991777129,3.1215340787780326,0.2591771971398764,0.2321167883211679,0.17508986065493787,False,True,C:\Users\Owner\Desktop\Fall2023\CSE275\6D Pose\training_data_filtered\training_data\v2.2\2-60-7_color_kinect.png
2-7-6,mustard_bottle,42,z2,1038,0.7587439438801729,0.33090723,0.17237282052803987,0.19644132095570876,0.5863711233521329,0.13446590465311692,0.32149712092130517,0.1761578716853481,False,True,C:\Users\Owner\Desktop\Fall2023\CSE275\6D Pose\training_data_filtered\training_data\v2.2\2-7-6_color_kinect.png
2-98-18,master_chef_can,39,zinf|x2,379,0.050961494620599804,0.23136519,0.17181164860649792,0.11175215883904757,-0.12085015398589811,0.11961303011721311,0.35185185185185186,0.16823889934885172,False,True,C:\Users\Owner\Desktop\Fall2023\CSE275\6D Pose\training_data_filtered\training_data\v2.2\2-98-18_color_kinect.png
2-25-7,master_chef_can,39,zinf|x2,363,0.17058005551610023,0.08181042,0.17058005551610023,0.08181042224168777,0.0,0.0,0.0,0.0,False,True,C:\Users\Owner\Desktop\Fall2023\CSE275\6D Pose\training_data_filtered\training_data\v2.2\2-25-7_color_kinect.png
2-7-18,master_chef_can,39,zinf|x2,373,0.17011837046088962,0.17644486,0.17011837046088962,0.1764448583126068,0.0,0.0,0.0,0.0,False,True,C:\Users\Owner\Desktop\Fall2023\CSE275\6D Pose\training_data_filtered\training_data\v2.2\2-7-18_color_kinect.png
1-54-6,jenga,35,z2|x2,591,1.4561346666243988,0.12160416,0.1700835542712582,0.1586134950242199,1.2860511123531406,-0.03700933554984703,0.2948243992606285,0.16704407039184227,False,True,C:\Users\Owner\Desktop\Fall2023\CSE275\6D Pose\training_data_filtered\training_data\v2.2\1-54-6_color_kinect.png
1-53-13,tomato_soup_can,56,zinf|x2,711,0.16976704397912226,0.24508102,0.16976704397912226,0.24508102238178253,0.0,0.0,0.0,0.0,False,True,C:\Users\Owner\Desktop\Fall2023\CSE275\6D Pose\training_data_filtered\training_data\v2.2\1-53-13_color_kinect.png
2-21-14,d_toy_airplane,18,zinf,120,0.16938110148412072,0.14430043,0.16938110148412072,0.1443004310131073,0.0,0.0,0.0,0.0,False,True,C:\Users\Owner\Desktop\Fall2023\CSE275\6D Pose\training_data_filtered\training_data\v2.2\2-21-14_color_kinect.png
2-26-13,d_toy_airplane,18,zinf,129,0.16804129079281332,0.1078477,0.16804129079281332,0.10784769803285599,0.0,0.0,0.0,0.0,False,True,C:\Users\Owner\Desktop\Fall2023\CSE275\6D Pose\training_data_filtered\training_data\v2.2\2-26-13_color_kinect.png
2-91-1,jenga,35,z2|x2,729,1.216742151836084,0.024745716,0.16671230117136931,0.1067437315654364,1.0500298506647145,-0.08199801578339008,0.3391866913123845,0.16806763323862997,False,True,C:\Users\Owner\Desktop\Fall2023\CSE275\6D Pose\training_data_filtered\training_data\v2.2\2-91-1_color_kinect.png
2-78-13,bleach_cleanser,8,z2,1488,4.204914231040341,0.10707519,0.16670938825387924,0.13206341097321572,4.038204842786462,-0.024988218938971185,0.25583941605839416,0.17338965998437303,False,True,C:\Users\Owner\Desktop\Fall2023\CSE275\6D Pose\training_data_filtered\training_data\v2.2\2-78-13_color_kinect.png
2-79-3,d_toy_airplane,18,zinf,129,0.16664941305805933,0.27563426,0.16664941305805933,0.2756342589855194,0.0,0.0,0.0,0.0,False,True,C:\Users\Owner\Desktop\Fall2023\CSE275\6D Pose\training_data_filtered\training_data\v2.2\2-79-3_color_kinect.png
2-32-19,master_chef_can,39,zinf|x2,391,0.16653404945255873,0.07500909,0.16653404945255873,0.07500909268856049,0.0,0.0,0.0,0.0,False,True,C:\Users\Owner\Desktop\Fall2023\CSE275\6D Pose\training_data_filtered\training_data\v2.2\2-32-19_color_kinect.png
2-73-20,d_toy_airplane,18,zinf,117,0.1664823436539846,0.16842553,0.1664823436539846,0.1684255301952362,0.0,0.0,0.0,0.0,False,True,C:\Users\Owner\Desktop\Fall2023\CSE275\6D Pose\training_data_filtered\training_data\v2.2\2-73-20_color_kinect.png
1-13-19,master_chef_can,39,zinf|x2,364,0.16525745772533781,0.12366763,0.16525745772533781,0.1236676275730133,0.0,0.0,0.0,0.0,False,True,C:\Users\Owner\Desktop\Fall2023\CSE275\6D Pose\training_data_filtered\training_data\v2.2\1-13-19_color_kinect.png
2-80-6,bleach_cleanser,8,z2,1535,0.6259284257996075,0.41905203,0.16378691920955812,0.14544457814156733,0.4621415065900494,0.27360745647490303,0.24963503649635035,0.17016210795454076,False,True,C:\Users\Owner\Desktop\Fall2023\CSE275\6D Pose\training_data_filtered\training_data\v2.2\2-80-6_color_kinect.png
2-13-10,c_toy_airplane,13,zinf,174,0.16377873204407636,0.30495375,0.16377873204407636,0.30495375394821167,0.0,0.0,0.0,0.0,False,True,C:\Users\Owner\Desktop\Fall2023\CSE275\6D Pose\training_data_filtered\training_data\v2.2\2-13-10_color_kinect.png
2-51-3,tomato_soup_can,56,zinf|x2,720,0.1636632058830506,0.31615537,0.1636632058830506,0.3161553740501404,0.0,0.0,0.0,0.0,False,True,C:\Users\Owner\Desktop\Fall2023\CSE275\6D Pose\training_data_filtered\training_data\v2.2\2-51-3_color_kinect.png
2-34-3,tuna_fish_can,57,zinf|x2,128,0.11888694748275905,0.12890561,0.16346710961724317,0.16289468393030668,-0.044580162134484125,-0.03398907468023801,0.4396135265700483,0.16667907883660904,False,True,C:\Users\Owner\Desktop\Fall2023\CSE275\6D Pose\training_data_filtered\training_data\v2.2\2-34-3_color_kinect.png
2-36-15,d_toy_airplane,18,zinf,129,0.16120501295185186,0.20016555,0.16120501295185186,0.2001655548810959,0.0,0.0,0.0,0.0,False,True,C:\Users\Owner\Desktop\Fall2023\CSE275\6D Pose\training_data_filtered\training_data\v2.2\2-36-15_color_kinect.png
2-38-17,bleach_cleanser,8,z2,1507,0.6899067740746896,0.08423039,0.1609420636079636,0.11521060542024114,0.528964710466726,-0.030980212248930716,0.2489051094890511,0.170064144972506,False,True,C:\Users\Owner\Desktop\Fall2023\CSE275\6D Pose\training_data_filtered\training_data\v2.2\2-38-17_color_kinect.png
2-90-11,tomato_soup_can,56,zinf|x2,601,0.031317542539996746,0.40902075,0.15843272223107913,0.16493924429865933,-0.12711517969108238,0.2440815074160471,0.2977396726422447,0.16663451829751333,False,True,C:\Users\Owner\Desktop\Fall2023\CSE275\6D Pose\training_data_filtered\training_data\v2.2\2-90-11_color_kinect.png
1-95-11,jenga,35,z2|x2,677,0.15559424560606738,0.31489116,0.15559424560606738,0.31489115953445435,0.0,0.0,0.0,0.0,False,True,C:\Users\Owner\Desktop\Fall2023\CSE275\6D Pose\training_data_filtered\training_data\v2.2\1-95-11_color_kinect.png
2-80-6,d_toy_airplane,18,zinf,116,0.1537623373878554,0.08569241,0.1537623373878554,0.08569241315126419,0.0,0.0,0.0,0.0,False,True,C:\Users\Owner\Desktop\Fall2023\CSE275\6D Pose\training_data_filtered\training_data\v2.2\2-80-6_color_kinect.png
2-45-5,d_toy_airplane,18,zinf,134,0.15365631427195092,0.25358015,0.15365631427195092,0.25358015298843384,0.0,0.0,0.0,0.0,False,True,C:\Users\Owner\Desktop\Fall2023\CSE275\6D Pose\training_data_filtered\training_data\v2.2\2-45-5_color_kinect.png
1-3-3,master_chef_can,39,zinf|x2,369,0.05182547276366349,0.17653866,0.15360700849364697,0.10500248756787672,-0.10178153572998348,0.07153617355444536,0.3831908831908832,0.16639108902840005,False,True,C:\Users\Owner\Desktop\Fall2023\CSE275\6D Pose\training_data_filtered\training_data\v2.2\1-3-3_color_kinect.png
1-39-6,potted_meat_can,48,z2|x2,839,4.1399028738378725,0.1763521,0.1506253215836207,0.12716107654543213,3.9892775522542516,0.04919102203874298,0.3018867924528302,0.17061633265931248,False,True,C:\Users\Owner\Desktop\Fall2023\CSE275\6D Pose\training_data_filtered\training_data\v2.2\1-39-6_color_kinect.png
2-69-10,potted_meat_can,48,z2|x2,790,0.484918645659218,0.109252,0.14959291955170337,0.11388663951889405,0.33532572610751465,-0.004634641153968666,0.2822931785195936,0.17816873653171394,False,True,C:\Users\Owner\Desktop\Fall2023\CSE275\6D Pose\training_data_filtered\training_data\v2.2\2-69-10_color_kinect.png
1-57-12,tomato_soup_can,56,zinf|x2,720,0.14861953704128833,0.22990696,0.14861953704128833,0.22990696132183075,0.0,0.0,0.0,0.0,False,True,C:\Users\Owner\Desktop\Fall2023\CSE275\6D Pose\training_data_filtered\training_data\v2.2\1-57-12_color_kinect.png
1-9-4,master_chef_can,39,zinf|x2,367,0.1486195160051436,0.08796029,0.1486195160051436,0.08796028792858124,0.0,0.0,0.0,0.0,False,True,C:\Users\Owner\Desktop\Fall2023\CSE275\6D Pose\training_data_filtered\training_data\v2.2\1-9-4_color_kinect.png
2-98-18,bleach_cleanser,8,z2,1585,1.1637108874734026,0.2124394,0.148303977638646,0.15398467041250513,1.0154069098347565,0.05845473252538397,0.24854014598540147,0.17282031959251443,False,True,C:\Users\Owner\Desktop\Fall2023\CSE275\6D Pose\training_data_filtered\training_data\v2.2\2-98-18_color_kinect.png
1-4-10,master_chef_can,39,zinf|x2,381,0.14797357871057124,0.14689325,0.14797357871057124,0.14689324796199799,0.0,0.0,0.0,0.0,False,True,C:\Users\Owner\Desktop\Fall2023\CSE275\6D Pose\training_data_filtered\training_data\v2.2\1-4-10_color_kinect.png
1-14-12,master_chef_can,39,zinf|x2,384,0.14570953960115646,0.21618426,0.14570953960115646,0.21618425846099854,0.0,0.0,0.0,0.0,False,True,C:\Users\Owner\Desktop\Fall2023\CSE275\6D Pose\training_data_filtered\training_data\v2.2\1-14-12_color_kinect.png
2-76-9,d_toy_airplane,18,zinf,120,0.14549093894793594,0.1462953,0.14549093894793594,0.14629529416561127,0.0,0.0,0.0,0.0,False,True,C:\Users\Owner\Desktop\Fall2023\CSE275\6D Pose\training_data_filtered\training_data\v2.2\2-76-9_color_kinect.png
1-22-20,tomato_soup_can,56,zinf|x2,711,0.14501879993949635,0.2710223,0.14501879993949635,0.2710222899913788,0.0,0.0,0.0,0.0,False,True,C:\Users\Owner\Desktop\Fall2023\CSE275\6D Pose\training_data_filtered\training_data\v2.2\1-22-20_color_kinect.png
2-2-13,master_chef_can,39,zinf|x2,365,0.13034450093046537,0.13686977,0.14456443543092629,0.10940206664445011,-0.014219934500460912,0.027467706624249535,0.38461538461538464,0.16705213809139025,False,True,C:\Users\Owner\Desktop\Fall2023\CSE275\6D Pose\training_data_filtered\training_data\v2.2\2-2-13_color_kinect.png
2-34-3,d_toy_airplane,18,zinf,134,0.14261150148295584,0.22504285,0.14261150148295584,0.22504284977912903,0.0,0.0,0.0,0.0,False,True,C:\Users\Owner\Desktop\Fall2023\CSE275\6D Pose\training_data_filtered\training_data\v2.2\2-34-3_color_kinect.png
2-45-5,jenga,35,z2|x2,742,1.2219015651434941,0.09817804,0.14253942183718948,0.09669111696824527,1.0793621433063048,0.0014869195426990972,0.3022181146025878,0.17291469540585805,False,True,C:\Users\Owner\Desktop\Fall2023\CSE275\6D Pose\training_data_filtered\training_data\v2.2\2-45-5_color_kinect.png
2-13-16,c_toy_airplane,13,zinf,176,0.14232304040452465,0.10043815,0.14232304040452465,0.10043814778327942,0.0,0.0,0.0,0.0,False,True,C:\Users\Owner\Desktop\Fall2023\CSE275\6D Pose\training_data_filtered\training_data\v2.2\2-13-16_color_kinect.png
2-2-6,master_chef_can,39,zinf|x2,356,0.14205845730335648,0.11641785,0.14205845730335648,0.11641784757375717,0.0,0.0,0.0,0.0,False,True,C:\Users\Owner\Desktop\Fall2023\CSE275\6D Pose\training_data_filtered\training_data\v2.2\2-2-6_color_kinect.png
2-34-12,nine_hole_peg_test,43,no,326,0.14038595665965786,0.11478566,0.14038595665965786,0.11478565633296967,0.0,0.0,0.0,0.0,False,True,C:\Users\Owner\Desktop\Fall2023\CSE275\6D Pose\training_data_filtered\training_data\v2.2\2-34-12_color_kinect.png
2-45-5,bleach_cleanser,8,z2,1491,3.8587595009991937,0.30172497,0.13845683017401084,0.1342291253018576,3.7203026708251827,0.16749584503887116,0.27007299270072993,0.1718398253072607,False,True,C:\Users\Owner\Desktop\Fall2023\CSE275\6D Pose\training_data_filtered\training_data\v2.2\2-45-5_color_kinect.png
2-18-8,c_toy_airplane,13,zinf,166,0.13796972338031477,0.12070979,0.13796972338031477,0.12070979177951813,0.0,0.0,0.0,0.0,False,True,C:\Users\Owner\Desktop\Fall2023\CSE275\6D Pose\training_data_filtered\training_data\v2.2\2-18-8_color_kinect.png
2-100-13,master_chef_can,39,zinf|x2,248,0.13741855925185859,0.13319112,0.13741855925185859,0.13319112360477448,0.0,0.0,0.0,0.0,False,True,C:\Users\Owner\Desktop\Fall2023\CSE275\6D Pose\training_data_filtered\training_data\v2.2\2-100-13_color_kinect.png
2-12-2,c_toy_airplane,13,zinf,181,0.13658866911965928,0.17871104,0.13658866911965928,0.17871104180812836,0.0,0.0,0.0,0.0,False,True,C:\Users\Owner\Desktop\Fall2023\CSE275\6D Pose\training_data_filtered\training_data\v2.2\2-12-2_color_kinect.png
2-69-10,mustard_bottle,42,z2,1107,1.718366602492718,0.082864106,0.13574422580899292,0.1186479288870214,1.582622376683725,-0.03578382318557487,0.33397312859884837,0.1706368696663398,False,True,C:\Users\Owner\Desktop\Fall2023\CSE275\6D Pose\training_data_filtered\training_data\v2.2\2-69-10_color_kinect.png
2-6-3,master_chef_can,39,zinf|x2,373,0.13489546942028674,0.16013674,0.13489546942028674,0.16013674437999725,0.0,0.0,0.0,0.0,False,True,C:\Users\Owner\Desktop\Fall2023\CSE275\6D Pose\training_data_filtered\training_data\v2.2\2-6-3_color_kinect.png
2-74-10,d_toy_airplane,18,zinf,136,0.13448748007715838,0.28256992,0.13448748007715838,0.28256991505622864,0.0,0.0,0.0,0.0,False,True,C:\Users\Owner\Desktop\Fall2023\CSE275\6D Pose\training_data_filtered\training_data\v2.2\2-74-10_color_kinect.png
2-26-17,d_toy_airplane,18,zinf,126,0.13392968989751783,0.039249107,0.13392968989751783,0.039249107241630554,0.0,0.0,0.0,0.0,False,True,C:\Users\Owner\Desktop\Fall2023\CSE275\6D Pose\training_data_filtered\training_data\v2.2\2-26-17_color_kinect.png
2-52-0,tuna_fish_can,57,zinf|x2,100,0.13312370003353569,0.37266535,0.13312370003353569,0.3726653456687927,0.0,0.0,0.0,0.0,False,True,C:\Users\Owner\Desktop\Fall2023\CSE275\6D Pose\training_data_filtered\training_data\v2.2\2-52-0_color_kinect.png
2-69-12,bleach_cleanser,8,z2,1418,0.1400507386496877,0.2128222,0.13136203343883193,0.16189758083633926,0.008688705210855768,0.05092461803145859,0.2708029197080292,0.17515911080272567,False,True,C:\Users\Owner\Desktop\Fall2023\CSE275\6D Pose\training_data_filtered\training_data\v2.2\2-69-12_color_kinect.png
2-11-3,bleach_cleanser,8,z2,1473,3.160187518976856,0.21064584,0.13009420676106884,0.07495447503692843,3.030093312215787,0.1356913645350244,0.24014598540145984,0.1691771378595876,False,True,C:\Users\Owner\Desktop\Fall2023\CSE275\6D Pose\training_data_filtered\training_data\v2.2\2-11-3_color_kinect.png
2-94-3,tuna_fish_can,57,zinf|x2,135,0.19961860328546877,0.059942972,0.12998688362678415,0.12556851810133654,0.06963171965868462,-0.0656255461863299,0.42028985507246375,0.15004234483864118,False,True,C:\Users\Owner\Desktop\Fall2023\CSE275\6D Pose\training_data_filtered\training_data\v2.2\2-94-3_color_kinect.png
2-11-4,c_toy_airplane,13,zinf,175,0.12894737965688433,0.08689585,0.12894737965688433,0.08689585328102112,0.0,0.0,0.0,0.0,False,True,C:\Users\Owner\Desktop\Fall2023\CSE275\6D Pose\training_data_filtered\training_data\v2.2\2-11-4_color_kinect.png
2-8-3,master_chef_can,39,zinf|x2,368,0.12720239170785935,0.14949062,0.12720239170785935,0.149490624666214,0.0,0.0,0.0,0.0,False,True,C:\Users\Owner\Desktop\Fall2023\CSE275\6D Pose\training_data_filtered\training_data\v2.2\2-8-3_color_kinect.png
2-36-15,master_chef_can,39,zinf|x2,335,0.12678578691488393,0.46104285,0.12678578691488393,0.4610428512096405,0.0,0.0,0.0,0.0,False,True,C:\Users\Owner\Desktop\Fall2023\CSE275\6D Pose\training_data_filtered\training_data\v2.2\2-36-15_color_kinect.png
2-34-12,d_toy_airplane,18,zinf,127,0.12622131149364518,0.09588186,0.12622131149364518,0.0958818569779396,0.0,0.0,0.0,0.0,False,True,C:\Users\Owner\Desktop\Fall2023\CSE275\6D Pose\training_data_filtered\training_data\v2.2\2-34-12_color_kinect.png
2-59-12,bleach_cleanser,8,z2,1605,0.09682155745689743,0.4043617,0.12596577108224138,0.15220043652415718,-0.02914421362534396,0.2521612585270361,0.258029197080292,0.17378464314934558,False,True,C:\Users\Owner\Desktop\Fall2023\CSE275\6D Pose\training_data_filtered\training_data\v2.2\2-59-12_color_kinect.png
2-72-13,d_toy_airplane,18,zinf,115,0.12559347844844507,0.5053905,0.12559347844844507,0.5053905248641968,0.0,0.0,0.0,0.0,False,True,C:\Users\Owner\Desktop\Fall2023\CSE275\6D Pose\training_data_filtered\training_data\v2.2\2-72-13_color_kinect.png
1-51-11,potted_meat_can,48,z2|x2,857,2.5988933591558334,0.19462511,0.12524953324531718,0.13040749656732942,2.473643825910516,0.06421761286679839,0.3330914368650218,0.1711053422017578,False,True,C:\Users\Owner\Desktop\Fall2023\CSE275\6D Pose\training_data_filtered\training_data\v2.2\1-51-11_color_kinect.png
2-42-15,potted_meat_can,48,z2|x2,680,0.12366808318611566,0.18510352,0.12366808318611566,0.18510352075099945,0.0,0.0,0.0,0.0,False,True,C:\Users\Owner\Desktop\Fall2023\CSE275\6D Pose\training_data_filtered\training_data\v2.2\2-42-15_color_kinect.png
1-4-10,jenga,35,z2|x2,749,0.09726551904716063,0.21000752,0.1233766867510974,0.1914339740382628,-0.026111167703936775,0.01857354449162918,0.32255083179297594,0.17130395861037845,False,True,C:\Users\Owner\Desktop\Fall2023\CSE275\6D Pose\training_data_filtered\training_data\v2.2\1-4-10_color_kinect.png
1-83-6,tomato_soup_can,56,zinf|x2,707,0.12322241355682265,0.20236924,0.12322241355682265,0.20236924290657043,0.0,0.0,0.0,0.0,False,True,C:\Users\Owner\Desktop\Fall2023\CSE275\6D Pose\training_data_filtered\training_data\v2.2\1-83-6_color_kinect.png
1-53-6,tomato_soup_can,56,zinf|x2,712,0.12251125797411747,0.3310039,0.12251125797411747,0.33100390434265137,0.0,0.0,0.0,0.0,False,True,C:\Users\Owner\Desktop\Fall2023\CSE275\6D Pose\training_data_filtered\training_data\v2.2\1-53-6_color_kinect.png
2-26-13,tomato_soup_can,56,zinf|x2,737,0.12222696584203868,0.27241778,0.12222696584203868,0.2724177837371826,0.0,0.0,0.0,0.0,False,True,C:\Users\Owner\Desktop\Fall2023\CSE275\6D Pose\training_data_filtered\training_data\v2.2\2-26-13_color_kinect.png
1-5-19,master_chef_can,39,zinf|x2,286,0.12141329127735649,0.24567387,0.12141329127735649,0.24567386507987976,0.0,0.0,0.0,0.0,False,True,C:\Users\Owner\Desktop\Fall2023\CSE275\6D Pose\training_data_filtered\training_data\v2.2\1-5-19_color_kinect.png
2-82-9,tomato_soup_can,56,zinf|x2,690,0.12133707432886193,0.123866625,0.12133707432886193,0.12386662513017654,0.0,0.0,0.0,0.0,False,True,C:\Users\Owner\Desktop\Fall2023\CSE275\6D Pose\training_data_filtered\training_data\v2.2\2-82-9_color_kinect.png
2-94-3,master_chef_can,39,zinf|x2,379,0.12127354212348816,0.096673004,0.12127354212348816,0.09667300432920456,0.0,0.0,0.0,0.0,False,True,C:\Users\Owner\Desktop\Fall2023\CSE275\6D Pose\training_data_filtered\training_data\v2.2\2-94-3_color_kinect.png
2-7-10,bleach_cleanser,8,z2,1451,0.3557171857280696,0.32209077,0.1210343419152084,0.14823293356286726,0.2346828438128612,0.17385784121168413,0.2507299270072993,0.17577391896144604,False,True,C:\Users\Owner\Desktop\Fall2023\CSE275\6D Pose\training_data_filtered\training_data\v2.2\2-7-10_color_kinect.png
1-36-9,tuna_fish_can,57,zinf|x2,126,0.12100553971644099,0.13026416,0.12100553971644099,0.13026416301727295,0.0,0.0,0.0,0.0,False,True,C:\Users\Owner\Desktop\Fall2023\CSE275\6D Pose\training_data_filtered\training_data\v2.2\1-36-9_color_kinect.png
1-65-10,tomato_soup_can,56,zinf|x2,691,0.11911043453862669,0.15863891,0.11911043453862669,0.15863890945911407,0.0,0.0,0.0,0.0,False,True,C:\Users\Owner\Desktop\Fall2023\CSE275\6D Pose\training_data_filtered\training_data\v2.2\1-65-10_color_kinect.png
2-8-18,master_chef_can,39,zinf|x2,369,0.11779828383134383,0.13768923,0.11779828383134383,0.1376892328262329,0.0,0.0,0.0,0.0,False,True,C:\Users\Owner\Desktop\Fall2023\CSE275\6D Pose\training_data_filtered\training_data\v2.2\2-8-18_color_kinect.png
1-5-11,master_chef_can,39,zinf|x2,372,0.03079217754452734,0.058603257,0.11760093191697378,0.10554458636327137,-0.08680875437244644,-0.04694132942242969,0.3504273504273504,0.1681365111485463,False,True,C:\Users\Owner\Desktop\Fall2023\CSE275\6D Pose\training_data_filtered\training_data\v2.2\1-5-11_color_kinect.png
1-58-12,tomato_soup_can,56,zinf|x2,660,0.11629245801184249,0.27676657,0.11629245801184249,0.2767665684223175,0.0,0.0,0.0,0.0,False,True,C:\Users\Owner\Desktop\Fall2023\CSE275\6D Pose\training_data_filtered\training_data\v2.2\1-58-12_color_kinect.png
2-4-5,master_chef_can,39,zinf|x2,378,0.11596515058124952,0.09552059,0.11596515058124952,0.09552059322595596,0.0,0.0,0.0,0.0,False,True,C:\Users\Owner\Desktop\Fall2023\CSE275\6D Pose\training_data_filtered\training_data\v2.2\2-4-5_color_kinect.png
2-13-16,master_chef_can,39,zinf|x2,368,0.11502005118280849,0.09621402,0.11502005118280849,0.09621401876211166,0.0,0.0,0.0,0.0,False,True,C:\Users\Owner\Desktop\Fall2023\CSE275\6D Pose\training_data_filtered\training_data\v2.2\2-13-16_color_kinect.png
1-30-6,tomato_soup_can,56,zinf|x2,676,0.11458142095147156,0.22335827,0.11458142095147156,0.22335827350616455,0.0,0.0,0.0,0.0,False,True,C:\Users\Owner\Desktop\Fall2023\CSE275\6D Pose\training_data_filtered\training_data\v2.2\1-30-6_color_kinect.png
2-4-10,mustard_bottle,42,z2,825,0.7569231125420638,0.12310244,0.11369672179025994,0.18021396128120032,0.6432263907518039,-0.05711151985110846,0.20825335892514396,0.1671052811373134,False,True,C:\Users\Owner\Desktop\Fall2023\CSE275\6D Pose\training_data_filtered\training_data\v2.2\2-4-10_color_kinect.png
2-26-17,wood_block,58,z2|y2|x4,537,2.4163000834068984,0.2679361,0.11325019474452831,0.11689961327394345,2.30304988866237,0.15103649722257756,0.3057324840764331,0.16972855225266245,False,True,C:\Users\Owner\Desktop\Fall2023\CSE275\6D Pose\training_data_filtered\training_data\v2.2\2-26-17_color_kinect.png
1-90-2,tomato_soup_can,56,zinf|x2,661,0.11314313550228489,0.19895728,0.11314313550228489,0.19895727932453156,0.0,0.0,0.0,0.0,False,True,C:\Users\Owner\Desktop\Fall2023\CSE275\6D Pose\training_data_filtered\training_data\v2.2\1-90-2_color_kinect.png
2-6-11,master_chef_can,39,zinf|x2,366,0.1130698039470044,0.07377085,0.1130698039470044,0.07377085089683533,0.0,0.0,0.0,0.0,False,True,C:\Users\Owner\Desktop\Fall2023\CSE275\6D Pose\training_data_filtered\training_data\v2.2\2-6-11_color_kinect.png
1-64-7,tomato_soup_can,56,zinf|x2,708,0.11299519450940128,0.075098924,0.11299519450940128,0.0750989243388176,0.0,0.0,0.0,0.0,False,True,C:\Users\Owner\Desktop\Fall2023\CSE275\6D Pose\training_data_filtered\training_data\v2.2\1-64-7_color_kinect.png
1-44-3,tuna_fish_can,57,zinf|x2,81,0.11250793901182542,0.11272229,0.11250793901182542,0.11272229254245758,0.0,0.0,0.0,0.0,False,True,C:\Users\Owner\Desktop\Fall2023\CSE275\6D Pose\training_data_filtered\training_data\v2.2\1-44-3_color_kinect.png
2-26-13,master_chef_can,39,zinf|x2,379,0.11165946180568223,0.103601195,0.11165946180568223,0.10360119491815567,0.0,0.0,0.0,0.0,False,True,C:\Users\Owner\Desktop\Fall2023\CSE275\6D Pose\training_data_filtered\training_data\v2.2\2-26-13_color_kinect.png
2-65-11,gelatin_box,30,z2|x2,515,0.8545201850234533,0.088074185,0.11069200311964592,0.12771753370908176,0.7438281819038074,-0.03964334875491535,0.3747252747252747,0.1704889534036393,False,True,C:\Users\Owner\Desktop\Fall2023\CSE275\6D Pose\training_data_filtered\training_data\v2.2\2-65-11_color_kinect.png
2-79-3,mustard_bottle,42,z2,1116,3.0123381259300714,0.20394093,0.11017577963046594,0.12954771542432042,2.9021623462996056,0.0743932125580099,0.33589251439539347,0.1666872653148131,False,True,C:\Users\Owner\Desktop\Fall2023\CSE275\6D Pose\training_data_filtered\training_data\v2.2\2-79-3_color_kinect.png
1-56-17,tomato_soup_can,56,zinf|x2,687,0.11013696966544849,0.1650471,0.11013696966544849,0.16504709422588348,0.0,0.0,0.0,0.0,False,True,C:\Users\Owner\Desktop\Fall2023\CSE275\6D Pose\training_data_filtered\training_data\v2.2\1-56-17_color_kinect.png
2-47-11,bleach_cleanser,8,z2,1619,1.73653142838442,0.38536876,0.10879753078356334,0.12660891289816278,1.6277338976008566,0.2587598515023194,0.24708029197080292,0.16952799310396738,False,True,C:\Users\Owner\Desktop\Fall2023\CSE275\6D Pose\training_data_filtered\training_data\v2.2\2-47-11_color_kinect.png
2-56-0,tomato_soup_can,56,zinf|x2,678,0.10829803160724087,0.14564267,0.10829803160724087,0.14564266800880432,0.0,0.0,0.0,0.0,False,True,C:\Users\Owner\Desktop\Fall2023\CSE275\6D Pose\training_data_filtered\training_data\v2.2\2-56-0_color_kinect.png
2-58-11,tomato_soup_can,56,zinf|x2,683,0.10764371065571439,0.18161592,0.10764371065571439,0.1816159188747406,0.0,0.0,0.0,0.0,False,True,C:\Users\Owner\Desktop\Fall2023\CSE275\6D Pose\training_data_filtered\training_data\v2.2\2-58-11_color_kinect.png
2-38-17,d_toy_airplane,18,zinf,131,0.10762102436901895,0.15935364,0.10762102436901895,0.15935364365577698,0.0,0.0,0.0,0.0,False,True,C:\Users\Owner\Desktop\Fall2023\CSE275\6D Pose\training_data_filtered\training_data\v2.2\2-38-17_color_kinect.png
1-21-5,tuna_fish_can,57,zinf|x2,130,0.10697463495818538,0.14560348,0.10697463495818538,0.1456034779548645,0.0,0.0,0.0,0.0,False,True,C:\Users\Owner\Desktop\Fall2023\CSE275\6D Pose\training_data_filtered\training_data\v2.2\1-21-5_color_kinect.png
1-22-7,tomato_soup_can,56,zinf|x2,697,0.10686246467744093,0.12568831,0.10686246467744093,0.1256883144378662,0.0,0.0,0.0,0.0,False,True,C:\Users\Owner\Desktop\Fall2023\CSE275\6D Pose\training_data_filtered\training_data\v2.2\1-22-7_color_kinect.png
1-97-1,wood_block,58,z2|y2|x4,566,1.45487860272251,0.24766946,0.10671957418498429,0.1413611571259746,1.3481590285375258,0.10630830126330762,0.3673036093418259,0.16648510382889142,False,True,C:\Users\Owner\Desktop\Fall2023\CSE275\6D Pose\training_data_filtered\training_data\v2.2\1-97-1_color_kinect.png
1-86-1,tomato_soup_can,56,zinf|x2,726,0.10487149797928028,0.10277084,0.10487149797928028,0.1027708426117897,0.0,0.0,0.0,0.0,False,True,C:\Users\Owner\Desktop\Fall2023\CSE275\6D Pose\training_data_filtered\training_data\v2.2\1-86-1_color_kinect.png
1-56-13,tomato_soup_can,56,zinf|x2,708,0.1428715269630169,0.1451479,0.10473547488888008,0.13704681275676328,0.03813605207413681,0.008101091996921717,0.2961808261886204,0.16846164033741426,False,True,C:\Users\Owner\Desktop\Fall2023\CSE275\6D Pose\training_data_filtered\training_data\v2.2\1-56-13_color_kinect.png
1-30-2,tomato_soup_can,56,zinf|x2,679,0.10456466132423298,0.15329492,0.10456466132423298,0.15329492092132568,0.0,0.0,0.0,0.0,False,True,C:\Users\Owner\Desktop\Fall2023\CSE275\6D Pose\training_data_filtered\training_data\v2.2\1-30-2_color_kinect.png
1-83-10,tomato_soup_can,56,zinf|x2,598,0.10339540737833028,0.5850838,0.10339540737833028,0.5850837826728821,0.0,0.0,0.0,0.0,False,True,C:\Users\Owner\Desktop\Fall2023\CSE275\6D Pose\training_data_filtered\training_data\v2.2\1-83-10_color_kinect.png
2-52-12,tomato_soup_can,56,zinf|x2,692,0.10238838239568526,0.31618205,0.10238838239568526,0.31618204712867737,0.0,0.0,0.0,0.0,False,True,C:\Users\Owner\Desktop\Fall2023\CSE275\6D Pose\training_data_filtered\training_data\v2.2\2-52-12_color_kinect.png
2-12-2,bleach_cleanser,8,z2,1404,1.0959796854960708,0.34508625,0.10202650516924457,0.1297850815579436,0.9939531803268262,0.2153011651709535,0.24963503649635035,0.17664104757990984,False,True,C:\Users\Owner\Desktop\Fall2023\CSE275\6D Pose\training_data_filtered\training_data\v2.2\2-12-2_color_kinect.png
2-21-14,tomato_soup_can,56,zinf|x2,720,0.1016108169657171,0.334114,0.1016108169657171,0.3341139853000641,0.0,0.0,0.0,0.0,False,True,C:\Users\Owner\Desktop\Fall2023\CSE275\6D Pose\training_data_filtered\training_data\v2.2\2-21-14_color_kinect.png
1-62-18,tomato_soup_can,56,zinf|x2,659,0.10072453955253406,0.31583872,0.10072453955253406,0.3158387243747711,0.0,0.0,0.0,0.0,False,True,C:\Users\Owner\Desktop\Fall2023\CSE275\6D Pose\training_data_filtered\training_data\v2.2\1-62-18_color_kinect.png
1-74-12,rubiks_cube,52,z4|x4|y4,511,0.10023137595630906,0.18802719,0.10023137595630906,0.18802718818187714,0.0,0.0,0.0,0.0,False,True,C:\Users\Owner\Desktop\Fall2023\CSE275\6D Pose\training_data_filtered\training_data\v2.2\1-74-12_color_kinect.png
2-6-14,master_chef_can,39,zinf|x2,365,0.10021701462551068,0.1662935,0.10021701462551068,0.16629350185394287,0.0,0.0,0.0,0.0,False,True,C:\Users\Owner\Desktop\Fall2023\CSE275\6D Pose\training_data_filtered\training_data\v2.2\2-6-14_color_kinect.png
1-13-7,tuna_fish_can,57,zinf|x2,113,0.09980809655964532,0.42236537,0.09980809655964532,0.42236536741256714,0.0,0.0,0.0,0.0,False,True,C:\Users\Owner\Desktop\Fall2023\CSE275\6D Pose\training_data_filtered\training_data\v2.2\1-13-7_color_kinect.png
1-9-9,master_chef_can,39,zinf|x2,380,0.09960497230621411,0.108641215,0.09960497230621411,0.10864121466875076,0.0,0.0,0.0,0.0,False,True,C:\Users\Owner\Desktop\Fall2023\CSE275\6D Pose\training_data_filtered\training_data\v2.2\1-9-9_color_kinect.png
1-58-16,tomato_soup_can,56,zinf|x2,700,0.09842616911559611,0.05667816,0.09842616911559611,0.0566781610250473,0.0,0.0,0.0,0.0,False,True,C:\Users\Owner\Desktop\Fall2023\CSE275\6D Pose\training_data_filtered\training_data\v2.2\1-58-16_color_kinect.png
2-19-6,master_chef_can,39,zinf|x2,382,0.09798286037025838,0.15442947,0.09798286037025838,0.15442946553230286,0.0,0.0,0.0,0.0,False,True,C:\Users\Owner\Desktop\Fall2023\CSE275\6D Pose\training_data_filtered\training_data\v2.2\2-19-6_color_kinect.png
2-23-6,tomato_soup_can,56,zinf|x2,602,0.0975347139672291,0.615665,0.0975347139672291,0.6156650185585022,0.0,0.0,0.0,0.0,False,True,C:\Users\Owner\Desktop\Fall2023\CSE275\6D Pose\training_data_filtered\training_data\v2.2\2-23-6_color_kinect.png
2-37-7,master_chef_can,39,zinf|x2,360,0.09735305764556212,0.1467475,0.09735305764556212,0.14674749970436096,0.0,0.0,0.0,0.0,False,True,C:\Users\Owner\Desktop\Fall2023\CSE275\6D Pose\training_data_filtered\training_data\v2.2\2-37-7_color_kinect.png
1-88-10,tomato_soup_can,56,zinf|x2,694,0.0970806282802344,0.09866183,0.0970806282802344,0.09866183251142502,0.0,0.0,0.0,0.0,False,True,C:\Users\Owner\Desktop\Fall2023\CSE275\6D Pose\training_data_filtered\training_data\v2.2\1-88-10_color_kinect.png
2-77-11,master_chef_can,39,zinf|x2,385,0.09651430824173735,0.1438704,0.09651430824173735,0.14387039840221405,0.0,0.0,0.0,0.0,False,True,C:\Users\Owner\Desktop\Fall2023\CSE275\6D Pose\training_data_filtered\training_data\v2.2\2-77-11_color_kinect.png
2-8-18,e_lego_duplo,20,z2,321,0.09607855659388011,0.13912775,0.09607855659388011,0.13912774622440338,0.0,0.0,0.0,0.0,False,True,C:\Users\Owner\Desktop\Fall2023\CSE275\6D Pose\training_data_filtered\training_data\v2.2\2-8-18_color_kinect.png
1-14-7,tuna_fish_can,57,zinf|x2,132,0.023171923324627426,0.10719162,0.09427154679194004,0.133299922616201,-0.0710996234673126,-0.026108300358968328,0.463768115942029,0.1311494783600843,False,True,C:\Users\Owner\Desktop\Fall2023\CSE275\6D Pose\training_data_filtered\training_data\v2.2\1-14-7_color_kinect.png
2-34-3,master_chef_can,39,zinf|x2,369,0.09384545659430925,0.213259,0.09384545659430925,0.2132589966058731,0.0,0.0,0.0,0.0,False,True,C:\Users\Owner\Desktop\Fall2023\CSE275\6D Pose\training_data_filtered\training_data\v2.2\2-34-3_color_kinect.png
1-40-17,potted_meat_can,48,z2|x2,832,0.08991967170342936,0.27716967,0.08991967170342936,0.27716967463493347,0.0,0.0,0.0,0.0,False,True,C:\Users\Owner\Desktop\Fall2023\CSE275\6D Pose\training_data_filtered\training_data\v2.2\1-40-17_color_kinect.png
1-21-5,tomato_soup_can,56,zinf|x2,687,0.08982006769022988,0.16516908,0.08982006769022988,0.16516907513141632,0.0,0.0,0.0,0.0,False,True,C:\Users\Owner\Desktop\Fall2023\CSE275\6D Pose\training_data_filtered\training_data\v2.2\1-21-5_color_kinect.png
2-58-11,mustard_bottle,42,z2,890,0.7357589089846712,0.35359675,0.08672914884113872,0.12020048313977402,0.6490297601435325,0.23339626378176528,0.20873320537428022,0.17168365711227668,False,True,C:\Users\Owner\Desktop\Fall2023\CSE275\6D Pose\training_data_filtered\training_data\v2.2\2-58-11_color_kinect.png
2-18-8,tuna_fish_can,57,zinf|x2,127,0.04252688306780405,0.24813065,0.08672212895296624,0.12250963428756356,-0.044195245885162195,0.12562101504066825,0.463768115942029,0.14163154219373153,False,True,C:\Users\Owner\Desktop\Fall2023\CSE275\6D Pose\training_data_filtered\training_data\v2.2\2-18-8_color_kinect.png
1-2-18,master_chef_can,39,zinf|x2,371,0.08666343884462788,0.09638205,0.08666343884462788,0.09638205170631409,0.0,0.0,0.0,0.0,False,True,C:\Users\Owner\Desktop\Fall2023\CSE275\6D Pose\training_data_filtered\training_data\v2.2\1-2-18_color_kinect.png
2-94-19,master_chef_can,39,zinf|x2,370,0.08660486406696277,0.08507706,0.08660486406696277,0.08507706224918365,0.0,0.0,0.0,0.0,False,True,C:\Users\Owner\Desktop\Fall2023\CSE275\6D Pose\training_data_filtered\training_data\v2.2\2-94-19_color_kinect.png
2-46-0,d_toy_airplane,18,zinf,128,0.08656319826102005,0.1309408,0.08656319826102005,0.13094079494476318,0.0,0.0,0.0,0.0,False,True,C:\Users\Owner\Desktop\Fall2023\CSE275\6D Pose\training_data_filtered\training_data\v2.2\2-46-0_color_kinect.png
2-49-11,potted_meat_can,48,z2|x2,763,0.0865591818764495,0.2705812,0.0865591818764495,0.2705811858177185,0.0,0.0,0.0,0.0,False,True,C:\Users\Owner\Desktop\Fall2023\CSE275\6D Pose\training_data_filtered\training_data\v2.2\2-49-11_color_kinect.png
1-86-9,tomato_soup_can,56,zinf|x2,719,0.08653761270360662,0.30907208,0.08653761270360662,0.3090720772743225,0.0,0.0,0.0,0.0,False,True,C:\Users\Owner\Desktop\Fall2023\CSE275\6D Pose\training_data_filtered\training_data\v2.2\1-86-9_color_kinect.png
1-93-18,tomato_soup_can,56,zinf|x2,669,0.08623950563439554,0.27096328,0.08623950563439554,0.27096328139305115,0.0,0.0,0.0,0.0,False,True,C:\Users\Owner\Desktop\Fall2023\CSE275\6D Pose\training_data_filtered\training_data\v2.2\1-93-18_color_kinect.png
1-7-7,master_chef_can,39,zinf|x2,367,0.08587668467165081,0.0758847,0.08587668467165081,0.07588469982147217,0.0,0.0,0.0,0.0,False,True,C:\Users\Owner\Desktop\Fall2023\CSE275\6D Pose\training_data_filtered\training_data\v2.2\1-7-7_color_kinect.png
2-82-14,tomato_soup_can,56,zinf|x2,708,0.08478826754859836,0.207404,0.08478826754859836,0.2074040025472641,0.0,0.0,0.0,0.0,False,True,C:\Users\Owner\Desktop\Fall2023\CSE275\6D Pose\training_data_filtered\training_data\v2.2\2-82-14_color_kinect.png
1-65-16,tomato_soup_can,56,zinf|x2,689,0.08430345781905377,0.2362341,0.08430345781905377,0.23623409867286682,0.0,0.0,0.0,0.0,False,True,C:\Users\Owner\Desktop\Fall2023\CSE275\6D Pose\training_data_filtered\training_data\v2.2\1-65-16_color_kinect.png
1-19-1,master_chef_can,39,zinf|x2,375,0.08408324576304754,0.03982851,0.08408324576304754,0.03982850909233093,0.0,0.0,0.0,0.0,False,True,C:\Users\Owner\Desktop\Fall2023\CSE275\6D Pose\training_data_filtered\training_data\v2.2\1-19-1_color_kinect.png
2-34-12,master_chef_can,39,zinf|x2,372,0.08204307241782437,0.1206594,0.08204307241782437,0.12065940350294113,0.0,0.0,0.0,0.0,False,True,C:\Users\Owner\Desktop\Fall2023\CSE275\6D Pose\training_data_filtered\training_data\v2.2\2-34-12_color_kinect.png
2-11-4,master_chef_can,39,zinf|x2,382,0.08189125982083281,0.16468512,0.08189125982083281,0.16468511521816254,0.0,0.0,0.0,0.0,False,True,C:\Users\Owner\Desktop\Fall2023\CSE275\6D Pose\training_data_filtered\training_data\v2.2\2-11-4_color_kinect.png
2-30-8,bleach_cleanser,8,z2,1575,1.231920883544615,0.25740495,0.08108936219164337,0.12365788098148049,1.1508315213529716,0.13374707225986776,0.24635036496350365,0.1719899583097195,False,True,C:\Users\Owner\Desktop\Fall2023\CSE275\6D Pose\training_data_filtered\training_data\v2.2\2-30-8_color_kinect.png
1-6-13,master_chef_can,39,zinf|x2,373,0.08069375227056501,0.08927604,0.08069375227056501,0.0892760381102562,0.0,0.0,0.0,0.0,False,True,C:\Users\Owner\Desktop\Fall2023\CSE275\6D Pose\training_data_filtered\training_data\v2.2\1-6-13_color_kinect.png
1-99-12,tomato_soup_can,56,zinf|x2,683,0.07899630328277751,0.35886088,0.07899630328277751,0.35886088013648987,0.0,0.0,0.0,0.0,False,True,C:\Users\Owner\Desktop\Fall2023\CSE275\6D Pose\training_data_filtered\training_data\v2.2\1-99-12_color_kinect.png
1-23-6,tomato_soup_can,56,zinf|x2,735,0.07891368873204557,0.1649509,0.07891368873204557,0.1649509072303772,0.0,0.0,0.0,0.0,False,True,C:\Users\Owner\Desktop\Fall2023\CSE275\6D Pose\training_data_filtered\training_data\v2.2\1-23-6_color_kinect.png
1-61-12,tomato_soup_can,56,zinf|x2,691,0.07885571981564712,0.16458516,0.07885571981564712,0.1645851582288742,0.0,0.0,0.0,0.0,False,True,C:\Users\Owner\Desktop\Fall2023\CSE275\6D Pose\training_data_filtered\training_data\v2.2\1-61-12_color_kinect.png
2-21-18,tomato_soup_can,56,zinf|x2,684,0.07846428868247729,0.31075642,0.07846428868247729,0.3107564151287079,0.0,0.0,0.0,0.0,False,True,C:\Users\Owner\Desktop\Fall2023\CSE275\6D Pose\training_data_filtered\training_data\v2.2\2-21-18_color_kinect.png
2-38-17,master_chef_can,39,zinf|x2,72,0.07835201882219728,0.72155976,0.07835201882219728,0.7215597629547119,0.0,0.0,0.0,0.0,False,True,C:\Users\Owner\Desktop\Fall2023\CSE275\6D Pose\training_data_filtered\training_data\v2.2\2-38-17_color_kinect.png
2-84-0,tuna_fish_can,57,zinf|x2,62,0.07804127576788018,0.3859678,0.07804127576788018,0.38596779108047485,0.0,0.0,0.0,0.0,False,True,C:\Users\Owner\Desktop\Fall2023\CSE275\6D Pose\training_data_filtered\training_data\v2.2\2-84-0_color_kinect.png
1-27-10,tomato_soup_can,56,zinf|x2,699,0.077089732567623,0.30618322,0.077089732567623,0.30618321895599365,0.0,0.0,0.0,0.0,False,True,C:\Users\Owner\Desktop\Fall2023\CSE275\6D Pose\training_data_filtered\training_data\v2.2\1-27-10_color_kinect.png
2-11-3,master_chef_can,39,zinf|x2,384,0.0763429330263206,0.16956429,0.0763429330263206,0.16956429183483124,0.0,0.0,0.0,0.0,False,True,C:\Users\Owner\Desktop\Fall2023\CSE275\6D Pose\training_data_filtered\training_data\v2.2\2-11-3_color_kinect.png
2-7-8,master_chef_can,39,zinf|x2,375,0.07571169143673796,0.06668942,0.07571169143673796,0.06668941676616669,0.0,0.0,0.0,0.0,False,True,C:\Users\Owner\Desktop\Fall2023\CSE275\6D Pose\training_data_filtered\training_data\v2.2\2-7-8_color_kinect.png
1-21-8,tomato_soup_can,56,zinf|x2,714,0.07486464068800185,0.16684194,0.07486464068800185,0.16684193909168243,0.0,0.0,0.0,0.0,False,True,C:\Users\Owner\Desktop\Fall2023\CSE275\6D Pose\training_data_filtered\training_data\v2.2\1-21-8_color_kinect.png
2-93-4,master_chef_can,39,zinf|x2,245,0.07451266716662647,0.23003055,0.07451266716662647,0.23003055155277252,0.0,0.0,0.0,0.0,False,True,C:\Users\Owner\Desktop\Fall2023\CSE275\6D Pose\training_data_filtered\training_data\v2.2\2-93-4_color_kinect.png
1-1-16,master_chef_can,39,zinf|x2,367,0.07304345492896737,0.07914011,0.07304345492896737,0.07914011180400848,0.0,0.0,0.0,0.0,False,True,C:\Users\Owner\Desktop\Fall2023\CSE275\6D Pose\training_data_filtered\training_data\v2.2\1-1-16_color_kinect.png
2-54-15,tomato_soup_can,56,zinf|x2,673,0.07290691059327334,0.18313769,0.07290691059327334,0.1831376850605011,0.0,0.0,0.0,0.0,False,True,C:\Users\Owner\Desktop\Fall2023\CSE275\6D Pose\training_data_filtered\training_data\v2.2\2-54-15_color_kinect.png
1-60-16,tomato_soup_can,56,zinf|x2,720,0.07245122029506286,0.15629065,0.07245122029506286,0.15629065036773682,0.0,0.0,0.0,0.0,False,True,C:\Users\Owner\Desktop\Fall2023\CSE275\6D Pose\training_data_filtered\training_data\v2.2\1-60-16_color_kinect.png
2-7-6,tuna_fish_can,57,zinf|x2,131,0.07236358334453788,0.026849028,0.07236358334453788,0.02684902772307396,0.0,0.0,0.0,0.0,False,True,C:\Users\Owner\Desktop\Fall2023\CSE275\6D Pose\training_data_filtered\training_data\v2.2\2-7-6_color_kinect.png
2-13-10,master_chef_can,39,zinf|x2,382,0.09567541757525609,0.27874318,0.0721552978722822,0.10646570861323437,0.023520119702973893,0.17227746903912464,0.3475783475783476,0.16900664338376298,False,True,C:\Users\Owner\Desktop\Fall2023\CSE275\6D Pose\training_data_filtered\training_data\v2.2\2-13-10_color_kinect.png
1-57-10,tomato_soup_can,56,zinf|x2,693,0.07215519876425723,0.17827247,0.07215519876425723,0.17827247083187103,0.0,0.0,0.0,0.0,False,True,C:\Users\Owner\Desktop\Fall2023\CSE275\6D Pose\training_data_filtered\training_data\v2.2\1-57-10_color_kinect.png
2-4-10,master_chef_can,39,zinf|x2,359,0.07118030979329143,0.08430303,0.07118030979329143,0.08430302888154984,0.0,0.0,0.0,0.0,False,True,C:\Users\Owner\Desktop\Fall2023\CSE275\6D Pose\training_data_filtered\training_data\v2.2\2-4-10_color_kinect.png
1-24-8,tuna_fish_can,57,zinf|x2,128,0.07102354005186853,0.14237721,0.07102354005186853,0.14237721264362335,0.0,0.0,0.0,0.0,False,True,C:\Users\Owner\Desktop\Fall2023\CSE275\6D Pose\training_data_filtered\training_data\v2.2\1-24-8_color_kinect.png
2-74-5,master_chef_can,39,zinf|x2,365,0.07064145135845584,0.13084653,0.07064145135845584,0.1308465301990509,0.0,0.0,0.0,0.0,False,True,C:\Users\Owner\Desktop\Fall2023\CSE275\6D Pose\training_data_filtered\training_data\v2.2\2-74-5_color_kinect.png
1-46-6,master_chef_can,39,zinf|x2,375,0.07063404451010116,0.09582988,0.07063404451010116,0.09582988172769547,0.0,0.0,0.0,0.0,False,True,C:\Users\Owner\Desktop\Fall2023\CSE275\6D Pose\training_data_filtered\training_data\v2.2\1-46-6_color_kinect.png
1-95-11,tomato_soup_can,56,zinf|x2,713,0.06866027431357488,0.31710383,0.06866027431357488,0.3171038329601288,0.0,0.0,0.0,0.0,False,True,C:\Users\Owner\Desktop\Fall2023\CSE275\6D Pose\training_data_filtered\training_data\v2.2\1-95-11_color_kinect.png
1-50-8,master_chef_can,39,zinf|x2,382,0.06848237947020742,0.21016747,0.06848237947020742,0.21016746759414673,0.0,0.0,0.0,0.0,False,True,C:\Users\Owner\Desktop\Fall2023\CSE275\6D Pose\training_data_filtered\training_data\v2.2\1-50-8_color_kinect.png
1-7-6,master_chef_can,39,zinf|x2,378,0.06815466684339626,0.10466255,0.06815466684339626,0.10466255247592926,0.0,0.0,0.0,0.0,False,True,C:\Users\Owner\Desktop\Fall2023\CSE275\6D Pose\training_data_filtered\training_data\v2.2\1-7-6_color_kinect.png
1-84-16,tomato_soup_can,56,zinf|x2,663,0.06582586674528605,0.20696673,0.06582586674528605,0.20696672797203064,0.0,0.0,0.0,0.0,False,True,C:\Users\Owner\Desktop\Fall2023\CSE275\6D Pose\training_data_filtered\training_data\v2.2\1-84-16_color_kinect.png
2-77-11,d_toy_airplane,18,zinf,127,0.062210048818191345,0.21716167,0.062210048818191345,0.21716167032718658,0.0,0.0,0.0,0.0,False,True,C:\Users\Owner\Desktop\Fall2023\CSE275\6D Pose\training_data_filtered\training_data\v2.2\2-77-11_color_kinect.png
1-24-8,tomato_soup_can,56,zinf|x2,714,0.060230719450548996,0.16491978,0.060230719450548996,0.16491977870464325,0.0,0.0,0.0,0.0,False,True,C:\Users\Owner\Desktop\Fall2023\CSE275\6D Pose\training_data_filtered\training_data\v2.2\1-24-8_color_kinect.png
2-26-15,tomato_soup_can,56,zinf|x2,555,0.05977767325519872,0.31794873,0.05977767325519872,0.31794872879981995,0.0,0.0,0.0,0.0,False,True,C:\Users\Owner\Desktop\Fall2023\CSE275\6D Pose\training_data_filtered\training_data\v2.2\2-26-15_color_kinect.png
1-54-6,potted_meat_can,48,z2|x2,807,0.058900505962816256,0.21876374,0.058900505962816256,0.21876373887062073,0.0,0.0,0.0,0.0,False,True,C:\Users\Owner\Desktop\Fall2023\CSE275\6D Pose\training_data_filtered\training_data\v2.2\1-54-6_color_kinect.png
1-87-20,tomato_soup_can,56,zinf|x2,715,0.05885104022000969,0.20791325,0.05885104022000969,0.20791324973106384,0.0,0.0,0.0,0.0,False,True,C:\Users\Owner\Desktop\Fall2023\CSE275\6D Pose\training_data_filtered\training_data\v2.2\1-87-20_color_kinect.png
2-52-0,tomato_soup_can,56,zinf|x2,708,0.05827262904279905,0.20796081,0.05827262904279905,0.2079608142375946,0.0,0.0,0.0,0.0,False,True,C:\Users\Owner\Desktop\Fall2023\CSE275\6D Pose\training_data_filtered\training_data\v2.2\2-52-0_color_kinect.png
2-71-10,master_chef_can,39,zinf|x2,364,0.054956823674042386,0.103849836,0.054956823674042386,0.10384983569383621,0.0,0.0,0.0,0.0,False,True,C:\Users\Owner\Desktop\Fall2023\CSE275\6D Pose\training_data_filtered\training_data\v2.2\2-71-10_color_kinect.png
1-26-17,tomato_soup_can,56,zinf|x2,710,0.054841808709733424,0.080726095,0.054841808709733424,0.08072609454393387,0.0,0.0,0.0,0.0,False,True,C:\Users\Owner\Desktop\Fall2023\CSE275\6D Pose\training_data_filtered\training_data\v2.2\1-26-17_color_kinect.png
1-27-6,tomato_soup_can,56,zinf|x2,701,0.05332998669674865,0.07214493,0.05332998669674865,0.07214493304491043,0.0,0.0,0.0,0.0,False,True,C:\Users\Owner\Desktop\Fall2023\CSE275\6D Pose\training_data_filtered\training_data\v2.2\1-27-6_color_kinect.png
2-22-1,master_chef_can,39,zinf|x2,373,0.05286936573200459,0.0880906,0.05286936573200459,0.08809059858322144,0.0,0.0,0.0,0.0,False,True,C:\Users\Owner\Desktop\Fall2023\CSE275\6D Pose\training_data_filtered\training_data\v2.2\2-22-1_color_kinect.png
2-35-7,master_chef_can,39,zinf|x2,375,0.052256926193371245,0.10745865,0.052256926193371245,0.10745865106582642,0.0,0.0,0.0,0.0,False,True,C:\Users\Owner\Desktop\Fall2023\CSE275\6D Pose\training_data_filtered\training_data\v2.2\2-35-7_color_kinect.png
1-20-2,master_chef_can,39,zinf|x2,355,0.051902128374562644,0.19857155,0.051902128374562644,0.19857154786586761,0.0,0.0,0.0,0.0,False,True,C:\Users\Owner\Desktop\Fall2023\CSE275\6D Pose\training_data_filtered\training_data\v2.2\1-20-2_color_kinect.png
1-29-2,tomato_soup_can,56,zinf|x2,684,0.05114026946783235,0.24207172,0.05114026946783235,0.2420717179775238,0.0,0.0,0.0,0.0,False,True,C:\Users\Owner\Desktop\Fall2023\CSE275\6D Pose\training_data_filtered\training_data\v2.2\1-29-2_color_kinect.png
2-80-11,d_toy_airplane,18,zinf,140,0.050941504827970115,0.4890854,0.050941504827970115,0.4890854060649872,0.0,0.0,0.0,0.0,False,True,C:\Users\Owner\Desktop\Fall2023\CSE275\6D Pose\training_data_filtered\training_data\v2.2\2-80-11_color_kinect.png
1-41-5,master_chef_can,39,zinf|x2,363,0.05033953277305794,0.09290516,0.05033953277305794,0.09290515631437302,0.0,0.0,0.0,0.0,False,True,C:\Users\Owner\Desktop\Fall2023\CSE275\6D Pose\training_data_filtered\training_data\v2.2\1-41-5_color_kinect.png
1-48-15,master_chef_can,39,zinf|x2,381,0.047705345352257345,0.08126478,0.047705345352257345,0.08126477897167206,0.0,0.0,0.0,0.0,False,True,C:\Users\Owner\Desktop\Fall2023\CSE275\6D Pose\training_data_filtered\training_data\v2.2\1-48-15_color_kinect.png
1-3-11,master_chef_can,39,zinf|x2,355,0.04645333574090632,0.15455414,0.04645333574090632,0.15455414354801178,0.0,0.0,0.0,0.0,False,True,C:\Users\Owner\Desktop\Fall2023\CSE275\6D Pose\training_data_filtered\training_data\v2.2\1-3-11_color_kinect.png
1-1-15,master_chef_can,39,zinf|x2,377,0.04631897494440094,0.057838257,0.04631897494440094,0.057838257402181625,0.0,0.0,0.0,0.0,False,True,C:\Users\Owner\Desktop\Fall2023\CSE275\6D Pose\training_data_filtered\training_data\v2.2\1-1-15_color_kinect.png
1-69-3,tomato_soup_can,56,zinf|x2,694,0.04588775594970409,0.18387604,0.04588775594970409,0.18387603759765625,0.0,0.0,0.0,0.0,False,True,C:\Users\Owner\Desktop\Fall2023\CSE275\6D Pose\training_data_filtered\training_data\v2.2\1-69-3_color_kinect.png
2-38-4,master_chef_can,39,zinf|x2,218,0.044516862426632005,0.42741483,0.044516862426632005,0.42741483449935913,0.0,0.0,0.0,0.0,False,True,C:\Users\Owner\Desktop\Fall2023\CSE275\6D Pose\training_data_filtered\training_data\v2.2\2-38-4_color_kinect.png
2-80-11,master_chef_can,39,zinf|x2,366,0.04437375742256056,0.17022297,0.04437375742256056,0.17022296786308289,0.0,0.0,0.0,0.0,False,True,C:\Users\Owner\Desktop\Fall2023\CSE275\6D Pose\training_data_filtered\training_data\v2.2\2-80-11_color_kinect.png
1-46-7,master_chef_can,39,zinf|x2,382,0.04424751399702834,0.25001633,0.04424751399702834,0.25001633167266846,0.0,0.0,0.0,0.0,False,True,C:\Users\Owner\Desktop\Fall2023\CSE275\6D Pose\training_data_filtered\training_data\v2.2\1-46-7_color_kinect.png
2-9-10,master_chef_can,39,zinf|x2,366,0.04344319871511251,0.15006457,0.04344319871511251,0.15006457269191742,0.0,0.0,0.0,0.0,False,True,C:\Users\Owner\Desktop\Fall2023\CSE275\6D Pose\training_data_filtered\training_data\v2.2\2-9-10_color_kinect.png
1-86-0,gelatin_box,30,z2|x2,551,5.833480022750247,0.19731802,0.04308960396151075,0.11011072013301433,5.790390418788736,0.08720729734974324,0.35714285714285715,0.1689344627655794,False,True,C:\Users\Owner\Desktop\Fall2023\CSE275\6D Pose\training_data_filtered\training_data\v2.2\1-86-0_color_kinect.png
2-22-1,tomato_soup_can,56,zinf|x2,605,0.04211617186568949,0.70361924,0.04211617186568949,0.7036192417144775,0.0,0.0,0.0,0.0,False,True,C:\Users\Owner\Desktop\Fall2023\CSE275\6D Pose\training_data_filtered\training_data\v2.2\2-22-1_color_kinect.png
2-72-13,master_chef_can,39,zinf|x2,368,0.041916069546432,0.25792333,0.041916069546432,0.25792333483695984,0.0,0.0,0.0,0.0,False,True,C:\Users\Owner\Desktop\Fall2023\CSE275\6D Pose\training_data_filtered\training_data\v2.2\2-72-13_color_kinect.png
1-4-17,jenga,35,z2|x2,642,0.3059898844367224,0.1848821,0.041730092352955536,0.09880863158173117,0.2642597920837669,0.0860734728150889,0.3142329020332717,0.16769880663626854,False,True,C:\Users\Owner\Desktop\Fall2023\CSE275\6D Pose\training_data_filtered\training_data\v2.2\1-4-17_color_kinect.png
2-26-17,master_chef_can,39,zinf|x2,372,0.041301829026611794,0.040184364,0.041301829026611794,0.04018436372280121,0.0,0.0,0.0,0.0,False,True,C:\Users\Owner\Desktop\Fall2023\CSE275\6D Pose\training_data_filtered\training_data\v2.2\2-26-17_color_kinect.png
2-23-8,tomato_soup_can,56,zinf|x2,687,0.040879292294933436,0.182782,0.040879292294933436,0.18278199434280396,0.0,0.0,0.0,0.0,False,True,C:\Users\Owner\Desktop\Fall2023\CSE275\6D Pose\training_data_filtered\training_data\v2.2\2-23-8_color_kinect.png
1-49-1,master_chef_can,39,zinf|x2,379,0.040088599502831244,0.1663941,0.040088599502831244,0.16639409959316254,0.0,0.0,0.0,0.0,False,True,C:\Users\Owner\Desktop\Fall2023\CSE275\6D Pose\training_data_filtered\training_data\v2.2\1-49-1_color_kinect.png
1-84-19,tomato_soup_can,56,zinf|x2,700,0.04002328995195133,0.14622715,0.04002328995195133,0.1462271511554718,0.0,0.0,0.0,0.0,False,True,C:\Users\Owner\Desktop\Fall2023\CSE275\6D Pose\training_data_filtered\training_data\v2.2\1-84-19_color_kinect.png
2-13-3,master_chef_can,39,zinf|x2,375,0.03950534916644202,0.13976525,0.03950534916644202,0.13976524770259857,0.0,0.0,0.0,0.0,False,True,C:\Users\Owner\Desktop\Fall2023\CSE275\6D Pose\training_data_filtered\training_data\v2.2\2-13-3_color_kinect.png
1-56-10,tomato_soup_can,56,zinf|x2,703,0.03833419650133498,0.17269507,0.03833419650133498,0.1726950705051422,0.0,0.0,0.0,0.0,False,True,C:\Users\Owner\Desktop\Fall2023\CSE275\6D Pose\training_data_filtered\training_data\v2.2\1-56-10_color_kinect.png
2-23-9,tomato_soup_can,56,zinf|x2,681,0.036833010272821924,0.11843846,0.036833010272821924,0.11843845993280411,0.0,0.0,0.0,0.0,False,True,C:\Users\Owner\Desktop\Fall2023\CSE275\6D Pose\training_data_filtered\training_data\v2.2\2-23-9_color_kinect.png
1-54-6,tomato_soup_can,56,zinf|x2,710,0.03600953097324252,0.1733504,0.03600953097324252,0.17335039377212524,0.0,0.0,0.0,0.0,False,True,C:\Users\Owner\Desktop\Fall2023\CSE275\6D Pose\training_data_filtered\training_data\v2.2\1-54-6_color_kinect.png
1-53-14,tomato_soup_can,56,zinf|x2,691,0.035337326927029296,0.12261629,0.035337326927029296,0.12261629104614258,0.0,0.0,0.0,0.0,False,True,C:\Users\Owner\Desktop\Fall2023\CSE275\6D Pose\training_data_filtered\training_data\v2.2\1-53-14_color_kinect.png
2-55-10,tomato_soup_can,56,zinf|x2,718,0.03509147156338012,0.14225578,0.03509147156338012,0.1422557830810547,0.0,0.0,0.0,0.0,False,True,C:\Users\Owner\Desktop\Fall2023\CSE275\6D Pose\training_data_filtered\training_data\v2.2\2-55-10_color_kinect.png
1-44-3,master_chef_can,39,zinf|x2,364,0.034587713594811144,0.041411404,0.034587713594811144,0.04141140356659889,0.0,0.0,0.0,0.0,False,True,C:\Users\Owner\Desktop\Fall2023\CSE275\6D Pose\training_data_filtered\training_data\v2.2\1-44-3_color_kinect.png
2-26-15,master_chef_can,39,zinf|x2,219,0.03384902578444329,0.7267406,0.03384902578444329,0.7267405986785889,0.0,0.0,0.0,0.0,False,True,C:\Users\Owner\Desktop\Fall2023\CSE275\6D Pose\training_data_filtered\training_data\v2.2\2-26-15_color_kinect.png
1-49-20,master_chef_can,39,zinf|x2,374,0.03368803109910166,0.0642525,0.03368803109910166,0.06425250321626663,0.0,0.0,0.0,0.0,False,True,C:\Users\Owner\Desktop\Fall2023\CSE275\6D Pose\training_data_filtered\training_data\v2.2\1-49-20_color_kinect.png
1-15-15,master_chef_can,39,zinf|x2,330,0.033575178736961656,0.41466784,0.033575178736961656,0.41466784477233887,0.0,0.0,0.0,0.0,False,True,C:\Users\Owner\Desktop\Fall2023\CSE275\6D Pose\training_data_filtered\training_data\v2.2\1-15-15_color_kinect.png
1-18-12,master_chef_can,39,zinf|x2,371,0.03335283041108761,0.10407391,0.03335283041108761,0.1040739119052887,0.0,0.0,0.0,0.0,False,True,C:\Users\Owner\Desktop\Fall2023\CSE275\6D Pose\training_data_filtered\training_data\v2.2\1-18-12_color_kinect.png
1-29-11,tomato_soup_can,56,zinf|x2,706,0.031884108645216014,0.26336712,0.031884108645216014,0.2633671164512634,0.0,0.0,0.0,0.0,False,True,C:\Users\Owner\Desktop\Fall2023\CSE275\6D Pose\training_data_filtered\training_data\v2.2\1-29-11_color_kinect.png
2-25-7,tomato_soup_can,56,zinf|x2,699,0.031264247065793754,0.24075289,0.031264247065793754,0.24075289070606232,0.0,0.0,0.0,0.0,False,True,C:\Users\Owner\Desktop\Fall2023\CSE275\6D Pose\training_data_filtered\training_data\v2.2\2-25-7_color_kinect.png
1-57-11,tomato_soup_can,56,zinf|x2,648,0.030187740704772457,0.13313723,0.030187740704772457,0.13313722610473633,0.0,0.0,0.0,0.0,False,True,C:\Users\Owner\Desktop\Fall2023\CSE275\6D Pose\training_data_filtered\training_data\v2.2\1-57-11_color_kinect.png
1-61-14,tomato_soup_can,56,zinf|x2,681,0.030108934344736972,0.27475372,0.030108934344736972,0.27475371956825256,0.0,0.0,0.0,0.0,False,True,C:\Users\Owner\Desktop\Fall2023\CSE275\6D Pose\training_data_filtered\training_data\v2.2\1-61-14_color_kinect.png
1-12-2,master_chef_can,39,zinf|x2,337,0.029660492953738356,0.36224803,0.029660492953738356,0.362248033285141,0.0,0.0,0.0,0.0,False,True,C:\Users\Owner\Desktop\Fall2023\CSE275\6D Pose\training_data_filtered\training_data\v2.2\1-12-2_color_kinect.png
1-8-1,master_chef_can,39,zinf|x2,375,0.029466468313747884,0.121957414,0.029466468313747884,0.12195741385221481,0.0,0.0,0.0,0.0,False,True,C:\Users\Owner\Desktop\Fall2023\CSE275\6D Pose\training_data_filtered\training_data\v2.2\1-8-1_color_kinect.png
1-61-4,tomato_soup_can,56,zinf|x2,704,0.02859725567232356,0.18316782,0.02859725567232356,0.18316781520843506,0.0,0.0,0.0,0.0,False,True,C:\Users\Owner\Desktop\Fall2023\CSE275\6D Pose\training_data_filtered\training_data\v2.2\1-61-4_color_kinect.png
1-13-11,master_chef_can,39,zinf|x2,381,0.02856314641269128,0.11911966,0.02856314641269128,0.11911965906620026,0.0,0.0,0.0,0.0,False,True,C:\Users\Owner\Desktop\Fall2023\CSE275\6D Pose\training_data_filtered\training_data\v2.2\1-13-11_color_kinect.png
1-91-8,tomato_soup_can,56,zinf|x2,683,0.02798256447750656,0.13432671,0.02798256447750656,0.13432671129703522,0.0,0.0,0.0,0.0,False,True,C:\Users\Owner\Desktop\Fall2023\CSE275\6D Pose\training_data_filtered\training_data\v2.2\1-91-8_color_kinect.png
2-11-4,bleach_cleanser,8,z2,1596,0.26661056840434055,0.25363767,0.027183772570763577,0.11005289389747698,0.23942679583357698,0.14358477757316512,0.24306569343065693,0.1728714479282993,False,True,C:\Users\Owner\Desktop\Fall2023\CSE275\6D Pose\training_data_filtered\training_data\v2.2\2-11-4_color_kinect.png
2-1-6,master_chef_can,39,zinf|x2,369,0.026488259157508496,0.10111104,0.026488259157508496,0.10111103951931,0.0,0.0,0.0,0.0,False,True,C:\Users\Owner\Desktop\Fall2023\CSE275\6D Pose\training_data_filtered\training_data\v2.2\2-1-6_color_kinect.png
1-54-18,tomato_soup_can,56,zinf|x2,699,0.02557399401529983,0.27606758,0.02557399401529983,0.2760675847530365,0.0,0.0,0.0,0.0,False,True,C:\Users\Owner\Desktop\Fall2023\CSE275\6D Pose\training_data_filtered\training_data\v2.2\1-54-18_color_kinect.png
1-87-19,tomato_soup_can,56,zinf|x2,726,0.02396977040702786,0.11863396,0.02396977040702786,0.11863396316766739,0.0,0.0,0.0,0.0,False,True,C:\Users\Owner\Desktop\Fall2023\CSE275\6D Pose\training_data_filtered\training_data\v2.2\1-87-19_color_kinect.png
1-51-11,tomato_soup_can,56,zinf|x2,704,0.021987268220409136,0.17584851,0.021987268220409136,0.17584851384162903,0.0,0.0,0.0,0.0,False,True,C:\Users\Owner\Desktop\Fall2023\CSE275\6D Pose\training_data_filtered\training_data\v2.2\1-51-11_color_kinect.png
2-80-6,master_chef_can,39,zinf|x2,376,0.019774010934037498,0.07008657,0.019774010934037498,0.07008656859397888,0.0,0.0,0.0,0.0,False,True,C:\Users\Owner\Desktop\Fall2023\CSE275\6D Pose\training_data_filtered\training_data\v2.2\2-80-6_color_kinect.png
2-74-10,master_chef_can,39,zinf|x2,358,0.018448539574247084,0.1102587,0.018448539574247084,0.11025869846343994,0.0,0.0,0.0,0.0,False,True,C:\Users\Owner\Desktop\Fall2023\CSE275\6D Pose\training_data_filtered\training_data\v2.2\2-74-10_color_kinect.png
2-84-0,tomato_soup_can,56,zinf|x2,715,0.01772743720926861,0.0864598,0.01772743720926861,0.08645980060100555,0.0,0.0,0.0,0.0,False,True,C:\Users\Owner\Desktop\Fall2023\CSE275\6D Pose\training_data_filtered\training_data\v2.2\2-84-0_color_kinect.png
1-97-13,tomato_soup_can,56,zinf|x2,692,0.017271575383583097,0.2698441,0.017271575383583097,0.269844114780426,0.0,0.0,0.0,0.0,False,True,C:\Users\Owner\Desktop\Fall2023\CSE275\6D Pose\training_data_filtered\training_data\v2.2\1-97-13_color_kinect.png
2-14-17,master_chef_can,39,zinf|x2,376,0.012381695547588514,0.11322606,0.012381695547588514,0.11322606354951859,0.0,0.0,0.0,0.0,False,True,C:\Users\Owner\Desktop\Fall2023\CSE275\6D Pose\training_data_filtered\training_data\v2.2\2-14-17_color_kinect.png
1-67-18,tomato_soup_can,56,zinf|x2,738,0.00795028372191876,0.35247022,0.00795028372191876,0.3524702191352844,0.0,0.0,0.0,0.0,False,True,C:\Users\Owner\Desktop\Fall2023\CSE275\6D Pose\training_data_filtered\training_data\v2.2\1-67-18_color_kinect.png
1-82-18,tomato_soup_can,56,zinf|x2,710,0.0,0.16481546,0.0,0.16481545567512512,0.0,0.0,0.0,0.0,False,True,C:\Users\Owner\Desktop\Fall2023\CSE275\6D Pose\training_data_filtered\training_data\v2.2\1-82-18_color_kinect.png
2-8-3,mustard_bottle,42,z2,877,2.0591327398585078,0.24393076,0.0,0.15100001390542006,2.0591327398585078,0.09293074314032579,0.2399232245681382,0.17054736119463304,False,True,C:\Users\Owner\Desktop\Fall2023\CSE275\6D Pose\training_data_filtered\training_data\v2.2\2-8-3_color_kinect.png
1-95-15,tomato_soup_can,56,zinf|x2,691,0.0,0.14573929,0.0,0.14573928713798523,0.0,0.0,0.0,0.0,False,True,C:\Users\Owner\Desktop\Fall2023\CSE275\6D Pose\training_data_filtered\training_data\v2.2\1-95-15_color_kinect.png
2-60-7,tomato_soup_can,56,zinf|x2,699,0.0,0.12929322,0.0,0.12929321825504303,0.0,0.0,0.0,0.0,False,True,C:\Users\Owner\Desktop\Fall2023\CSE275\6D Pose\training_data_filtered\training_data\v2.2\2-60-7_color_kinect.png
