scene,object_name,object_id,symmetry,valid_points,pointnet_rot_deg,pointnet_trans_cm,final_rot_deg,final_trans_cm,icp_rot_improvement_deg,icp_trans_improvement_cm,icp_fitness,icp_rmse_cm,icp_quarter_turn_used,final_pass_5deg_1cm,rgb_path
2-90-11,mustard_bottle,42,z2,979,103.84064824281513,1.6496161,103.84064824281513,1.6496161222457886,0.0,0.0,0.0,0.0,False,False,C:\Users\Owner\Desktop\Fall2023\CSE275\6D Pose\training_data_filtered\training_data\v2.2\2-90-11_color_kinect.png
2-6-3,mustard_bottle,42,z2,1078,103.54447142355217,2.1618588,103.54447142355217,2.1618587970733643,0.0,0.0,0.0,0.0,False,False,C:\Users\Owner\Desktop\Fall2023\CSE275\6D Pose\training_data_filtered\training_data\v2.2\2-6-3_color_kinect.png
2-60-7,foam_brick,26,z2|x4|y2,369,89.6398997029706,0.53068435,89.6398997029706,0.5306843519210815,0.0,0.0,0.0,0.0,False,False,C:\Users\Owner\Desktop\Fall2023\CSE275\6D Pose\training_data_filtered\training_data\v2.2\2-60-7_color_kinect.png
2-72-13,sugar_box,55,z2|x2,85,88.48036204467405,1.5983324,88.48036204467405,1.598332405090332,0.0,0.0,0.0,0.0,False,False,C:\Users\Owner\Desktop\Fall2023\CSE275\6D Pose\training_data_filtered\training_data\v2.2\2-72-13_color_kinect.png
2-26-13,gelatin_box,30,z2|x2,530,87.84180582900494,0.98031217,87.84180582900494,0.980312168598175,0.0,0.0,0.0,0.0,False,False,C:\Users\Owner\Desktop\Fall2023\CSE275\6D Pose\training_data_filtered\training_data\v2.2\2-26-13_color_kinect.png
2-13-3,tuna_fish_can,57,zinf|x2,144,87.05770136313694,0.7462892,87.05770136313694,0.7462891936302185,0.0,0.0,0.0,0.0,False,False,C:\Users\Owner\Desktop\Fall2023\CSE275\6D Pose\training_data_filtered\training_data\v2.2\2-13-3_color_kinect.png
2-34-3,master_chef_can,39,zinf|x2,369,86.91446054464433,0.1083861,86.91446054464433,0.1083860993385315,0.0,0.0,0.0,0.0,False,False,C:\Users\Owner\Desktop\Fall2023\CSE275\6D Pose\training_data_filtered\training_data\v2.2\2-34-3_color_kinect.png
2-6-3,bleach_cleanser,8,z2,1537,86.13488364182659,2.0421245,86.13488364182659,2.0421245098114014,0.0,0.0,0.0,0.0,False,False,C:\Users\Owner\Desktop\Fall2023\CSE275\6D Pose\training_data_filtered\training_data\v2.2\2-6-3_color_kinect.png
1-51-4,tomato_soup_can,56,zinf|x2,736,85.80895815896832,0.34334022,85.80895815896832,0.3433402180671692,0.0,0.0,0.0,0.0,False,False,C:\Users\Owner\Desktop\Fall2023\CSE275\6D Pose\training_data_filtered\training_data\v2.2\1-51-4_color_kinect.png
2-7-8,tuna_fish_can,57,zinf|x2,73,84.88002446010209,0.533366,84.88002446010209,0.5333660244941711,0.0,0.0,0.0,0.0,False,False,C:\Users\Owner\Desktop\Fall2023\CSE275\6D Pose\training_data_filtered\training_data\v2.2\2-7-8_color_kinect.png
2-77-11,mustard_bottle,42,z2,1141,84.13902366744966,2.0660245,84.13902366744966,2.0660245418548584,0.0,0.0,0.0,0.0,False,False,C:\Users\Owner\Desktop\Fall2023\CSE275\6D Pose\training_data_filtered\training_data\v2.2\2-77-11_color_kinect.png
2-93-13,master_chef_can,39,zinf|x2,374,83.55923773102374,0.28473473,83.55923773102374,0.28473472595214844,0.0,0.0,0.0,0.0,False,False,C:\Users\Owner\Desktop\Fall2023\CSE275\6D Pose\training_data_filtered\training_data\v2.2\2-93-13_color_kinect.png
2-94-3,wood_block,58,z2|y2|x4,178,75.10742762115062,1.8226184,79.38685553625028,2.2306423052681192,-4.27942791509966,-0.4080239399803385,0.029723991507430998,0.14118298810909044,False,False,C:\Users\Owner\Desktop\Fall2023\CSE275\6D Pose\training_data_filtered\training_data\v2.2\2-94-3_color_kinect.png
2-7-10,sugar_box,55,z2|x2,135,76.38441552724896,3.0769472,76.38441552724896,3.0769472122192383,0.0,0.0,0.0,0.0,False,False,C:\Users\Owner\Desktop\Fall2023\CSE275\6D Pose\training_data_filtered\training_data\v2.2\2-7-10_color_kinect.png
1-56-10,pudding_box,51,z2|x2,74,79.90976785707645,1.4361455,75.334394876614,1.4080392275977438,4.575372980462447,0.02810631645438022,0.09749303621169916,0.16796538907289524,False,False,C:\Users\Owner\Desktop\Fall2023\CSE275\6D Pose\training_data_filtered\training_data\v2.2\1-56-10_color_kinect.png
2-22-1,pudding_box,51,z2|x2,200,81.0306072045682,0.9462933,74.0321475270453,0.8150682490969917,6.998459677522902,0.13122504533278734,0.07520891364902507,0.1725694816421883,False,False,C:\Users\Owner\Desktop\Fall2023\CSE275\6D Pose\training_data_filtered\training_data\v2.2\2-22-1_color_kinect.png
2-26-13,pudding_box,51,z2|x2,157,79.32716036096836,1.1903777,73.83640312791069,1.500385441438329,5.490757233057678,-0.3100077291885732,0.06406685236768803,0.12021229955749202,False,False,C:\Users\Owner\Desktop\Fall2023\CSE275\6D Pose\training_data_filtered\training_data\v2.2\2-26-13_color_kinect.png
2-11-3,tuna_fish_can,57,zinf|x2,138,78.17531955117354,0.8141544,70.0978819461082,0.7584473557848139,8.077437605065342,0.055707030735571816,0.12077294685990338,0.16269131657047772,False,False,C:\Users\Owner\Desktop\Fall2023\CSE275\6D Pose\training_data_filtered\training_data\v2.2\2-11-3_color_kinect.png
1-97-1,tomato_soup_can,56,zinf|x2,705,61.54681353425746,0.5986253,61.54681353425746,0.5986253023147583,0.0,0.0,0.0,0.0,False,False,C:\Users\Owner\Desktop\Fall2023\CSE275\6D Pose\training_data_filtered\training_data\v2.2\1-97-1_color_kinect.png
2-7-18,e_toy_airplane,21,z2,136,50.073669765197465,1.3244948,50.073669765197465,1.3244948387145996,0.0,0.0,0.0,0.0,False,False,C:\Users\Owner\Desktop\Fall2023\CSE275\6D Pose\training_data_filtered\training_data\v2.2\2-7-18_color_kinect.png
2-19-6,mustard_bottle,42,z2,919,47.106712724512725,0.3193559,47.106712724512725,0.31935590505599976,0.0,0.0,0.0,0.0,False,False,C:\Users\Owner\Desktop\Fall2023\CSE275\6D Pose\training_data_filtered\training_data\v2.2\2-19-6_color_kinect.png
2-77-11,gelatin_box,30,z2|x2,126,40.367852039560866,1.5158131,40.367852039560866,1.5158131122589111,0.0,0.0,0.0,0.0,False,False,C:\Users\Owner\Desktop\Fall2023\CSE275\6D Pose\training_data_filtered\training_data\v2.2\2-77-11_color_kinect.png
2-35-10,mustard_bottle,42,z2,338,30.520887371017047,1.1966039,38.20203562029061,1.4513397993329236,-7.681148249273562,-0.25473590509921995,0.03502879078694818,0.18199486960162692,False,False,C:\Users\Owner\Desktop\Fall2023\CSE275\6D Pose\training_data_filtered\training_data\v2.2\2-35-10_color_kinect.png
2-59-12,mustard_bottle,42,z2,1071,23.236338986146173,0.06669806,22.201040475036095,0.110399550910091,1.0352985111100779,-0.04370149147043188,0.15499040307101727,0.1779117084580667,False,False,C:\Users\Owner\Desktop\Fall2023\CSE275\6D Pose\training_data_filtered\training_data\v2.2\2-59-12_color_kinect.png
2-13-3,c_toy_airplane,13,zinf,56,14.787379104996297,0.84910786,18.16127256530151,1.086915192957724,-3.3738934603052115,-0.23780733143886423,0.10025706940874037,0.1730122663723238,False,False,C:\Users\Owner\Desktop\Fall2023\CSE275\6D Pose\training_data_filtered\training_data\v2.2\2-13-3_color_kinect.png
1-42-6,pudding_box,51,z2|x2,104,16.10960347860496,0.8452868,16.542250084215546,0.6299321223659218,-0.43264660561058577,0.21535466419032212,0.14484679665738162,0.16825820837028133,False,False,C:\Users\Owner\Desktop\Fall2023\CSE275\6D Pose\training_data_filtered\training_data\v2.2\1-42-6_color_kinect.png
2-4-5,e_toy_airplane,21,z2,54,9.282167292532462,0.35258242,15.690939351197843,0.2312813671528022,-6.408772058665381,0.1213010577262719,0.13592233009708737,0.18043076923670026,False,False,C:\Users\Owner\Desktop\Fall2023\CSE275\6D Pose\training_data_filtered\training_data\v2.2\2-4-5_color_kinect.png
2-93-1,wood_block,58,z2|y2|x4,551,14.985088513477196,0.16978651,14.985088513477196,0.1697865128517151,0.0,0.0,0.0,0.0,False,False,C:\Users\Owner\Desktop\Fall2023\CSE275\6D Pose\training_data_filtered\training_data\v2.2\2-93-1_color_kinect.png
2-46-0,tuna_fish_can,57,zinf|x2,100,14.565924826571065,0.36995387,14.565924826571065,0.36995387077331543,0.0,0.0,0.0,0.0,False,False,C:\Users\Owner\Desktop\Fall2023\CSE275\6D Pose\training_data_filtered\training_data\v2.2\2-46-0_color_kinect.png
1-72-15,master_chef_can,39,zinf|x2,212,10.388784040155635,0.75361955,14.405527869341746,0.5786868320586124,-4.016743829186112,0.174932719600018,0.0698005698005698,0.17705318045664342,False,False,C:\Users\Owner\Desktop\Fall2023\CSE275\6D Pose\training_data_filtered\training_data\v2.2\1-72-15_color_kinect.png
2-86-18,pudding_box,51,z2|x2,68,11.794618921977865,0.16829331,14.216002060675702,0.40601973073972214,-2.4213831386978377,-0.23772641854775894,0.0947075208913649,0.16875121885235175,False,False,C:\Users\Owner\Desktop\Fall2023\CSE275\6D Pose\training_data_filtered\training_data\v2.2\2-86-18_color_kinect.png
2-6-14,e_lego_duplo,20,z2,89,13.562487755236313,0.6912843,13.562487755236313,0.6912842988967896,0.0,0.0,0.0,0.0,False,False,C:\Users\Owner\Desktop\Fall2023\CSE275\6D Pose\training_data_filtered\training_data\v2.2\2-6-14_color_kinect.png
2-82-14,b_lego_duplo,5,z4,72,12.01452259044543,0.3666861,12.01452259044543,0.3666861057281494,0.0,0.0,0.0,0.0,False,False,C:\Users\Owner\Desktop\Fall2023\CSE275\6D Pose\training_data_filtered\training_data\v2.2\2-82-14_color_kinect.png
2-6-14,e_toy_airplane,21,z2,130,11.054458550775228,0.10599989,11.054458550775228,0.1059998869895935,0.0,0.0,0.0,0.0,False,False,C:\Users\Owner\Desktop\Fall2023\CSE275\6D Pose\training_data_filtered\training_data\v2.2\2-6-14_color_kinect.png
2-93-13,tuna_fish_can,57,zinf|x2,67,10.823802453061324,0.10637492,10.823802453061324,0.10637491941452026,0.0,0.0,0.0,0.0,False,False,C:\Users\Owner\Desktop\Fall2023\CSE275\6D Pose\training_data_filtered\training_data\v2.2\2-93-13_color_kinect.png
2-7-18,gelatin_box,30,z2|x2,64,8.418012523340154,0.7066836,8.418012523340154,0.7066835761070251,0.0,0.0,0.0,0.0,False,False,C:\Users\Owner\Desktop\Fall2023\CSE275\6D Pose\training_data_filtered\training_data\v2.2\2-7-18_color_kinect.png
2-47-11,potted_meat_can,48,z2|x2,464,8.254385447976926,0.5900325,8.254385447976926,0.5900325179100037,0.0,0.0,0.0,0.0,False,False,C:\Users\Owner\Desktop\Fall2023\CSE275\6D Pose\training_data_filtered\training_data\v2.2\2-47-11_color_kinect.png
2-51-3,foam_brick,26,z2|x4|y2,117,8.167042324500805,0.3684459,8.167042324500805,0.36844590306282043,0.0,0.0,0.0,0.0,False,False,C:\Users\Owner\Desktop\Fall2023\CSE275\6D Pose\training_data_filtered\training_data\v2.2\2-51-3_color_kinect.png
1-62-18,cracker_box,14,z2|x2,80,8.666295660817262,0.72061706,8.160873639206185,0.7303782487904666,0.5054220216110767,-0.009761192897522308,0.13157894736842105,0.16171401249187603,False,False,C:\Users\Owner\Desktop\Fall2023\CSE275\6D Pose\training_data_filtered\training_data\v2.2\1-62-18_color_kinect.png
2-10-19,e_toy_airplane,21,z2,117,8.045363985938847,0.121754386,8.045363985938847,0.12175438553094864,0.0,0.0,0.0,0.0,False,False,C:\Users\Owner\Desktop\Fall2023\CSE275\6D Pose\training_data_filtered\training_data\v2.2\2-10-19_color_kinect.png
2-26-15,master_chef_can,39,zinf|x2,219,7.215031478608647,0.6073625,7.7049695190134795,0.5740668999394131,-0.4899380404048328,0.033295608834390644,0.10398860398860399,0.1760219340507307,False,False,C:\Users\Owner\Desktop\Fall2023\CSE275\6D Pose\training_data_filtered\training_data\v2.2\2-26-15_color_kinect.png
2-7-10,e_toy_airplane,21,z2,129,7.559056192250562,0.08998104,7.559056192250562,0.08998104184865952,0.0,0.0,0.0,0.0,False,False,C:\Users\Owner\Desktop\Fall2023\CSE275\6D Pose\training_data_filtered\training_data\v2.2\2-7-10_color_kinect.png
2-8-18,e_toy_airplane,21,z2,117,2.2556744986405435,0.07823954,7.405328161955191,0.07191329403630556,-5.149653663314648,0.006326243739210952,0.275974025974026,0.16185456421320693,False,False,C:\Users\Owner\Desktop\Fall2023\CSE275\6D Pose\training_data_filtered\training_data\v2.2\2-8-18_color_kinect.png
2-90-11,e_lego_duplo,20,z2,253,3.9150906938958334,0.116343625,7.147300131163258,0.2001166187023721,-3.232209437267424,-0.08377299381252148,0.19950124688279303,0.16639068556886694,False,False,C:\Users\Owner\Desktop\Fall2023\CSE275\6D Pose\training_data_filtered\training_data\v2.2\2-90-11_color_kinect.png
2-91-1,bleach_cleanser,8,z2,1600,2.3877103919241365,0.3786762,7.054868031498895,1.248361792698486,-4.667157639574759,-0.8696855868249966,0.20474452554744527,0.17666888930752278,False,False,C:\Users\Owner\Desktop\Fall2023\CSE275\6D Pose\training_data_filtered\training_data\v2.2\2-91-1_color_kinect.png
1-44-19,cracker_box,14,z2|x2,121,6.967100280367745,0.15953107,6.967100280367745,0.15953107178211212,0.0,0.0,0.0,0.0,False,False,C:\Users\Owner\Desktop\Fall2023\CSE275\6D Pose\training_data_filtered\training_data\v2.2\1-44-19_color_kinect.png
2-93-13,gelatin_box,30,z2|x2,73,6.948786019545828,2.7028751,6.948786019545828,2.7028751373291016,0.0,0.0,0.0,0.0,False,False,C:\Users\Owner\Desktop\Fall2023\CSE275\6D Pose\training_data_filtered\training_data\v2.2\2-93-13_color_kinect.png
2-58-15,sugar_box,55,z2|x2,113,6.862419396975537,0.73287404,6.862419396975537,0.7328740358352661,0.0,0.0,0.0,0.0,False,False,C:\Users\Owner\Desktop\Fall2023\CSE275\6D Pose\training_data_filtered\training_data\v2.2\2-58-15_color_kinect.png
2-70-5,e_toy_airplane,21,z2,113,6.838235682670984,0.110694066,6.838235682670984,0.11069406569004059,0.0,0.0,0.0,0.0,False,False,C:\Users\Owner\Desktop\Fall2023\CSE275\6D Pose\training_data_filtered\training_data\v2.2\2-70-5_color_kinect.png
2-13-10,cracker_box,14,z2|x2,184,1.7023709551279924,0.046682913,6.7484433450205215,0.14530563973644647,-5.0460723898925295,-0.09862272688010607,0.34210526315789475,0.16342638552939187,False,False,C:\Users\Owner\Desktop\Fall2023\CSE275\6D Pose\training_data_filtered\training_data\v2.2\2-13-10_color_kinect.png
2-49-11,cracker_box,14,z2|x2,175,1.8460210630222114,0.1712166,6.520633647314883,0.14253212620944689,-4.674612584292671,0.02868448088436415,0.3881578947368421,0.16879861472641194,False,False,C:\Users\Owner\Desktop\Fall2023\CSE275\6D Pose\training_data_filtered\training_data\v2.2\2-49-11_color_kinect.png
2-54-15,bleach_cleanser,8,z2,1131,6.416342364692232,0.18512659,6.416342364692232,0.18512658774852753,0.0,0.0,0.0,0.0,False,False,C:\Users\Owner\Desktop\Fall2023\CSE275\6D Pose\training_data_filtered\training_data\v2.2\2-54-15_color_kinect.png
2-78-13,sugar_box,55,z2|x2,224,8.475128513025464,0.3215932,6.246094165678148,0.3905481683295481,2.2290343473473158,-0.06895497312958165,0.23486238532110093,0.15646980803992405,False,False,C:\Users\Owner\Desktop\Fall2023\CSE275\6D Pose\training_data_filtered\training_data\v2.2\2-78-13_color_kinect.png
2-4-10,cracker_box,14,z2|x2,100,5.437183148800988,0.3764271,6.236475991989598,0.2927818505983286,-0.7992928431886099,0.08364526341152856,0.19407894736842105,0.17475076588357272,False,False,C:\Users\Owner\Desktop\Fall2023\CSE275\6D Pose\training_data_filtered\training_data\v2.2\2-4-10_color_kinect.png
2-2-13,e_lego_duplo,20,z2,134,6.231491301531614,2.238582,6.231491301531614,2.238581895828247,0.0,0.0,0.0,0.0,False,False,C:\Users\Owner\Desktop\Fall2023\CSE275\6D Pose\training_data_filtered\training_data\v2.2\2-2-13_color_kinect.png
2-51-3,sugar_box,55,z2|x2,139,9.222092469000964,0.5819971,6.220116720618515,0.46073810333640397,3.001975748382449,0.12125899320213973,0.14862385321100918,0.1663641111907446,False,False,C:\Users\Owner\Desktop\Fall2023\CSE275\6D Pose\training_data_filtered\training_data\v2.2\2-51-3_color_kinect.png
2-70-3,sugar_box,55,z2|x2,95,4.184232186073056,1.4673331,6.1760233889963025,1.3511045051060022,-1.9917912029232463,0.1162285732783972,0.029357798165137616,0.1282228388403971,False,False,C:\Users\Owner\Desktop\Fall2023\CSE275\6D Pose\training_data_filtered\training_data\v2.2\2-70-3_color_kinect.png
2-69-10,a_lego_duplo,1,z2,150,6.1162564641856845,0.17496984,6.1162564641856845,0.1749698370695114,0.0,0.0,0.0,0.0,False,False,C:\Users\Owner\Desktop\Fall2023\CSE275\6D Pose\training_data_filtered\training_data\v2.2\2-69-10_color_kinect.png
2-68-12,e_toy_airplane,21,z2,133,6.2025871971730355,0.119153015,6.09935134678321,0.11972191118605557,0.10323585038982586,-0.0005688958705228897,0.31921824104234525,0.16156649164603126,False,False,C:\Users\Owner\Desktop\Fall2023\CSE275\6D Pose\training_data_filtered\training_data\v2.2\2-68-12_color_kinect.png
2-35-10,tuna_fish_can,57,zinf|x2,118,5.980824474871186,0.17433305,5.980824474871186,0.17433305084705353,0.0,0.0,0.0,0.0,False,False,C:\Users\Owner\Desktop\Fall2023\CSE275\6D Pose\training_data_filtered\training_data\v2.2\2-35-10_color_kinect.png
2-70-3,e_toy_airplane,21,z2,123,4.72279056329346,0.06671069,5.883494792558506,0.07771991198937851,-1.160704229265046,-0.011009223815607608,0.31596091205211724,0.169185085200203,False,False,C:\Users\Owner\Desktop\Fall2023\CSE275\6D Pose\training_data_filtered\training_data\v2.2\2-70-3_color_kinect.png
2-71-10,master_chef_can,39,zinf|x2,364,5.665190431011014,0.12820381,5.665190431011014,0.12820380926132202,0.0,0.0,0.0,0.0,False,False,C:\Users\Owner\Desktop\Fall2023\CSE275\6D Pose\training_data_filtered\training_data\v2.2\2-71-10_color_kinect.png
2-82-14,wood_block,58,z2|y2|x4,137,5.567253108111573,2.9048133,5.567253108111573,2.904813289642334,0.0,0.0,0.0,0.0,False,False,C:\Users\Owner\Desktop\Fall2023\CSE275\6D Pose\training_data_filtered\training_data\v2.2\2-82-14_color_kinect.png
1-32-1,pudding_box,51,z2|x2,155,1.5479027744444267,0.29531747,5.513913105567905,0.18300894034548226,-3.9660103311234787,0.112308530681892,0.28969359331476324,0.1671141830963145,False,False,C:\Users\Owner\Desktop\Fall2023\CSE275\6D Pose\training_data_filtered\training_data\v2.2\1-32-1_color_kinect.png
2-58-15,cracker_box,14,z2|x2,157,1.4087778239367674,0.15284614,5.510292082500934,0.38403017998509964,-4.101514258564166,-0.23118403733544907,0.3059210526315789,0.16593206209298028,False,False,C:\Users\Owner\Desktop\Fall2023\CSE275\6D Pose\training_data_filtered\training_data\v2.2\2-58-15_color_kinect.png
1-50-8,cracker_box,14,z2|x2,194,1.8082341872372258,0.18467277,5.447914077775432,0.1306112571493119,-3.6396798905382064,0.05406151573505699,0.4,0.168830383740546,False,False,C:\Users\Owner\Desktop\Fall2023\CSE275\6D Pose\training_data_filtered\training_data\v2.2\1-50-8_color_kinect.png
1-22-20,sugar_box,55,z2|x2,317,1.552368740081168,0.268772,5.289739900771343,0.15940328833434914,-3.7373711606901745,0.10936871770050194,0.36095764272559855,0.15934546412369363,False,False,C:\Users\Owner\Desktop\Fall2023\CSE275\6D Pose\training_data_filtered\training_data\v2.2\1-22-20_color_kinect.png
1-51-4,pudding_box,51,z2|x2,185,1.13334174190632,0.0693719,5.237547436844406,0.23368007238763205,-4.104205694938086,-0.1643081709350907,0.3871866295264624,0.16810263859207736,False,False,C:\Users\Owner\Desktop\Fall2023\CSE275\6D Pose\training_data_filtered\training_data\v2.2\1-51-4_color_kinect.png
2-38-4,master_chef_can,39,zinf|x2,218,5.145207016163258,0.30980998,5.145207016163258,0.30980998277664185,0.0,0.0,0.0,0.0,False,False,C:\Users\Owner\Desktop\Fall2023\CSE275\6D Pose\training_data_filtered\training_data\v2.2\2-38-4_color_kinect.png
2-63-11,e_toy_airplane,21,z2,126,3.97562486976035,0.04578638,5.024520530376295,0.05477532170431072,-1.048895660615945,-0.008988940936488457,0.3127035830618892,0.16606676854655375,False,False,C:\Users\Owner\Desktop\Fall2023\CSE275\6D Pose\training_data_filtered\training_data\v2.2\2-63-11_color_kinect.png
1-45-15,master_chef_can,39,zinf|x2,354,5.010638094660307,0.2619186,5.010638094660307,0.2619186043739319,0.0,0.0,0.0,0.0,False,False,C:\Users\Owner\Desktop\Fall2023\CSE275\6D Pose\training_data_filtered\training_data\v2.2\1-45-15_color_kinect.png
2-63-8,wood_block,58,z2|y2|x4,139,3.475545391276949,1.1789067,3.8109432102115317,1.1516116221977835,-0.33539781893458276,0.027295056955658925,0.058386411889596604,0.1773470103948021,False,False,C:\Users\Owner\Desktop\Fall2023\CSE275\6D Pose\training_data_filtered\training_data\v2.2\2-63-8_color_kinect.png
2-52-12,jenga,35,z2|x2,190,3.340757813515369,1.4916984,3.340757813515369,1.4916983842849731,0.0,0.0,0.0,0.0,False,False,C:\Users\Owner\Desktop\Fall2023\CSE275\6D Pose\training_data_filtered\training_data\v2.2\2-52-12_color_kinect.png
2-74-5,bleach_cleanser,8,z2,1364,2.550424551413297,1.0024151,2.550424551413297,1.0024150609970093,0.0,0.0,0.0,0.0,False,False,C:\Users\Owner\Desktop\Fall2023\CSE275\6D Pose\training_data_filtered\training_data\v2.2\2-74-5_color_kinect.png
2-2-2,bleach_cleanser,8,z2,1068,2.3769187149207935,1.5264797,2.3769187149207935,1.526479721069336,0.0,0.0,0.0,0.0,False,False,C:\Users\Owner\Desktop\Fall2023\CSE275\6D Pose\training_data_filtered\training_data\v2.2\2-2-2_color_kinect.png
2-4-10,e_lego_duplo,20,z2,139,2.2817512393755623,1.2415274,2.2817512393755623,1.2415274381637573,0.0,0.0,0.0,0.0,False,False,C:\Users\Owner\Desktop\Fall2023\CSE275\6D Pose\training_data_filtered\training_data\v2.2\2-4-10_color_kinect.png
2-52-0,jenga,35,z2|x2,519,1.781146530748122,1.1921171,1.781146530748122,1.1921170949935913,0.0,0.0,0.0,0.0,False,False,C:\Users\Owner\Desktop\Fall2023\CSE275\6D Pose\training_data_filtered\training_data\v2.2\2-52-0_color_kinect.png
2-73-20,potted_meat_can,48,z2|x2,248,1.6453921146507036,1.2384399,1.6453921146507036,1.238439917564392,0.0,0.0,0.0,0.0,False,False,C:\Users\Owner\Desktop\Fall2023\CSE275\6D Pose\training_data_filtered\training_data\v2.2\2-73-20_color_kinect.png
2-93-9,jenga,35,z2|x2,441,0.8938035709685535,0.8406106,1.5968891284089777,1.0714952735905863,-0.7030855574404242,-0.2308846502309061,0.2532347504621072,0.16073116445816854,False,False,C:\Users\Owner\Desktop\Fall2023\CSE275\6D Pose\training_data_filtered\training_data\v2.2\2-93-9_color_kinect.png
1-56-1,jenga,35,z2|x2,541,1.528348991858713,1.5118742,1.528348991858713,1.5118741989135742,0.0,0.0,0.0,0.0,False,False,C:\Users\Owner\Desktop\Fall2023\CSE275\6D Pose\training_data_filtered\training_data\v2.2\1-56-1_color_kinect.png
1-20-8,pudding_box,51,z2|x2,172,3.1724347193842113,0.22678255,4.948679489194469,0.1637523042497311,-1.776244769810258,0.06303024119761844,0.3732590529247911,0.15212978374988095,False,True,C:\Users\Owner\Desktop\Fall2023\CSE275\6D Pose\training_data_filtered\training_data\v2.2\1-20-8_color_kinect.png
2-34-3,pudding_box,51,z2|x2,200,1.5605664264693728,0.21499202,4.939197348345087,0.0955057100095022,-3.3786309218757142,0.11948630654437659,0.43175487465181056,0.15658509185039204,False,True,C:\Users\Owner\Desktop\Fall2023\CSE275\6D Pose\training_data_filtered\training_data\v2.2\2-34-3_color_kinect.png
1-46-7,cracker_box,14,z2|x2,178,0.6007510129745239,0.077320054,4.915679763717824,0.11211255051776249,-4.3149287507433005,-0.03479249634429295,0.43278688524590164,0.15458811710562428,False,True,C:\Users\Owner\Desktop\Fall2023\CSE275\6D Pose\training_data_filtered\training_data\v2.2\1-46-7_color_kinect.png
2-32-19,pudding_box,51,z2|x2,175,4.898940709571071,0.13189209,4.898940709571071,0.13189208507537842,0.0,0.0,0.0,0.0,False,True,C:\Users\Owner\Desktop\Fall2023\CSE275\6D Pose\training_data_filtered\training_data\v2.2\2-32-19_color_kinect.png
2-7-8,cracker_box,14,z2|x2,156,2.922307055708862,0.07624128,4.895535804757283,0.2503608434110868,-1.9732287490484208,-0.17411956625282643,0.3355263157894737,0.16343678607989917,False,True,C:\Users\Owner\Desktop\Fall2023\CSE275\6D Pose\training_data_filtered\training_data\v2.2\2-7-8_color_kinect.png
1-3-11,pudding_box,51,z2|x2,177,3.0613028598189405,0.1752649,4.861274696622321,0.1316552216944065,-1.7999718368033801,0.0436096732679043,0.34173669467787116,0.17024764664510972,False,True,C:\Users\Owner\Desktop\Fall2023\CSE275\6D Pose\training_data_filtered\training_data\v2.2\1-3-11_color_kinect.png
1-34-8,tuna_fish_can,57,zinf|x2,132,4.827137317525769,0.055917125,4.827137317525769,0.055917125195264816,0.0,0.0,0.0,0.0,False,True,C:\Users\Owner\Desktop\Fall2023\CSE275\6D Pose\training_data_filtered\training_data\v2.2\1-34-8_color_kinect.png
2-32-19,master_chef_can,39,zinf|x2,391,4.821037795937058,0.11415994,4.821037795937058,0.11415994167327881,0.0,0.0,0.0,0.0,False,True,C:\Users\Owner\Desktop\Fall2023\CSE275\6D Pose\training_data_filtered\training_data\v2.2\2-32-19_color_kinect.png
2-10-19,master_chef_can,39,zinf|x2,113,3.633268698277273,0.3571554,4.770507501203039,0.12554075852841406,-1.1372388029257663,0.23161465390711755,0.09971509971509972,0.16938041891135944,False,True,C:\Users\Owner\Desktop\Fall2023\CSE275\6D Pose\training_data_filtered\training_data\v2.2\2-10-19_color_kinect.png
1-8-1,pudding_box,51,z2|x2,165,5.238687423669256,0.21107258,4.765057965278528,0.4660444470951661,0.4736294583907279,-0.2549718680689439,0.325,0.16798979112607748,False,True,C:\Users\Owner\Desktop\Fall2023\CSE275\6D Pose\training_data_filtered\training_data\v2.2\1-8-1_color_kinect.png
1-3-1,pudding_box,51,z2|x2,183,3.901888440923764,0.3022869,4.739055549467984,0.12168827519174984,-0.8371671085442194,0.1805986179375989,0.35,0.16914515823851864,False,True,C:\Users\Owner\Desktop\Fall2023\CSE275\6D Pose\training_data_filtered\training_data\v2.2\1-3-1_color_kinect.png
2-93-13,pudding_box,51,z2|x2,151,5.980560113890592,0.28305745,4.73187629503107,0.17657488328917637,1.2486838188595213,0.10648256795899258,0.2590529247910863,0.17511542981516012,False,True,C:\Users\Owner\Desktop\Fall2023\CSE275\6D Pose\training_data_filtered\training_data\v2.2\2-93-13_color_kinect.png
2-84-0,tuna_fish_can,57,zinf|x2,62,4.680635188612675,0.4274519,4.680635188612675,0.4274519085884094,0.0,0.0,0.0,0.0,False,True,C:\Users\Owner\Desktop\Fall2023\CSE275\6D Pose\training_data_filtered\training_data\v2.2\2-84-0_color_kinect.png
2-58-15,foam_brick,26,z2|x4|y2,400,4.646912629904633,0.18714222,4.646912629904633,0.18714222311973572,0.0,0.0,0.0,0.0,False,True,C:\Users\Owner\Desktop\Fall2023\CSE275\6D Pose\training_data_filtered\training_data\v2.2\2-58-15_color_kinect.png
2-60-7,bleach_cleanser,8,z2,1431,4.636069862308694,0.24927872,4.636069862308694,0.249278724193573,0.0,0.0,0.0,0.0,False,True,C:\Users\Owner\Desktop\Fall2023\CSE275\6D Pose\training_data_filtered\training_data\v2.2\2-60-7_color_kinect.png
2-26-13,foam_brick,26,z2|x4|y2,221,4.617405823157765,0.18713571,4.617405823157765,0.187135711312294,0.0,0.0,0.0,0.0,False,True,C:\Users\Owner\Desktop\Fall2023\CSE275\6D Pose\training_data_filtered\training_data\v2.2\2-26-13_color_kinect.png
1-49-20,pudding_box,51,z2|x2,158,3.075388336940357,0.061886057,4.61276958102361,0.1381522930568638,-1.5373812440832526,-0.07626623579921152,0.28690807799442897,0.17164656411853307,False,True,C:\Users\Owner\Desktop\Fall2023\CSE275\6D Pose\training_data_filtered\training_data\v2.2\1-49-20_color_kinect.png
2-80-6,pudding_box,51,z2|x2,139,2.7420631792899903,0.48310375,4.602845311529854,0.12875694455067044,-1.8607821322398634,0.35434680758556003,0.23676880222841226,0.15981592994156701,False,True,C:\Users\Owner\Desktop\Fall2023\CSE275\6D Pose\training_data_filtered\training_data\v2.2\2-80-6_color_kinect.png
1-47-6,cracker_box,14,z2|x2,175,3.5016677002124523,0.22509947,4.584306206804938,0.13220732179352987,-1.082638506592486,0.09289215239813578,0.4098360655737705,0.1767237403563087,False,True,C:\Users\Owner\Desktop\Fall2023\CSE275\6D Pose\training_data_filtered\training_data\v2.2\1-47-6_color_kinect.png
1-61-14,cracker_box,14,z2|x2,170,1.3621126812451163,0.12798868,4.581917148282437,0.2195058080655638,-3.2198044670373207,-0.09151712686839736,0.3157894736842105,0.17217825085570934,False,True,C:\Users\Owner\Desktop\Fall2023\CSE275\6D Pose\training_data_filtered\training_data\v2.2\1-61-14_color_kinect.png
2-69-10,e_toy_airplane,21,z2,129,1.1358502185941959,0.122610085,4.541467058853724,0.17094304266872107,-3.405616840259528,-0.04833295795621573,0.34527687296416937,0.1734705763788521,False,True,C:\Users\Owner\Desktop\Fall2023\CSE275\6D Pose\training_data_filtered\training_data\v2.2\2-69-10_color_kinect.png
2-9-10,cracker_box,14,z2|x2,182,1.8494183276513958,0.11662693,4.514393906881049,0.1759548307527092,-2.664975579229653,-0.05932789753566056,0.41118421052631576,0.16795306364366985,False,True,C:\Users\Owner\Desktop\Fall2023\CSE275\6D Pose\training_data_filtered\training_data\v2.2\2-9-10_color_kinect.png
2-7-18,cracker_box,14,z2|x2,192,0.9479511375553163,0.149832,4.490036996137978,0.13527242434006945,-3.542085858582662,0.014559571027934398,0.3815789473684211,0.1716890857472234,False,True,C:\Users\Owner\Desktop\Fall2023\CSE275\6D Pose\training_data_filtered\training_data\v2.2\2-7-18_color_kinect.png
2-94-19,prism,50,z2,202,4.469657236339406,0.48602316,4.469657236339406,0.4860231578350067,0.0,0.0,0.0,0.0,False,True,C:\Users\Owner\Desktop\Fall2023\CSE275\6D Pose\training_data_filtered\training_data\v2.2\2-94-19_color_kinect.png
2-52-0,tuna_fish_can,57,zinf|x2,100,4.449052389377436,0.18275726,4.449052389377436,0.18275725841522217,0.0,0.0,0.0,0.0,False,True,C:\Users\Owner\Desktop\Fall2023\CSE275\6D Pose\training_data_filtered\training_data\v2.2\2-52-0_color_kinect.png
2-78-13,bleach_cleanser,8,z2,1488,4.403729081849392,0.32059535,4.403729081849392,0.3205953538417816,0.0,0.0,0.0,0.0,False,True,C:\Users\Owner\Desktop\Fall2023\CSE275\6D Pose\training_data_filtered\training_data\v2.2\2-78-13_color_kinect.png
1-3-3,pudding_box,51,z2|x2,212,2.6118757005969595,0.2709033,4.361581042335178,0.1068636067286429,-1.7497053417382187,0.16403968258944182,0.40782122905027934,0.1722778342087708,False,True,C:\Users\Owner\Desktop\Fall2023\CSE275\6D Pose\training_data_filtered\training_data\v2.2\1-3-3_color_kinect.png
2-7-6,e_toy_airplane,21,z2,132,4.5355312408687825,0.24082644,4.360281134343119,0.12388367488532993,0.17525010652566309,0.11694276795238522,0.37012987012987014,0.16597588063288754,False,True,C:\Users\Owner\Desktop\Fall2023\CSE275\6D Pose\training_data_filtered\training_data\v2.2\2-7-6_color_kinect.png
2-10-19,cracker_box,14,z2|x2,185,3.126172349730318,0.10749822,4.349259486667402,0.15601553445036578,-1.2230871369370844,-0.048517313350989105,0.4407894736842105,0.15679185878322255,False,True,C:\Users\Owner\Desktop\Fall2023\CSE275\6D Pose\training_data_filtered\training_data\v2.2\2-10-19_color_kinect.png
2-30-8,pudding_box,51,z2|x2,220,2.805654941399572,0.27501446,4.3003618269824635,0.118581891444845,-1.4947068855828913,0.15643256864197752,0.40668523676880225,0.16541680062550285,False,True,C:\Users\Owner\Desktop\Fall2023\CSE275\6D Pose\training_data_filtered\training_data\v2.2\2-30-8_color_kinect.png
2-29-1,pudding_box,51,z2|x2,207,0.6993775882910334,0.26400074,4.29325705404832,0.08858030225965519,-3.593879465757287,0.17542044136789303,0.38997214484679665,0.17766062636170563,False,True,C:\Users\Owner\Desktop\Fall2023\CSE275\6D Pose\training_data_filtered\training_data\v2.2\2-29-1_color_kinect.png
2-11-1,cracker_box,14,z2|x2,198,1.9339466335825686,0.23387459,4.2908634030814055,0.1604171263028589,-2.356916769498837,0.07345746290192931,0.45723684210526316,0.16499348104951456,False,True,C:\Users\Owner\Desktop\Fall2023\CSE275\6D Pose\training_data_filtered\training_data\v2.2\2-11-1_color_kinect.png
1-42-6,cracker_box,14,z2|x2,172,2.59402919861113,0.06596156,4.259611196016865,0.1911378073881022,-1.6655819974057353,-0.1251762452910296,0.38688524590163936,0.17637128758535772,False,True,C:\Users\Owner\Desktop\Fall2023\CSE275\6D Pose\training_data_filtered\training_data\v2.2\1-42-6_color_kinect.png
1-34-8,pudding_box,51,z2|x2,210,2.717258672315363,0.3489014,4.25412765010248,0.12011296124949578,-1.5368689777871167,0.22878842977986213,0.4456824512534819,0.16862959443026707,False,True,C:\Users\Owner\Desktop\Fall2023\CSE275\6D Pose\training_data_filtered\training_data\v2.2\1-34-8_color_kinect.png
2-14-14,cracker_box,14,z2|x2,199,0.6908428878380873,0.1079686,4.2533529580865475,0.1489881710696696,-3.56251007024846,-0.041019572465467335,0.41118421052631576,0.1721667052723014,False,True,C:\Users\Owner\Desktop\Fall2023\CSE275\6D Pose\training_data_filtered\training_data\v2.2\2-14-14_color_kinect.png
1-49-1,cracker_box,14,z2|x2,178,0.7138810367788413,0.098016635,4.237816671895953,0.15223124124800902,-3.5239356351171116,-0.054214606664535814,0.42295081967213116,0.18041366241384257,False,True,C:\Users\Owner\Desktop\Fall2023\CSE275\6D Pose\training_data_filtered\training_data\v2.2\1-49-1_color_kinect.png
2-8-3,bleach_cleanser,8,z2,1411,4.232986234251335,0.21335565,4.232986234251335,0.2133556455373764,0.0,0.0,0.0,0.0,False,True,C:\Users\Owner\Desktop\Fall2023\CSE275\6D Pose\training_data_filtered\training_data\v2.2\2-8-3_color_kinect.png
2-52-0,cracker_box,14,z2|x2,176,4.415246175277685,0.12518567,4.190890259754035,0.13140102267839576,0.22435591552364986,-0.006215354209920421,0.3618421052631579,0.17716638931866435,False,True,C:\Users\Owner\Desktop\Fall2023\CSE275\6D Pose\training_data_filtered\training_data\v2.2\2-52-0_color_kinect.png
1-29-2,cracker_box,14,z2|x2,185,4.183295385342648,0.15481532,4.183295385342648,0.15481531620025635,0.0,0.0,0.0,0.0,False,True,C:\Users\Owner\Desktop\Fall2023\CSE275\6D Pose\training_data_filtered\training_data\v2.2\1-29-2_color_kinect.png
1-82-18,pudding_box,51,z2|x2,215,3.50485467548659,0.3237992,4.148608466424034,0.09676711775090012,-0.6437537909374438,0.2270320751545259,0.415041782729805,0.16990843189668378,False,True,C:\Users\Owner\Desktop\Fall2023\CSE275\6D Pose\training_data_filtered\training_data\v2.2\1-82-18_color_kinect.png
1-6-5,pudding_box,51,z2|x2,212,2.433406555881736,0.2146669,4.130251080063801,0.11728265146020427,-1.6968445241820653,0.09738425155874715,0.4388888888888889,0.1663322192364266,False,True,C:\Users\Owner\Desktop\Fall2023\CSE275\6D Pose\training_data_filtered\training_data\v2.2\1-6-5_color_kinect.png
2-77-11,pudding_box,51,z2|x2,188,6.923261093417308,0.13420564,4.120846881217534,0.10760793808422803,2.802414212199774,0.026597701278107178,0.37604456824512533,0.16229922364775526,False,True,C:\Users\Owner\Desktop\Fall2023\CSE275\6D Pose\training_data_filtered\training_data\v2.2\2-77-11_color_kinect.png
2-11-1,pudding_box,51,z2|x2,214,2.5488305457010485,0.19814079,4.098288934940466,0.092944127029835,-1.5494583892394171,0.10519665806824087,0.415041782729805,0.17106388718749643,False,True,C:\Users\Owner\Desktop\Fall2023\CSE275\6D Pose\training_data_filtered\training_data\v2.2\2-11-1_color_kinect.png
2-36-15,pudding_box,51,z2|x2,177,2.2305391656369733,0.08827067,4.092294519404711,0.3886914838874333,-1.8617553537677378,-0.3004208122217648,0.30362116991643456,0.15545135935665075,False,True,C:\Users\Owner\Desktop\Fall2023\CSE275\6D Pose\training_data_filtered\training_data\v2.2\2-36-15_color_kinect.png
2-60-7,cracker_box,14,z2|x2,199,1.1195454507859706,0.19579497,4.078016257961012,0.14098733275832565,-2.9584708071750416,0.054807637038808754,0.40131578947368424,0.1709878651076529,False,True,C:\Users\Owner\Desktop\Fall2023\CSE275\6D Pose\training_data_filtered\training_data\v2.2\2-60-7_color_kinect.png
1-65-10,cracker_box,14,z2|x2,78,2.6567875911593206,0.5880343,4.077147776341865,0.6873423770066617,-1.420360185182544,-0.09930810481275298,0.12828947368421054,0.1691137200139794,False,True,C:\Users\Owner\Desktop\Fall2023\CSE275\6D Pose\training_data_filtered\training_data\v2.2\1-65-10_color_kinect.png
2-91-1,pudding_box,51,z2|x2,146,3.944532707269907,0.48719984,4.06433940217441,0.12542388890767772,-0.11980669490450291,0.36177595402216234,0.25348189415041783,0.1596589516910453,False,True,C:\Users\Owner\Desktop\Fall2023\CSE275\6D Pose\training_data_filtered\training_data\v2.2\2-91-1_color_kinect.png
2-21-14,bleach_cleanser,8,z2,1277,4.0574588196707015,0.35422108,4.0574588196707015,0.35422107577323914,0.0,0.0,0.0,0.0,False,True,C:\Users\Owner\Desktop\Fall2023\CSE275\6D Pose\training_data_filtered\training_data\v2.2\2-21-14_color_kinect.png
1-57-10,pudding_box,51,z2|x2,183,2.1456778327840267,0.36347207,4.056924960333481,0.24477867860763042,-1.911247127549454,0.118693395662618,0.3370473537604457,0.16859326653536894,False,True,C:\Users\Owner\Desktop\Fall2023\CSE275\6D Pose\training_data_filtered\training_data\v2.2\1-57-10_color_kinect.png
2-6-3,cracker_box,14,z2|x2,190,2.6903947924967655,0.13970576,4.047303291242104,0.15880380403343097,-1.3569084987453381,-0.01909804176631824,0.42105263157894735,0.16089514806911792,False,True,C:\Users\Owner\Desktop\Fall2023\CSE275\6D Pose\training_data_filtered\training_data\v2.2\2-6-3_color_kinect.png
1-30-2,cracker_box,14,z2|x2,195,4.011174656709421,0.10416932,4.011174656709421,0.1041693165898323,0.0,0.0,0.0,0.0,False,True,C:\Users\Owner\Desktop\Fall2023\CSE275\6D Pose\training_data_filtered\training_data\v2.2\1-30-2_color_kinect.png
2-6-11,e_toy_airplane,21,z2,126,4.111565950979954,0.10303824,4.005678496213811,0.17625448082071293,0.10588745476614303,-0.07321624432188023,0.31921824104234525,0.16559005362208062,False,True,C:\Users\Owner\Desktop\Fall2023\CSE275\6D Pose\training_data_filtered\training_data\v2.2\2-6-11_color_kinect.png
1-27-10,cracker_box,14,z2|x2,184,0.8416067273159703,0.020162405,3.9847856648346465,0.1301840645241608,-3.1431789375186763,-0.11002165907798903,0.39672131147540984,0.17153796853958792,False,True,C:\Users\Owner\Desktop\Fall2023\CSE275\6D Pose\training_data_filtered\training_data\v2.2\1-27-10_color_kinect.png
1-20-2,pudding_box,51,z2|x2,195,2.7134988809422835,0.12070269,3.976429134478412,0.12842056373534388,-1.2629302535361284,-0.0077178723591346254,0.3426183844011142,0.1761543604802342,False,True,C:\Users\Owner\Desktop\Fall2023\CSE275\6D Pose\training_data_filtered\training_data\v2.2\1-20-2_color_kinect.png
2-7-8,master_chef_can,39,zinf|x2,375,3.946335794073054,0.057135127,3.946335794073054,0.05713512748479843,0.0,0.0,0.0,0.0,False,True,C:\Users\Owner\Desktop\Fall2023\CSE275\6D Pose\training_data_filtered\training_data\v2.2\2-7-8_color_kinect.png
1-37-4,pudding_box,51,z2|x2,147,2.4852144876321542,0.24229074,3.944479885768114,0.10343791937764374,-1.4592653981359596,0.13885281586710724,0.2479108635097493,0.17292060663248046,False,True,C:\Users\Owner\Desktop\Fall2023\CSE275\6D Pose\training_data_filtered\training_data\v2.2\1-37-4_color_kinect.png
2-63-13,e_toy_airplane,21,z2,139,3.925515334914642,0.18184151,3.925515334914642,0.18184150755405426,0.0,0.0,0.0,0.0,False,True,C:\Users\Owner\Desktop\Fall2023\CSE275\6D Pose\training_data_filtered\training_data\v2.2\2-63-13_color_kinect.png
1-31-0,pudding_box,51,z2|x2,215,3.05063113543439,0.34262544,3.9167573207200976,0.0962531072094886,-0.8661261852857076,0.2463723319575341,0.3788300835654596,0.16994062947185393,False,True,C:\Users\Owner\Desktop\Fall2023\CSE275\6D Pose\training_data_filtered\training_data\v2.2\1-31-0_color_kinect.png
2-1-6,tuna_fish_can,57,zinf|x2,130,3.8180925584783245,0.035485044,3.9114781976991395,0.12115566985086634,-0.093385639220815,-0.0856706257291241,0.38164251207729466,0.16801352338407052,False,True,C:\Users\Owner\Desktop\Fall2023\CSE275\6D Pose\training_data_filtered\training_data\v2.2\2-1-6_color_kinect.png
2-82-14,cracker_box,14,z2|x2,193,1.5105573909421337,0.3370831,3.9075896293704573,0.11973153257096672,-2.3970322384283236,0.2173515687016163,0.4309210526315789,0.172347144650185,False,True,C:\Users\Owner\Desktop\Fall2023\CSE275\6D Pose\training_data_filtered\training_data\v2.2\2-82-14_color_kinect.png
1-26-17,pudding_box,51,z2|x2,210,0.2712463733996188,0.15156938,3.9059897577191705,0.18339376948192004,-3.6347433843195516,-0.031824388125680725,0.3231197771587744,0.17276687223855094,False,True,C:\Users\Owner\Desktop\Fall2023\CSE275\6D Pose\training_data_filtered\training_data\v2.2\1-26-17_color_kinect.png
1-39-3,potted_meat_can,48,z2|x2,836,3.895958068525298,0.17247958,3.895958068525298,0.17247958481311798,0.0,0.0,0.0,0.0,False,True,C:\Users\Owner\Desktop\Fall2023\CSE275\6D Pose\training_data_filtered\training_data\v2.2\1-39-3_color_kinect.png
1-30-2,pudding_box,51,z2|x2,204,2.1760074767622806,0.17456748,3.8828642773245083,0.1685098359324267,-1.7068568005622278,0.006057639982528451,0.35376044568245124,0.1696873958744894,False,True,C:\Users\Owner\Desktop\Fall2023\CSE275\6D Pose\training_data_filtered\training_data\v2.2\1-30-2_color_kinect.png
1-97-13,cracker_box,14,z2|x2,179,1.3835773370950715,0.26498273,3.8722709611797703,0.11735551012388099,-2.488693624084699,0.1476272200263418,0.39144736842105265,0.1718451705742973,False,True,C:\Users\Owner\Desktop\Fall2023\CSE275\6D Pose\training_data_filtered\training_data\v2.2\1-97-13_color_kinect.png
2-2-2,e_toy_airplane,21,z2,128,3.1617797048903773,0.058385987,3.86286854181191,0.14290879957807284,-0.7010888369215329,-0.08452281274330836,0.3592233009708738,0.16989342817398034,False,True,C:\Users\Owner\Desktop\Fall2023\CSE275\6D Pose\training_data_filtered\training_data\v2.2\2-2-2_color_kinect.png
1-69-3,potted_meat_can,48,z2|x2,610,3.855155318037866,0.28007132,3.855155318037866,0.28007131814956665,0.0,0.0,0.0,0.0,False,True,C:\Users\Owner\Desktop\Fall2023\CSE275\6D Pose\training_data_filtered\training_data\v2.2\1-69-3_color_kinect.png
2-4-10,e_toy_airplane,21,z2,127,3.8165130486043584,0.08090836,3.8165130486043584,0.08090835809707642,0.0,0.0,0.0,0.0,False,True,C:\Users\Owner\Desktop\Fall2023\CSE275\6D Pose\training_data_filtered\training_data\v2.2\2-4-10_color_kinect.png
1-44-3,cracker_box,14,z2|x2,196,0.9411573129326322,0.14188884,3.815853603346541,0.14897690989146198,-2.8746962904139086,-0.007088067904805789,0.419672131147541,0.16987256418727711,False,True,C:\Users\Owner\Desktop\Fall2023\CSE275\6D Pose\training_data_filtered\training_data\v2.2\1-44-3_color_kinect.png
2-79-3,pudding_box,51,z2|x2,192,0.2134986665100661,0.20942825,3.798637610060024,0.19448904446015897,-3.585138943549958,0.014939206329483368,0.41225626740947074,0.15361542357072358,False,True,C:\Users\Owner\Desktop\Fall2023\CSE275\6D Pose\training_data_filtered\training_data\v2.2\2-79-3_color_kinect.png
2-2-13,e_toy_airplane,21,z2,143,3.78083336704665,0.17115681,3.78083336704665,0.17115680873394012,0.0,0.0,0.0,0.0,False,True,C:\Users\Owner\Desktop\Fall2023\CSE275\6D Pose\training_data_filtered\training_data\v2.2\2-2-13_color_kinect.png
1-13-11,rubiks_cube,52,z4|x4|y4,347,3.7780713823259995,0.49347913,3.7780713823259995,0.4934791326522827,0.0,0.0,0.0,0.0,False,True,C:\Users\Owner\Desktop\Fall2023\CSE275\6D Pose\training_data_filtered\training_data\v2.2\1-13-11_color_kinect.png
1-23-6,cracker_box,14,z2|x2,203,2.2072352861392432,0.13231193,3.775648074926792,0.14162726815824003,-1.568412788787549,-0.009315342866224957,0.4375,0.17387167039862758,False,True,C:\Users\Owner\Desktop\Fall2023\CSE275\6D Pose\training_data_filtered\training_data\v2.2\1-23-6_color_kinect.png
2-38-4,pudding_box,51,z2|x2,198,0.8819285567915487,0.10459868,3.7689731653537573,0.11423494136852382,-2.8870446085622086,-0.009636262720051983,0.3370473537604457,0.1694983342242749,False,True,C:\Users\Owner\Desktop\Fall2023\CSE275\6D Pose\training_data_filtered\training_data\v2.2\2-38-4_color_kinect.png
1-39-3,pudding_box,51,z2|x2,215,2.403419993893079,0.15756099,3.767457877778887,0.09698678045647913,-1.3640378838858083,0.060574208804194396,0.4206128133704735,0.17078679313992268,False,True,C:\Users\Owner\Desktop\Fall2023\CSE275\6D Pose\training_data_filtered\training_data\v2.2\1-39-3_color_kinect.png
2-80-11,b_lego_duplo,5,z4,190,1.845327252805433,0.17287931,3.765613497261589,0.10819348215538462,-1.920286244456156,0.06468582630675833,0.3826086956521739,0.1702628057036131,False,True,C:\Users\Owner\Desktop\Fall2023\CSE275\6D Pose\training_data_filtered\training_data\v2.2\2-80-11_color_kinect.png
1-50-2,pudding_box,51,z2|x2,214,1.450045744964786,0.29745972,3.7578859858416522,0.12771452767957023,-2.307840240876866,0.16974519388567635,0.3732590529247911,0.17187194141820303,False,True,C:\Users\Owner\Desktop\Fall2023\CSE275\6D Pose\training_data_filtered\training_data\v2.2\1-50-2_color_kinect.png
2-6-14,master_chef_can,39,zinf|x2,365,3.730086298533249,0.12012884,3.730086298533249,0.12012884020805359,0.0,0.0,0.0,0.0,False,True,C:\Users\Owner\Desktop\Fall2023\CSE275\6D Pose\training_data_filtered\training_data\v2.2\2-6-14_color_kinect.png
2-90-11,cracker_box,14,z2|x2,175,3.7528833190529753,0.37593105,3.718960748143973,0.1746423532998369,0.0339225709090023,0.20128870105387708,0.3684210526315789,0.17630735631715638,False,True,C:\Users\Owner\Desktop\Fall2023\CSE275\6D Pose\training_data_filtered\training_data\v2.2\2-90-11_color_kinect.png
1-46-20,pudding_box,51,z2|x2,221,1.8591172722695286,0.32928607,3.717662558672872,0.15599197747058746,-1.8585452864033436,0.17329409120731476,0.3955431754874652,0.1699651583042813,False,True,C:\Users\Owner\Desktop\Fall2023\CSE275\6D Pose\training_data_filtered\training_data\v2.2\1-46-20_color_kinect.png
2-18-8,pudding_box,51,z2|x2,229,2.46247239492488,0.07414083,3.7161579210804465,0.09429420380017738,-1.2536855261555666,-0.020153371972060005,0.479108635097493,0.1430352807203549,False,True,C:\Users\Owner\Desktop\Fall2023\CSE275\6D Pose\training_data_filtered\training_data\v2.2\2-18-8_color_kinect.png
2-72-13,bleach_cleanser,8,z2,1467,3.6972909851640097,0.23148444,3.6972909851640097,0.23148444294929504,0.0,0.0,0.0,0.0,False,True,C:\Users\Owner\Desktop\Fall2023\CSE275\6D Pose\training_data_filtered\training_data\v2.2\2-72-13_color_kinect.png
1-97-9,wood_block,58,z2|y2|x4,450,3.6946438949292792,0.36046776,3.6946438949292792,0.3604677617549896,0.0,0.0,0.0,0.0,False,True,C:\Users\Owner\Desktop\Fall2023\CSE275\6D Pose\training_data_filtered\training_data\v2.2\1-97-9_color_kinect.png
1-23-6,pudding_box,51,z2|x2,193,1.525928894940831,0.07268394,3.674844259867225,0.10166465823213931,-2.1489153649263937,-0.028980720384525024,0.38997214484679665,0.16562600107956432,False,True,C:\Users\Owner\Desktop\Fall2023\CSE275\6D Pose\training_data_filtered\training_data\v2.2\1-23-6_color_kinect.png
1-84-19,pudding_box,51,z2|x2,228,1.4621370865013665,0.18743545,3.670284242353655,0.09377810885451779,-2.2081471558522887,0.09365733931519046,0.4178272980501393,0.15656926760813128,False,True,C:\Users\Owner\Desktop\Fall2023\CSE275\6D Pose\training_data_filtered\training_data\v2.2\1-84-19_color_kinect.png
1-95-11,cracker_box,14,z2|x2,203,0.9049933095500075,0.30711812,3.656469507146927,0.14217441732696767,-2.7514761975969195,0.16494370048232798,0.4440789473684211,0.16820126376631486,False,True,C:\Users\Owner\Desktop\Fall2023\CSE275\6D Pose\training_data_filtered\training_data\v2.2\1-95-11_color_kinect.png
2-78-13,b_lego_duplo,5,z4,172,4.000237295988598,0.18635927,3.6134344688199453,0.17504012897137008,0.386802827168653,0.011319142435757296,0.2756598240469208,0.16333616207332996,False,True,C:\Users\Owner\Desktop\Fall2023\CSE275\6D Pose\training_data_filtered\training_data\v2.2\2-78-13_color_kinect.png
2-6-11,cracker_box,14,z2|x2,190,1.5384831665620906,0.13359267,3.608975595202368,0.1329870533222022,-2.0704924286402773,0.0006056118732628846,0.41776315789473684,0.16916237128596717,False,True,C:\Users\Owner\Desktop\Fall2023\CSE275\6D Pose\training_data_filtered\training_data\v2.2\2-6-11_color_kinect.png
1-46-0,pudding_box,51,z2|x2,175,3.2164525049334696,0.17881997,3.582222999476819,0.32615363873500064,-0.3657704945433493,-0.14733366943854526,0.3398328690807799,0.16634847499837135,False,True,C:\Users\Owner\Desktop\Fall2023\CSE275\6D Pose\training_data_filtered\training_data\v2.2\1-46-0_color_kinect.png
2-8-3,e_toy_airplane,21,z2,103,6.39438494149147,0.23528579,3.5783270073474167,0.14843666719222562,2.8160579341440535,0.08684912158226474,0.3181818181818182,0.1653244814979355,False,True,C:\Users\Owner\Desktop\Fall2023\CSE275\6D Pose\training_data_filtered\training_data\v2.2\2-8-3_color_kinect.png
2-17-9,cracker_box,14,z2|x2,186,1.0728843615048151,0.14177504,3.576585939193257,0.12886782065983748,-2.503701577688442,0.01290722115878129,0.40789473684210525,0.16801563058478278,False,True,C:\Users\Owner\Desktop\Fall2023\CSE275\6D Pose\training_data_filtered\training_data\v2.2\2-17-9_color_kinect.png
2-35-4,mustard_bottle,42,z2,863,3.5704876156357153,0.22265399,3.5704876156357153,0.22265398502349854,0.0,0.0,0.0,0.0,False,True,C:\Users\Owner\Desktop\Fall2023\CSE275\6D Pose\training_data_filtered\training_data\v2.2\2-35-4_color_kinect.png
1-15-15,master_chef_can,39,zinf|x2,330,3.5679432427724764,0.44053942,3.5679432427724764,0.4405394196510315,0.0,0.0,0.0,0.0,False,True,C:\Users\Owner\Desktop\Fall2023\CSE275\6D Pose\training_data_filtered\training_data\v2.2\1-15-15_color_kinect.png
2-82-9,b_lego_duplo,5,z4,174,3.5760990732167524,0.16644199,3.567133585516618,0.2280317071542452,0.008965487700134389,-0.06158971522900564,0.3739130434782609,0.16965883649675476,False,True,C:\Users\Owner\Desktop\Fall2023\CSE275\6D Pose\training_data_filtered\training_data\v2.2\2-82-9_color_kinect.png
2-11-4,pudding_box,51,z2|x2,210,2.650136798639756,0.27151644,3.5448787089601845,0.12837120861346468,-0.8947419103204286,0.14314523368542448,0.42618384401114207,0.17028532637255622,False,True,C:\Users\Owner\Desktop\Fall2023\CSE275\6D Pose\training_data_filtered\training_data\v2.2\2-11-4_color_kinect.png
2-17-9,pudding_box,51,z2|x2,205,1.7162655712254893,0.18426308,3.5424238786730795,0.11944386556693527,-1.8261583074475902,0.06481921479156998,0.403899721448468,0.16541321851222854,False,True,C:\Users\Owner\Desktop\Fall2023\CSE275\6D Pose\training_data_filtered\training_data\v2.2\2-17-9_color_kinect.png
1-41-5,pudding_box,51,z2|x2,220,2.496145506647696,0.20133138,3.53835886588614,0.10329809600168076,-1.0422133592384437,0.09803328102773819,0.43175487465181056,0.1608331420776107,False,True,C:\Users\Owner\Desktop\Fall2023\CSE275\6D Pose\training_data_filtered\training_data\v2.2\1-41-5_color_kinect.png
2-80-6,master_chef_can,39,zinf|x2,376,3.514082504994238,0.15362343,3.514082504994238,0.15362343192100525,0.0,0.0,0.0,0.0,False,True,C:\Users\Owner\Desktop\Fall2023\CSE275\6D Pose\training_data_filtered\training_data\v2.2\2-80-6_color_kinect.png
2-63-8,e_toy_airplane,21,z2,129,3.5023922909821543,0.31789553,3.5023922909821543,0.3178955316543579,0.0,0.0,0.0,0.0,False,True,C:\Users\Owner\Desktop\Fall2023\CSE275\6D Pose\training_data_filtered\training_data\v2.2\2-63-8_color_kinect.png
2-4-5,cracker_box,14,z2|x2,162,2.6699617094564454,0.2526798,3.4973000210891367,0.1715015336178695,-0.8273383116326913,0.08117826140890969,0.34539473684210525,0.16606022871395149,False,True,C:\Users\Owner\Desktop\Fall2023\CSE275\6D Pose\training_data_filtered\training_data\v2.2\2-4-5_color_kinect.png
1-19-1,master_chef_can,39,zinf|x2,375,3.4935442545232114,0.09201463,3.4935442545232114,0.09201463311910629,0.0,0.0,0.0,0.0,False,True,C:\Users\Owner\Desktop\Fall2023\CSE275\6D Pose\training_data_filtered\training_data\v2.2\1-19-1_color_kinect.png
2-45-5,bleach_cleanser,8,z2,1491,3.491875633538553,0.364438,3.491875633538553,0.364437997341156,0.0,0.0,0.0,0.0,False,True,C:\Users\Owner\Desktop\Fall2023\CSE275\6D Pose\training_data_filtered\training_data\v2.2\2-45-5_color_kinect.png
1-27-6,cracker_box,14,z2|x2,180,1.2902959558446372,0.14360927,3.479215521060793,0.1415888709675947,-2.188919565216156,0.0020203994858583596,0.3980263157894737,0.1519588378954765,False,True,C:\Users\Owner\Desktop\Fall2023\CSE275\6D Pose\training_data_filtered\training_data\v2.2\1-27-6_color_kinect.png
1-83-10,pudding_box,51,z2|x2,210,5.328363349076379,0.13869537,3.4754910946023805,0.16001940260341638,1.8528722544739984,-0.02132402847221368,0.39275766016713093,0.1739839094877555,False,True,C:\Users\Owner\Desktop\Fall2023\CSE275\6D Pose\training_data_filtered\training_data\v2.2\1-83-10_color_kinect.png
1-63-18,potted_meat_can,48,z2|x2,588,3.5239098707897663,0.4642784,3.4686507648478035,0.15940720369399852,0.055259105941962705,0.3048711962503069,0.23149492017416545,0.17443530601453486,False,True,C:\Users\Owner\Desktop\Fall2023\CSE275\6D Pose\training_data_filtered\training_data\v2.2\1-63-18_color_kinect.png
2-11-3,cracker_box,14,z2|x2,186,1.4650449830497845,0.15185903,3.436692417244964,0.16072293464130796,-1.9716474341951797,-0.008863904513782633,0.3980263157894737,0.17477405159324688,False,True,C:\Users\Owner\Desktop\Fall2023\CSE275\6D Pose\training_data_filtered\training_data\v2.2\2-11-3_color_kinect.png
2-23-9,bleach_cleanser,8,z2,1569,3.43415667084144,0.23195793,3.43415667084144,0.23195792734622955,0.0,0.0,0.0,0.0,False,True,C:\Users\Owner\Desktop\Fall2023\CSE275\6D Pose\training_data_filtered\training_data\v2.2\2-23-9_color_kinect.png
1-65-16,cracker_box,14,z2|x2,201,2.5100142324379027,0.06045191,3.4280250484123043,0.15472109101985151,-0.9180108159744016,-0.0942691811201399,0.4276315789473684,0.1737119948686077,False,True,C:\Users\Owner\Desktop\Fall2023\CSE275\6D Pose\training_data_filtered\training_data\v2.2\1-65-16_color_kinect.png
2-14-14,pudding_box,51,z2|x2,194,2.2044277990519205,0.2331132,3.420873332994226,0.1262224722672548,-1.2164455339423053,0.10689072720517256,0.38997214484679665,0.16861678904605504,False,True,C:\Users\Owner\Desktop\Fall2023\CSE275\6D Pose\training_data_filtered\training_data\v2.2\2-14-14_color_kinect.png
1-23-6,tomato_soup_can,56,zinf|x2,735,3.42002589578752,0.2767739,3.42002589578752,0.2767738997936249,0.0,0.0,0.0,0.0,False,True,C:\Users\Owner\Desktop\Fall2023\CSE275\6D Pose\training_data_filtered\training_data\v2.2\1-23-6_color_kinect.png
1-15-15,pudding_box,51,z2|x2,207,1.0912925315315483,0.109218605,3.414365829162774,0.0981766924177459,-2.323073297631226,0.011041912444944069,0.4011142061281337,0.16374979437183726,False,True,C:\Users\Owner\Desktop\Fall2023\CSE275\6D Pose\training_data_filtered\training_data\v2.2\1-15-15_color_kinect.png
2-8-18,bleach_cleanser,8,z2,1485,3.380183443093365,0.2588668,3.380183443093365,0.2588667869567871,0.0,0.0,0.0,0.0,False,True,C:\Users\Owner\Desktop\Fall2023\CSE275\6D Pose\training_data_filtered\training_data\v2.2\2-8-18_color_kinect.png
1-18-12,pudding_box,51,z2|x2,232,2.731892448924566,0.32518512,3.3752283946275514,0.15239001746943634,-0.6433359457029852,0.17279510263630707,0.38997214484679665,0.17419133207348467,False,True,C:\Users\Owner\Desktop\Fall2023\CSE275\6D Pose\training_data_filtered\training_data\v2.2\1-18-12_color_kinect.png
1-49-1,pudding_box,51,z2|x2,216,2.865733145469721,0.25527674,3.374061497956956,0.09612183783920601,-0.5083283524872351,0.15915490175811453,0.4011142061281337,0.1689366219512389,False,True,C:\Users\Owner\Desktop\Fall2023\CSE275\6D Pose\training_data_filtered\training_data\v2.2\1-49-1_color_kinect.png
2-13-16,rubiks_cube,52,z4|x4|y4,400,3.373963969967465,0.24619275,3.373963969967465,0.24619275331497192,0.0,0.0,0.0,0.0,False,True,C:\Users\Owner\Desktop\Fall2023\CSE275\6D Pose\training_data_filtered\training_data\v2.2\2-13-16_color_kinect.png
2-82-9,cracker_box,14,z2|x2,180,2.426920021642083,0.10802731,3.3684541911940586,0.13937418426913492,-0.9415341695519754,-0.03134687508982889,0.4276315789473684,0.1686308160939821,False,True,C:\Users\Owner\Desktop\Fall2023\CSE275\6D Pose\training_data_filtered\training_data\v2.2\2-82-9_color_kinect.png
1-45-15,cracker_box,14,z2|x2,183,0.904616265090644,0.1633319,3.3683398797715447,0.09951041345834606,-2.4637236146809007,0.06382148260831959,0.39344262295081966,0.16203251710033972,False,True,C:\Users\Owner\Desktop\Fall2023\CSE275\6D Pose\training_data_filtered\training_data\v2.2\1-45-15_color_kinect.png
2-36-15,master_chef_can,39,zinf|x2,335,3.355551806036926,0.4491735,3.355551806036926,0.4491735100746155,0.0,0.0,0.0,0.0,False,True,C:\Users\Owner\Desktop\Fall2023\CSE275\6D Pose\training_data_filtered\training_data\v2.2\2-36-15_color_kinect.png
2-11-1,master_chef_can,39,zinf|x2,388,3.353711959101492,0.20135103,3.353711959101492,0.20135103166103363,0.0,0.0,0.0,0.0,False,True,C:\Users\Owner\Desktop\Fall2023\CSE275\6D Pose\training_data_filtered\training_data\v2.2\2-11-1_color_kinect.png
1-61-4,tomato_soup_can,56,zinf|x2,704,3.340165548950898,0.30468035,3.340165548950898,0.30468034744262695,0.0,0.0,0.0,0.0,False,True,C:\Users\Owner\Desktop\Fall2023\CSE275\6D Pose\training_data_filtered\training_data\v2.2\1-61-4_color_kinect.png
2-19-6,cracker_box,14,z2|x2,195,3.3224289391523087,0.13304688,3.3224289391523087,0.13304688036441803,0.0,0.0,0.0,0.0,False,True,C:\Users\Owner\Desktop\Fall2023\CSE275\6D Pose\training_data_filtered\training_data\v2.2\2-19-6_color_kinect.png
1-63-18,cracker_box,14,z2|x2,185,1.1971571088880741,0.2551635,3.3164479587264126,0.1414082306920435,-2.1192908498383387,0.11375526008020381,0.4243421052631579,0.17678903883118657,False,True,C:\Users\Owner\Desktop\Fall2023\CSE275\6D Pose\training_data_filtered\training_data\v2.2\1-63-18_color_kinect.png
1-46-7,master_chef_can,39,zinf|x2,382,3.313301683976679,0.26227728,3.313301683976679,0.2622772753238678,0.0,0.0,0.0,0.0,False,True,C:\Users\Owner\Desktop\Fall2023\CSE275\6D Pose\training_data_filtered\training_data\v2.2\1-46-7_color_kinect.png
1-24-8,pudding_box,51,z2|x2,196,2.240891896988223,0.21985427,3.308902307235868,0.09675731199041224,-1.0680104102476449,0.12309695346101904,0.4011142061281337,0.15983223070102046,False,True,C:\Users\Owner\Desktop\Fall2023\CSE275\6D Pose\training_data_filtered\training_data\v2.2\1-24-8_color_kinect.png
2-68-12,bleach_cleanser,8,z2,1176,3.3059877159347946,0.23045011,3.3059877159347946,0.2304501086473465,0.0,0.0,0.0,0.0,False,True,C:\Users\Owner\Desktop\Fall2023\CSE275\6D Pose\training_data_filtered\training_data\v2.2\2-68-12_color_kinect.png
1-84-16,gelatin_box,30,z2|x2,424,3.607125589506124,0.29046962,3.2874005430437427,0.10513002859731423,0.3197250464623811,0.1853395880542208,0.3104972375690608,0.15516926237369924,False,True,C:\Users\Owner\Desktop\Fall2023\CSE275\6D Pose\training_data_filtered\training_data\v2.2\1-84-16_color_kinect.png
1-53-14,pudding_box,51,z2|x2,210,2.7195854655700966,0.23238696,3.28298998963231,0.10432027056435351,-0.5634045240622134,0.1280666910149693,0.39275766016713093,0.16547532931295478,False,True,C:\Users\Owner\Desktop\Fall2023\CSE275\6D Pose\training_data_filtered\training_data\v2.2\1-53-14_color_kinect.png
2-64-20,e_toy_airplane,21,z2,139,3.282788364097149,0.17481358,3.282788364097149,0.17481358349323273,0.0,0.0,0.0,0.0,False,True,C:\Users\Owner\Desktop\Fall2023\CSE275\6D Pose\training_data_filtered\training_data\v2.2\2-64-20_color_kinect.png
1-69-3,cracker_box,14,z2|x2,160,1.3774182944027469,0.14111295,3.2802567626303527,0.11503435381064032,-1.9028384682276058,0.02607859961381341,0.3618421052631579,0.16081569389103376,False,True,C:\Users\Owner\Desktop\Fall2023\CSE275\6D Pose\training_data_filtered\training_data\v2.2\1-69-3_color_kinect.png
1-49-19,pudding_box,51,z2|x2,209,0.9363050802742043,0.19743636,3.2731717758416803,0.11014009367683614,-2.336866695567476,0.08729626882812297,0.4206128133704735,0.16303875912241675,False,True,C:\Users\Owner\Desktop\Fall2023\CSE275\6D Pose\training_data_filtered\training_data\v2.2\1-49-19_color_kinect.png
1-56-17,gelatin_box,30,z2|x2,251,4.190319910195969,0.4984156,3.2644714635399605,0.13648367613094636,0.9258484466560084,0.3619319132016342,0.1690450054884742,0.16867207812304266,False,True,C:\Users\Owner\Desktop\Fall2023\CSE275\6D Pose\training_data_filtered\training_data\v2.2\1-56-17_color_kinect.png
1-83-10,tomato_soup_can,56,zinf|x2,598,3.262426851116127,0.4435128,3.262426851116127,0.44351279735565186,0.0,0.0,0.0,0.0,False,True,C:\Users\Owner\Desktop\Fall2023\CSE275\6D Pose\training_data_filtered\training_data\v2.2\1-83-10_color_kinect.png
2-93-1,pudding_box,51,z2|x2,201,3.8047623820715697,0.068398364,3.2549546270579053,0.11686287683703155,0.5498077550136644,-0.04846451294876784,0.38997214484679665,0.16842225623823406,False,True,C:\Users\Owner\Desktop\Fall2023\CSE275\6D Pose\training_data_filtered\training_data\v2.2\2-93-1_color_kinect.png
2-23-6,rubiks_cube,52,z4|x4|y4,506,3.25308529041447,0.27800775,3.25308529041447,0.27800774574279785,0.0,0.0,0.0,0.0,False,True,C:\Users\Owner\Desktop\Fall2023\CSE275\6D Pose\training_data_filtered\training_data\v2.2\2-23-6_color_kinect.png
1-92-8,tomato_soup_can,56,zinf|x2,723,3.2333198940791106,0.1517595,3.2333198940791106,0.15175950527191162,0.0,0.0,0.0,0.0,False,True,C:\Users\Owner\Desktop\Fall2023\CSE275\6D Pose\training_data_filtered\training_data\v2.2\1-92-8_color_kinect.png
1-64-7,sugar_box,55,z2|x2,212,3.217792817608167,0.34054905,3.217792817608167,0.3405490517616272,0.0,0.0,0.0,0.0,False,True,C:\Users\Owner\Desktop\Fall2023\CSE275\6D Pose\training_data_filtered\training_data\v2.2\1-64-7_color_kinect.png
2-74-5,master_chef_can,39,zinf|x2,365,3.2150452606955797,0.117041156,3.2150452606955797,0.11704115569591522,0.0,0.0,0.0,0.0,False,True,C:\Users\Owner\Desktop\Fall2023\CSE275\6D Pose\training_data_filtered\training_data\v2.2\2-74-5_color_kinect.png
2-70-5,a_lego_duplo,1,z2,165,3.2148773632941965,0.17237075,3.2148773632941965,0.17237074673175812,0.0,0.0,0.0,0.0,False,True,C:\Users\Owner\Desktop\Fall2023\CSE275\6D Pose\training_data_filtered\training_data\v2.2\2-70-5_color_kinect.png
2-65-11,jenga,35,z2|x2,505,2.713152941710563,0.3711373,3.2073271868102773,0.13423097118565036,-0.4941742450997144,0.23690632000735806,0.27634011090573013,0.14575404919927148,False,True,C:\Users\Owner\Desktop\Fall2023\CSE275\6D Pose\training_data_filtered\training_data\v2.2\2-65-11_color_kinect.png
1-53-14,tomato_soup_can,56,zinf|x2,691,3.193032975049967,0.29881674,3.193032975049967,0.2988167405128479,0.0,0.0,0.0,0.0,False,True,C:\Users\Owner\Desktop\Fall2023\CSE275\6D Pose\training_data_filtered\training_data\v2.2\1-53-14_color_kinect.png
2-38-17,master_chef_can,39,zinf|x2,72,8.754141905324044,0.3676253,3.182154486978288,0.5089198671084036,5.571987418345756,-0.1412945709925284,0.07407407407407407,0.16031076777671846,False,True,C:\Users\Owner\Desktop\Fall2023\CSE275\6D Pose\training_data_filtered\training_data\v2.2\2-38-17_color_kinect.png
1-88-8,tomato_soup_can,56,zinf|x2,709,3.1795969103804187,0.3330596,3.1795969103804187,0.3330596089363098,0.0,0.0,0.0,0.0,False,True,C:\Users\Owner\Desktop\Fall2023\CSE275\6D Pose\training_data_filtered\training_data\v2.2\1-88-8_color_kinect.png
1-13-7,pudding_box,51,z2|x2,223,1.803767973743778,0.1960905,3.1719776653847838,0.104746832875495,-1.3682096916410058,0.09134367165159699,0.4005602240896359,0.17190359602238164,False,True,C:\Users\Owner\Desktop\Fall2023\CSE275\6D Pose\training_data_filtered\training_data\v2.2\1-13-7_color_kinect.png
2-54-15,cracker_box,14,z2|x2,187,6.99536838549368,0.2111622,3.1659126884504127,0.18858290891588117,3.829455697043267,0.02257928569376086,0.34868421052631576,0.1703273696845033,False,True,C:\Users\Owner\Desktop\Fall2023\CSE275\6D Pose\training_data_filtered\training_data\v2.2\2-54-15_color_kinect.png
2-21-18,rubiks_cube,52,z4|x4|y4,474,2.6557960375745755,0.1921927,3.1650149115455926,0.1057341778607686,-0.5092188739710171,0.0864585256247203,0.3502202643171806,0.16918977216172504,False,True,C:\Users\Owner\Desktop\Fall2023\CSE275\6D Pose\training_data_filtered\training_data\v2.2\2-21-18_color_kinect.png
2-23-9,foam_brick,26,z2|x4|y2,563,3.1645873319521662,0.114557184,3.1645873319521662,0.114557184278965,0.0,0.0,0.0,0.0,False,True,C:\Users\Owner\Desktop\Fall2023\CSE275\6D Pose\training_data_filtered\training_data\v2.2\2-23-9_color_kinect.png
2-90-11,b_lego_duplo,5,z4,196,1.3962921590362756,0.10041932,3.1516911199030737,0.13845118606877613,-1.7553989608667981,-0.038031865902665135,0.3855072463768116,0.16774545118470968,False,True,C:\Users\Owner\Desktop\Fall2023\CSE275\6D Pose\training_data_filtered\training_data\v2.2\2-90-11_color_kinect.png
1-44-3,pudding_box,51,z2|x2,182,5.436463226058327,0.4979439,3.145832926724544,0.235756628636009,2.2906302993337833,0.2621872793401415,0.3732590529247911,0.17089884923641052,False,True,C:\Users\Owner\Desktop\Fall2023\CSE275\6D Pose\training_data_filtered\training_data\v2.2\1-44-3_color_kinect.png
2-6-3,e_toy_airplane,21,z2,123,3.1410673531484057,0.036829785,3.1410673531484057,0.036829784512519836,0.0,0.0,0.0,0.0,False,True,C:\Users\Owner\Desktop\Fall2023\CSE275\6D Pose\training_data_filtered\training_data\v2.2\2-6-3_color_kinect.png
2-2-6,master_chef_can,39,zinf|x2,356,3.1392054559832068,0.08871504,3.1392054559832068,0.08871503919363022,0.0,0.0,0.0,0.0,False,True,C:\Users\Owner\Desktop\Fall2023\CSE275\6D Pose\training_data_filtered\training_data\v2.2\2-2-6_color_kinect.png
2-25-7,gelatin_box,30,z2|x2,450,3.1360448027650243,0.13051422,3.1360448027650243,0.1305142194032669,0.0,0.0,0.0,0.0,False,True,C:\Users\Owner\Desktop\Fall2023\CSE275\6D Pose\training_data_filtered\training_data\v2.2\2-25-7_color_kinect.png
1-51-11,pudding_box,51,z2|x2,209,2.3062589353310035,0.20926492,3.1185530111295594,0.08149778813044065,-0.812294075798556,0.12776713103135592,0.43454038997214484,0.16681219242223883,False,True,C:\Users\Owner\Desktop\Fall2023\CSE275\6D Pose\training_data_filtered\training_data\v2.2\1-51-11_color_kinect.png
2-18-8,cracker_box,14,z2|x2,206,0.491863452504024,0.13030341,3.1156613414191265,0.14356074698071253,-2.6237978889151026,-0.013257334304854984,0.41118421052631576,0.16380389632763753,False,True,C:\Users\Owner\Desktop\Fall2023\CSE275\6D Pose\training_data_filtered\training_data\v2.2\2-18-8_color_kinect.png
1-29-11,cracker_box,14,z2|x2,189,3.1130242460970816,0.17058003,3.1130242460970816,0.17058002948760986,0.0,0.0,0.0,0.0,False,True,C:\Users\Owner\Desktop\Fall2023\CSE275\6D Pose\training_data_filtered\training_data\v2.2\1-29-11_color_kinect.png
2-64-20,sugar_box,55,z2|x2,235,3.0927481007893562,0.2705031,3.0927481007893562,0.27050310373306274,0.0,0.0,0.0,0.0,False,True,C:\Users\Owner\Desktop\Fall2023\CSE275\6D Pose\training_data_filtered\training_data\v2.2\2-64-20_color_kinect.png
1-36-9,pudding_box,51,z2|x2,223,3.480730053917495,0.121541485,3.0487989147777084,0.1191929079677691,0.4319311391397864,0.002348577222622439,0.4011142061281337,0.1762298723774346,False,True,C:\Users\Owner\Desktop\Fall2023\CSE275\6D Pose\training_data_filtered\training_data\v2.2\1-36-9_color_kinect.png
2-75-4,bleach_cleanser,8,z2,1490,3.0401292421858783,0.2135689,3.0401292421858783,0.21356889605522156,0.0,0.0,0.0,0.0,False,True,C:\Users\Owner\Desktop\Fall2023\CSE275\6D Pose\training_data_filtered\training_data\v2.2\2-75-4_color_kinect.png
2-52-0,tomato_soup_can,56,zinf|x2,708,3.0310247770934735,0.28936687,3.0310247770934735,0.28936687111854553,0.0,0.0,0.0,0.0,False,True,C:\Users\Owner\Desktop\Fall2023\CSE275\6D Pose\training_data_filtered\training_data\v2.2\2-52-0_color_kinect.png
1-35-17,pudding_box,51,z2|x2,209,2.650546874575016,0.38304386,3.02762574012511,0.09535715900765597,-0.3770788655500943,0.2876866964210397,0.38440111420612816,0.16422619773378624,False,True,C:\Users\Owner\Desktop\Fall2023\CSE275\6D Pose\training_data_filtered\training_data\v2.2\1-35-17_color_kinect.png
2-7-9,e_toy_airplane,21,z2,124,3.0222174218618023,0.07168686,3.0222174218618023,0.07168685644865036,0.0,0.0,0.0,0.0,False,True,C:\Users\Owner\Desktop\Fall2023\CSE275\6D Pose\training_data_filtered\training_data\v2.2\2-7-9_color_kinect.png
2-77-11,bleach_cleanser,8,z2,1495,3.013975931986417,0.15608309,3.013975931986417,0.1560830920934677,0.0,0.0,0.0,0.0,False,True,C:\Users\Owner\Desktop\Fall2023\CSE275\6D Pose\training_data_filtered\training_data\v2.2\2-77-11_color_kinect.png
2-22-1,bleach_cleanser,8,z2,1239,3.013182064795709,0.3597622,3.013182064795709,0.35976219177246094,0.0,0.0,0.0,0.0,False,True,C:\Users\Owner\Desktop\Fall2023\CSE275\6D Pose\training_data_filtered\training_data\v2.2\2-22-1_color_kinect.png
2-6-3,master_chef_can,39,zinf|x2,373,3.0059746928764732,0.22883552,3.0059746928764732,0.22883552312850952,0.0,0.0,0.0,0.0,False,True,C:\Users\Owner\Desktop\Fall2023\CSE275\6D Pose\training_data_filtered\training_data\v2.2\2-6-3_color_kinect.png
1-65-16,sugar_box,55,z2|x2,285,2.9999316709707644,0.09618115,2.9999316709707644,0.09618114680051804,0.0,0.0,0.0,0.0,False,True,C:\Users\Owner\Desktop\Fall2023\CSE275\6D Pose\training_data_filtered\training_data\v2.2\1-65-16_color_kinect.png
2-98-18,bleach_cleanser,8,z2,1585,2.999792681072756,0.2400365,2.999792681072756,0.2400365024805069,0.0,0.0,0.0,0.0,False,True,C:\Users\Owner\Desktop\Fall2023\CSE275\6D Pose\training_data_filtered\training_data\v2.2\2-98-18_color_kinect.png
2-4-5,sugar_box,55,z2|x2,262,3.313240808009219,0.33614814,2.9940902588604272,0.16655887275168352,0.3191505491487918,0.1695892700629527,0.30642201834862387,0.16964382634645972,False,True,C:\Users\Owner\Desktop\Fall2023\CSE275\6D Pose\training_data_filtered\training_data\v2.2\2-4-5_color_kinect.png
2-14-17,pudding_box,51,z2|x2,218,2.603118251772296,0.26843423,2.991503741846004,0.1335192878384993,-0.3883854900737078,0.13491493867440962,0.41225626740947074,0.1649092055159773,False,True,C:\Users\Owner\Desktop\Fall2023\CSE275\6D Pose\training_data_filtered\training_data\v2.2\2-14-17_color_kinect.png
2-19-6,bleach_cleanser,8,z2,1441,2.9912831788096614,0.23804535,2.9912831788096614,0.2380453497171402,0.0,0.0,0.0,0.0,False,True,C:\Users\Owner\Desktop\Fall2023\CSE275\6D Pose\training_data_filtered\training_data\v2.2\2-19-6_color_kinect.png
2-74-5,sugar_box,55,z2|x2,180,2.6543281665074243,0.35405767,2.988700789490697,0.2712732225532096,-0.33437262298327264,0.08278444708637778,0.1761467889908257,0.1703853473366794,False,True,C:\Users\Owner\Desktop\Fall2023\CSE275\6D Pose\training_data_filtered\training_data\v2.2\2-74-5_color_kinect.png
1-87-19,tuna_fish_can,57,zinf|x2,120,2.971138988966128,0.17171071,2.971138988966128,0.17171071469783783,0.0,0.0,0.0,0.0,False,True,C:\Users\Owner\Desktop\Fall2023\CSE275\6D Pose\training_data_filtered\training_data\v2.2\1-87-19_color_kinect.png
1-86-9,tomato_soup_can,56,zinf|x2,719,2.9624936961580124,0.2454994,2.9624936961580124,0.2454994022846222,0.0,0.0,0.0,0.0,False,True,C:\Users\Owner\Desktop\Fall2023\CSE275\6D Pose\training_data_filtered\training_data\v2.2\1-86-9_color_kinect.png
1-97-13,tomato_soup_can,56,zinf|x2,692,2.9622593498514864,0.3336977,2.9622593498514864,0.33369770646095276,0.0,0.0,0.0,0.0,False,True,C:\Users\Owner\Desktop\Fall2023\CSE275\6D Pose\training_data_filtered\training_data\v2.2\1-97-13_color_kinect.png
2-86-18,cracker_box,14,z2|x2,113,2.955121460664419,0.39762798,2.955121460664419,0.39762797951698303,0.0,0.0,0.0,0.0,False,True,C:\Users\Owner\Desktop\Fall2023\CSE275\6D Pose\training_data_filtered\training_data\v2.2\2-86-18_color_kinect.png
2-75-4,pudding_box,51,z2|x2,183,1.3143290810769568,0.28931662,2.9525101953243444,0.13019216711478043,-1.6381811142473877,0.15912445728821945,0.3286908077994429,0.1585517806050709,False,True,C:\Users\Owner\Desktop\Fall2023\CSE275\6D Pose\training_data_filtered\training_data\v2.2\2-75-4_color_kinect.png
1-97-9,tomato_soup_can,56,zinf|x2,714,2.9332245945232844,0.21589713,2.9332245945232844,0.21589712798595428,0.0,0.0,0.0,0.0,False,True,C:\Users\Owner\Desktop\Fall2023\CSE275\6D Pose\training_data_filtered\training_data\v2.2\1-97-9_color_kinect.png
1-38-10,pudding_box,51,z2|x2,192,4.8539569254271555,0.08175143,2.929692325586578,0.11992590863567634,1.9242645998405776,-0.03817448009115501,0.3342618384401114,0.1645388411101716,False,True,C:\Users\Owner\Desktop\Fall2023\CSE275\6D Pose\training_data_filtered\training_data\v2.2\1-38-10_color_kinect.png
2-35-7,pudding_box,51,z2|x2,203,3.345360298192059,0.20109415,2.9289475181076474,0.1215579906981319,0.4164127800844115,0.07953615984508099,0.4233983286908078,0.16026087610233758,False,True,C:\Users\Owner\Desktop\Fall2023\CSE275\6D Pose\training_data_filtered\training_data\v2.2\2-35-7_color_kinect.png
2-1-6,master_chef_can,39,zinf|x2,369,2.9286777633989836,0.2736735,2.9286777633989836,0.27367350459098816,0.0,0.0,0.0,0.0,False,True,C:\Users\Owner\Desktop\Fall2023\CSE275\6D Pose\training_data_filtered\training_data\v2.2\2-1-6_color_kinect.png
1-56-13,pudding_box,51,z2|x2,221,2.0217271731770508,0.21142785,2.920873135395493,0.11130351050682057,-0.8991459622184421,0.10012434200458538,0.45125348189415043,0.16868133433890858,False,True,C:\Users\Owner\Desktop\Fall2023\CSE275\6D Pose\training_data_filtered\training_data\v2.2\1-56-13_color_kinect.png
2-38-4,nine_hole_peg_test,43,no,200,0.6233210250548946,0.47892845,2.9169521466064965,0.0734353131066851,-2.293631121551602,0.40549313366302925,0.23440134907251264,0.16056475878183354,False,True,C:\Users\Owner\Desktop\Fall2023\CSE275\6D Pose\training_data_filtered\training_data\v2.2\2-38-4_color_kinect.png
2-36-8,sugar_box,55,z2|x2,249,2.9139240797442496,0.39393523,2.9139240797442496,0.3939352333545685,0.0,0.0,0.0,0.0,False,True,C:\Users\Owner\Desktop\Fall2023\CSE275\6D Pose\training_data_filtered\training_data\v2.2\2-36-8_color_kinect.png
2-14-14,rubiks_cube,52,z4|x4|y4,501,2.9072451395264216,0.23528022,2.9072451395264216,0.23528021574020386,0.0,0.0,0.0,0.0,False,True,C:\Users\Owner\Desktop\Fall2023\CSE275\6D Pose\training_data_filtered\training_data\v2.2\2-14-14_color_kinect.png
1-40-17,pudding_box,51,z2|x2,221,2.83783441708156,0.21694906,2.8999759884752487,0.1004262354695225,-0.06214157139368881,0.11652282508975026,0.362116991643454,0.16029156006570286,False,True,C:\Users\Owner\Desktop\Fall2023\CSE275\6D Pose\training_data_filtered\training_data\v2.2\1-40-17_color_kinect.png
1-46-0,cracker_box,14,z2|x2,193,5.222507621021111,0.18093178,2.8969673262289874,0.10222390427502998,2.3255402947921238,0.07870787248697869,0.4131147540983607,0.17571885425419165,False,True,C:\Users\Owner\Desktop\Fall2023\CSE275\6D Pose\training_data_filtered\training_data\v2.2\1-46-0_color_kinect.png
1-32-5,pudding_box,51,z2|x2,219,1.037057757352781,0.10646668,2.8935183991418847,0.10218201471203275,-1.8564606417891036,0.004284666053119224,0.41225626740947074,0.1696873265185886,False,True,C:\Users\Owner\Desktop\Fall2023\CSE275\6D Pose\training_data_filtered\training_data\v2.2\1-32-5_color_kinect.png
2-14-17,master_chef_can,39,zinf|x2,376,2.892905051306807,0.18292587,2.892905051306807,0.18292586505413055,0.0,0.0,0.0,0.0,False,True,C:\Users\Owner\Desktop\Fall2023\CSE275\6D Pose\training_data_filtered\training_data\v2.2\2-14-17_color_kinect.png
2-21-18,d_toy_airplane,18,zinf,132,2.881906013340785,0.14125171,2.881906013340785,0.14125171303749084,0.0,0.0,0.0,0.0,False,True,C:\Users\Owner\Desktop\Fall2023\CSE275\6D Pose\training_data_filtered\training_data\v2.2\2-21-18_color_kinect.png
2-84-0,tomato_soup_can,56,zinf|x2,715,2.876319824642337,0.2235072,2.876319824642337,0.22350719571113586,0.0,0.0,0.0,0.0,False,True,C:\Users\Owner\Desktop\Fall2023\CSE275\6D Pose\training_data_filtered\training_data\v2.2\2-84-0_color_kinect.png
2-71-10,pudding_box,51,z2|x2,208,2.369619093793988,0.088656686,2.871453341710541,0.11049409654310446,-0.5018342479165532,-0.021837410296709353,0.36768802228412256,0.16201177857995858,False,True,C:\Users\Owner\Desktop\Fall2023\CSE275\6D Pose\training_data_filtered\training_data\v2.2\2-71-10_color_kinect.png
1-46-20,cracker_box,14,z2|x2,187,2.86736784554784,0.042460848,2.86736784554784,0.042460847645998,0.0,0.0,0.0,0.0,False,True,C:\Users\Owner\Desktop\Fall2023\CSE275\6D Pose\training_data_filtered\training_data\v2.2\1-46-20_color_kinect.png
2-51-3,bleach_cleanser,8,z2,1439,2.8653587442063313,0.2405112,2.8653587442063313,0.2405111938714981,0.0,0.0,0.0,0.0,False,True,C:\Users\Owner\Desktop\Fall2023\CSE275\6D Pose\training_data_filtered\training_data\v2.2\2-51-3_color_kinect.png
1-34-7,pudding_box,51,z2|x2,221,0.7579561146864645,0.14592339,2.863346292985411,0.11769002429425349,-2.1053901782989466,0.02823336669028173,0.42896935933147634,0.170786787847111,False,True,C:\Users\Owner\Desktop\Fall2023\CSE275\6D Pose\training_data_filtered\training_data\v2.2\1-34-7_color_kinect.png
1-79-2,master_chef_can,39,zinf|x2,367,2.8625403736968202,0.25419396,2.8625403736968202,0.2541939616203308,0.0,0.0,0.0,0.0,False,True,C:\Users\Owner\Desktop\Fall2023\CSE275\6D Pose\training_data_filtered\training_data\v2.2\1-79-2_color_kinect.png
2-58-11,foam_brick,26,z2|x4|y2,506,2.8553202099938755,0.24578835,2.8553202099938755,0.2457883507013321,0.0,0.0,0.0,0.0,False,True,C:\Users\Owner\Desktop\Fall2023\CSE275\6D Pose\training_data_filtered\training_data\v2.2\2-58-11_color_kinect.png
1-4-10,potted_meat_can,48,z2|x2,600,2.8547258133490705,0.326567,2.8547258133490705,0.32656699419021606,0.0,0.0,0.0,0.0,False,True,C:\Users\Owner\Desktop\Fall2023\CSE275\6D Pose\training_data_filtered\training_data\v2.2\1-4-10_color_kinect.png
2-100-13,pudding_box,51,z2|x2,217,1.4876772511711862,0.061246462,2.8540043891059637,0.10073338489816905,-1.3663271379347774,-0.03948692273185969,0.415041782729805,0.16993439354515305,False,True,C:\Users\Owner\Desktop\Fall2023\CSE275\6D Pose\training_data_filtered\training_data\v2.2\2-100-13_color_kinect.png
1-56-17,pudding_box,51,z2|x2,206,1.2666325021808413,0.26464203,2.850646034873399,0.10440736946350719,-1.5840135326925577,0.16023466053717944,0.467966573816156,0.14942157989868074,False,True,C:\Users\Owner\Desktop\Fall2023\CSE275\6D Pose\training_data_filtered\training_data\v2.2\1-56-17_color_kinect.png
2-77-11,b_lego_duplo,5,z4,184,3.51271907878963,0.21910685,2.8396703982513363,0.17929719054215582,0.6730486805382938,0.03980966246611445,0.35276967930029157,0.1660419048378735,False,True,C:\Users\Owner\Desktop\Fall2023\CSE275\6D Pose\training_data_filtered\training_data\v2.2\2-77-11_color_kinect.png
2-91-11,bleach_cleanser,8,z2,1552,2.832327579121808,0.32896766,2.832327579121808,0.3289676606655121,0.0,0.0,0.0,0.0,False,True,C:\Users\Owner\Desktop\Fall2023\CSE275\6D Pose\training_data_filtered\training_data\v2.2\2-91-11_color_kinect.png
1-27-6,pudding_box,51,z2|x2,220,1.7067691168008023,0.18920389,2.8277217336624094,0.10740366710165507,-1.120952616861607,0.08180022107621664,0.415041782729805,0.17203309866516342,False,True,C:\Users\Owner\Desktop\Fall2023\CSE275\6D Pose\training_data_filtered\training_data\v2.2\1-27-6_color_kinect.png
2-56-0,cracker_box,14,z2|x2,196,1.5022045587877793,0.17953573,2.8224834502399148,0.13045069444547994,-1.3202788914521355,0.049085037227760725,0.4407894736842105,0.17434330377622312,False,True,C:\Users\Owner\Desktop\Fall2023\CSE275\6D Pose\training_data_filtered\training_data\v2.2\2-56-0_color_kinect.png
2-68-12,sugar_box,55,z2|x2,181,2.248275868656071,0.16911006,2.8074162850375277,0.12986928053787233,-0.5591404163814566,0.039240779200286846,0.1981651376146789,0.1639272258202367,False,True,C:\Users\Owner\Desktop\Fall2023\CSE275\6D Pose\training_data_filtered\training_data\v2.2\2-68-12_color_kinect.png
2-70-5,wood_block,58,z2|y2|x4,299,6.41916774600805,0.39248163,2.8038044360086958,0.16296277604091164,3.615363309999354,0.229518849039197,0.17091295116772823,0.16979072711229012,False,True,C:\Users\Owner\Desktop\Fall2023\CSE275\6D Pose\training_data_filtered\training_data\v2.2\2-70-5_color_kinect.png
1-27-6,sugar_box,55,z2|x2,342,1.8425613397327156,0.10082072,2.8035967361357024,0.11065129063477855,-0.9610353964029867,-0.009830570439008285,0.3992673992673993,0.17760967955982715,False,True,C:\Users\Owner\Desktop\Fall2023\CSE275\6D Pose\training_data_filtered\training_data\v2.2\1-27-6_color_kinect.png
1-24-8,cracker_box,14,z2|x2,189,3.617635007439081,0.26028997,2.8032487779410347,0.2939863975195651,0.8143862294980462,-0.03369643045947601,0.29508196721311475,0.17082327457805252,False,True,C:\Users\Owner\Desktop\Fall2023\CSE275\6D Pose\training_data_filtered\training_data\v2.2\1-24-8_color_kinect.png
1-29-11,pudding_box,51,z2|x2,222,1.9426168975196205,0.1279782,2.795836043295127,0.09919480413586132,-0.8532191457755065,0.028783401544985848,0.40947075208913647,0.17383195251253944,False,True,C:\Users\Owner\Desktop\Fall2023\CSE275\6D Pose\training_data_filtered\training_data\v2.2\1-29-11_color_kinect.png
2-23-8,master_chef_can,39,zinf|x2,383,2.795774464496561,0.08023834,2.795774464496561,0.08023834228515625,0.0,0.0,0.0,0.0,False,True,C:\Users\Owner\Desktop\Fall2023\CSE275\6D Pose\training_data_filtered\training_data\v2.2\2-23-8_color_kinect.png
2-67-12,a_lego_duplo,1,z2,185,2.7002851582703165,0.14252074,2.794780104389482,0.10893607544720599,-0.09449494611916576,0.033584665181036505,0.3094688221709007,0.1715159305876112,False,True,C:\Users\Owner\Desktop\Fall2023\CSE275\6D Pose\training_data_filtered\training_data\v2.2\2-67-12_color_kinect.png
2-4-5,e_lego_duplo,20,z2,374,0.7849672429417949,0.09958622,2.7869231626884217,0.13102341190156855,-2.001955919746627,-0.03143719330606379,0.30694275274056027,0.16893123058441117,False,True,C:\Users\Owner\Desktop\Fall2023\CSE275\6D Pose\training_data_filtered\training_data\v2.2\2-4-5_color_kinect.png
2-8-3,cracker_box,14,z2|x2,178,0.3457821573434023,0.06702395,2.7828662939194784,0.14126841620663258,-2.4370841365760763,-0.07424446837166401,0.3717105263157895,0.16838579183004568,False,True,C:\Users\Owner\Desktop\Fall2023\CSE275\6D Pose\training_data_filtered\training_data\v2.2\2-8-3_color_kinect.png
1-20-8,wood_block,58,z2|y2|x4,388,2.7732162373836045,0.26989523,2.7732162373836045,0.2698952257633209,0.0,0.0,0.0,0.0,False,True,C:\Users\Owner\Desktop\Fall2023\CSE275\6D Pose\training_data_filtered\training_data\v2.2\1-20-8_color_kinect.png
2-84-0,b_lego_duplo,5,z4,209,2.7602592889713033,0.14011267,2.7602592889713033,0.14011266827583313,0.0,0.0,0.0,0.0,False,True,C:\Users\Owner\Desktop\Fall2023\CSE275\6D Pose\training_data_filtered\training_data\v2.2\2-84-0_color_kinect.png
2-67-12,wood_block,58,z2|y2|x4,512,2.754467914114108,0.15508147,2.754467914114108,0.15508146584033966,0.0,0.0,0.0,0.0,False,True,C:\Users\Owner\Desktop\Fall2023\CSE275\6D Pose\training_data_filtered\training_data\v2.2\2-67-12_color_kinect.png
2-52-12,cracker_box,14,z2|x2,174,2.7478272344811483,0.09923078,2.7478272344811483,0.09923078119754791,0.0,0.0,0.0,0.0,False,True,C:\Users\Owner\Desktop\Fall2023\CSE275\6D Pose\training_data_filtered\training_data\v2.2\2-52-12_color_kinect.png
2-60-7,sugar_box,55,z2|x2,309,4.057372530955361,0.16549249,2.7402035561250266,0.15900788668395388,1.3171689748303348,0.00648460325001371,0.3614678899082569,0.17580444194602668,False,True,C:\Users\Owner\Desktop\Fall2023\CSE275\6D Pose\training_data_filtered\training_data\v2.2\2-60-7_color_kinect.png
1-2-18,potted_meat_can,48,z2|x2,776,2.7400926072398537,0.23629817,2.7400926072398537,0.23629817366600037,0.0,0.0,0.0,0.0,False,True,C:\Users\Owner\Desktop\Fall2023\CSE275\6D Pose\training_data_filtered\training_data\v2.2\1-2-18_color_kinect.png
1-54-6,pudding_box,51,z2|x2,220,1.5858471452041962,0.15800561,2.739894197905293,0.10580831437924161,-1.1540470527010969,0.05219729572913394,0.40668523676880225,0.17119362294516427,False,True,C:\Users\Owner\Desktop\Fall2023\CSE275\6D Pose\training_data_filtered\training_data\v2.2\1-54-6_color_kinect.png
1-5-11,pudding_box,51,z2|x2,209,1.512559158266361,0.27165252,2.7394726639898743,0.08547558531375567,-1.2269135057235134,0.18617693438915572,0.39106145251396646,0.1657821526458825,False,True,C:\Users\Owner\Desktop\Fall2023\CSE275\6D Pose\training_data_filtered\training_data\v2.2\1-5-11_color_kinect.png
2-80-11,bleach_cleanser,8,z2,1228,2.7227748051069263,0.5339402,2.7227748051069263,0.5339401960372925,0.0,0.0,0.0,0.0,False,True,C:\Users\Owner\Desktop\Fall2023\CSE275\6D Pose\training_data_filtered\training_data\v2.2\2-80-11_color_kinect.png
2-19-6,c_toy_airplane,13,zinf,175,1.4575754829884457,0.021534786,2.714996448738175,0.20121746370691612,-1.257420965749729,-0.17968267807859734,0.35844155844155845,0.1739774067093893,False,True,C:\Users\Owner\Desktop\Fall2023\CSE275\6D Pose\training_data_filtered\training_data\v2.2\2-19-6_color_kinect.png
1-12-2,pudding_box,51,z2|x2,193,2.947483329242129,0.24286017,2.7146422778569375,0.11107950095587783,0.23284105138519173,0.13178066726273485,0.38375350140056025,0.1669594303615554,False,True,C:\Users\Owner\Desktop\Fall2023\CSE275\6D Pose\training_data_filtered\training_data\v2.2\1-12-2_color_kinect.png
1-97-1,cracker_box,14,z2|x2,158,3.174274193219186,0.392888,2.7107536185896257,0.16333053873567746,0.4635205746295603,0.2295574708125098,0.3618421052631579,0.17123238146174694,False,True,C:\Users\Owner\Desktop\Fall2023\CSE275\6D Pose\training_data_filtered\training_data\v2.2\1-97-1_color_kinect.png
2-25-7,master_chef_can,39,zinf|x2,363,2.7101359753689187,0.105916545,2.7101359753689187,0.10591654479503632,0.0,0.0,0.0,0.0,False,True,C:\Users\Owner\Desktop\Fall2023\CSE275\6D Pose\training_data_filtered\training_data\v2.2\2-25-7_color_kinect.png
1-95-15,cracker_box,14,z2|x2,145,2.5521024614432046,0.24325843,2.709237367894717,0.11891373472144719,-0.15713490645151218,0.12434469683239345,0.3190789473684211,0.15896539233589627,False,True,C:\Users\Owner\Desktop\Fall2023\CSE275\6D Pose\training_data_filtered\training_data\v2.2\1-95-15_color_kinect.png
2-30-8,bleach_cleanser,8,z2,1575,2.701883357051367,0.23770627,2.701883357051367,0.2377062737941742,0.0,0.0,0.0,0.0,False,True,C:\Users\Owner\Desktop\Fall2023\CSE275\6D Pose\training_data_filtered\training_data\v2.2\2-30-8_color_kinect.png
1-92-8,cracker_box,14,z2|x2,182,2.6995058574376367,0.12946004,2.6995058574376367,0.12946003675460815,0.0,0.0,0.0,0.0,False,True,C:\Users\Owner\Desktop\Fall2023\CSE275\6D Pose\training_data_filtered\training_data\v2.2\1-92-8_color_kinect.png
2-25-7,pudding_box,51,z2|x2,225,2.6906028105828246,0.113205634,2.6906028105828246,0.11320563405752182,0.0,0.0,0.0,0.0,False,True,C:\Users\Owner\Desktop\Fall2023\CSE275\6D Pose\training_data_filtered\training_data\v2.2\2-25-7_color_kinect.png
2-26-13,wood_block,58,z2|y2|x4,473,2.686312805178937,0.29793578,2.686312805178937,0.2979357838630676,0.0,0.0,0.0,0.0,False,True,C:\Users\Owner\Desktop\Fall2023\CSE275\6D Pose\training_data_filtered\training_data\v2.2\2-26-13_color_kinect.png
2-6-3,sugar_box,55,z2|x2,286,2.0746825719439688,0.09349109,2.6774937787476976,0.1700571655507364,-0.6028112068037288,-0.07656607322647951,0.3926605504587156,0.141797517934152,False,True,C:\Users\Owner\Desktop\Fall2023\CSE275\6D Pose\training_data_filtered\training_data\v2.2\2-6-3_color_kinect.png
1-82-18,tomato_soup_can,56,zinf|x2,710,2.673135198314679,0.32814962,2.673135198314679,0.32814961671829224,0.0,0.0,0.0,0.0,False,True,C:\Users\Owner\Desktop\Fall2023\CSE275\6D Pose\training_data_filtered\training_data\v2.2\1-82-18_color_kinect.png
1-22-20,tomato_soup_can,56,zinf|x2,711,2.6680864650239324,0.29015929,2.6680864650239324,0.29015928506851196,0.0,0.0,0.0,0.0,False,True,C:\Users\Owner\Desktop\Fall2023\CSE275\6D Pose\training_data_filtered\training_data\v2.2\1-22-20_color_kinect.png
1-23-6,tuna_fish_can,57,zinf|x2,126,2.6627389793931457,0.04763169,2.6627389793931457,0.04763168841600418,0.0,0.0,0.0,0.0,False,True,C:\Users\Owner\Desktop\Fall2023\CSE275\6D Pose\training_data_filtered\training_data\v2.2\1-23-6_color_kinect.png
2-8-18,master_chef_can,39,zinf|x2,369,2.66041433924029,0.11461497,2.66041433924029,0.11461497098207474,0.0,0.0,0.0,0.0,False,True,C:\Users\Owner\Desktop\Fall2023\CSE275\6D Pose\training_data_filtered\training_data\v2.2\2-8-18_color_kinect.png
2-11-3,pudding_box,51,z2|x2,183,1.998000055956033,0.19789404,2.6584048742105932,0.22317052883517136,-0.6604048182545603,-0.025276492065304412,0.35097493036211697,0.1648203606413931,False,True,C:\Users\Owner\Desktop\Fall2023\CSE275\6D Pose\training_data_filtered\training_data\v2.2\2-11-3_color_kinect.png
1-32-5,gelatin_box,30,z2|x2,498,2.2986867188345887,0.36173424,2.656840859958684,0.1011376387988048,-0.3581541411240954,0.26059660244837235,0.35027624309392263,0.17348458267814293,False,True,C:\Users\Owner\Desktop\Fall2023\CSE275\6D Pose\training_data_filtered\training_data\v2.2\1-32-5_color_kinect.png
1-5-19,master_chef_can,39,zinf|x2,286,2.649752677288768,0.084105216,2.649752677288768,0.08410521596670151,0.0,0.0,0.0,0.0,False,True,C:\Users\Owner\Desktop\Fall2023\CSE275\6D Pose\training_data_filtered\training_data\v2.2\1-5-19_color_kinect.png
1-14-7,master_chef_can,39,zinf|x2,359,2.642517141678519,0.09012421,2.642517141678519,0.09012421220541,0.0,0.0,0.0,0.0,False,True,C:\Users\Owner\Desktop\Fall2023\CSE275\6D Pose\training_data_filtered\training_data\v2.2\1-14-7_color_kinect.png
2-76-9,bleach_cleanser,8,z2,1180,2.6185544597778776,0.3442931,2.6185544597778776,0.34429308772087097,0.0,0.0,0.0,0.0,False,True,C:\Users\Owner\Desktop\Fall2023\CSE275\6D Pose\training_data_filtered\training_data\v2.2\2-76-9_color_kinect.png
2-23-8,d_toy_airplane,18,zinf,125,2.6142555934787404,0.23459224,2.6142555934787404,0.2345922440290451,0.0,0.0,0.0,0.0,False,True,C:\Users\Owner\Desktop\Fall2023\CSE275\6D Pose\training_data_filtered\training_data\v2.2\2-23-8_color_kinect.png
2-74-10,b_lego_duplo,5,z4,179,2.6122947558398866,0.15647382,2.6122947558398866,0.1564738154411316,0.0,0.0,0.0,0.0,False,True,C:\Users\Owner\Desktop\Fall2023\CSE275\6D Pose\training_data_filtered\training_data\v2.2\2-74-10_color_kinect.png
2-67-12,sugar_box,55,z2|x2,336,2.513749738074638,0.14138162,2.5874557574538137,0.1589275114841586,-0.07370601937917565,-0.017545890123379787,0.3467889908256881,0.17575832160815877,False,True,C:\Users\Owner\Desktop\Fall2023\CSE275\6D Pose\training_data_filtered\training_data\v2.2\2-67-12_color_kinect.png
2-93-1,nine_hole_peg_test,43,no,339,1.819937118298923,0.13277486,2.585352731245694,0.12449748018072022,-0.7654156129467711,0.008277379486104117,0.4300168634064081,0.15502405805670139,False,True,C:\Users\Owner\Desktop\Fall2023\CSE275\6D Pose\training_data_filtered\training_data\v2.2\2-93-1_color_kinect.png
2-100-13,master_chef_can,39,zinf|x2,248,2.5850390505337604,0.36770877,2.5850390505337604,0.3677087724208832,0.0,0.0,0.0,0.0,False,True,C:\Users\Owner\Desktop\Fall2023\CSE275\6D Pose\training_data_filtered\training_data\v2.2\2-100-13_color_kinect.png
1-62-18,sugar_box,55,z2|x2,328,1.5257793407286284,0.18876186,2.5596631158000025,0.17301125142257756,-1.033883775071374,0.015750608709639846,0.3724770642201835,0.1734342926312285,False,True,C:\Users\Owner\Desktop\Fall2023\CSE275\6D Pose\training_data_filtered\training_data\v2.2\1-62-18_color_kinect.png
2-1-6,cracker_box,14,z2|x2,181,2.5593471083270285,0.18273903,2.5593471083270285,0.1827390342950821,0.0,0.0,0.0,0.0,False,True,C:\Users\Owner\Desktop\Fall2023\CSE275\6D Pose\training_data_filtered\training_data\v2.2\2-1-6_color_kinect.png
2-13-3,master_chef_can,39,zinf|x2,375,2.5498730763406003,0.08855943,2.5498730763406003,0.08855942636728287,0.0,0.0,0.0,0.0,False,True,C:\Users\Owner\Desktop\Fall2023\CSE275\6D Pose\training_data_filtered\training_data\v2.2\2-13-3_color_kinect.png
1-8-1,master_chef_can,39,zinf|x2,375,2.5407027608467936,0.16851635,2.5407027608467936,0.1685163527727127,0.0,0.0,0.0,0.0,False,True,C:\Users\Owner\Desktop\Fall2023\CSE275\6D Pose\training_data_filtered\training_data\v2.2\1-8-1_color_kinect.png
2-34-12,master_chef_can,39,zinf|x2,372,2.5354259998134774,0.1780564,2.5354259998134774,0.17805640399456024,0.0,0.0,0.0,0.0,False,True,C:\Users\Owner\Desktop\Fall2023\CSE275\6D Pose\training_data_filtered\training_data\v2.2\2-34-12_color_kinect.png
2-37-7,pudding_box,51,z2|x2,207,7.596486616680622,0.111043125,2.5339123291091363,0.17737017043572156,5.062574287571485,-0.0663270450447151,0.3398328690807799,0.17767566044757657,False,True,C:\Users\Owner\Desktop\Fall2023\CSE275\6D Pose\training_data_filtered\training_data\v2.2\2-37-7_color_kinect.png
2-49-11,sugar_box,55,z2|x2,319,2.5326341783216573,0.20631805,2.5326341783216573,0.20631805062294006,0.0,0.0,0.0,0.0,False,True,C:\Users\Owner\Desktop\Fall2023\CSE275\6D Pose\training_data_filtered\training_data\v2.2\2-49-11_color_kinect.png
2-35-4,pudding_box,51,z2|x2,168,0.7333469890884141,0.4126206,2.532158508466955,0.13806566419572971,-1.798811519378541,0.2745549398425088,0.3370473537604457,0.1568152461520666,False,True,C:\Users\Owner\Desktop\Fall2023\CSE275\6D Pose\training_data_filtered\training_data\v2.2\2-35-4_color_kinect.png
2-47-11,sugar_box,55,z2|x2,340,2.9241076793634093,0.2388353,2.530687422610081,0.11212932226631453,0.39342025675332826,0.12670598270919511,0.3871559633027523,0.17412710304580295,False,True,C:\Users\Owner\Desktop\Fall2023\CSE275\6D Pose\training_data_filtered\training_data\v2.2\2-47-11_color_kinect.png
1-13-19,pudding_box,51,z2|x2,215,2.6666606533791035,0.21462469,2.5303829885384155,0.18379060515980214,0.13627766484068804,0.030834082869487106,0.3788300835654596,0.17035325567002343,False,True,C:\Users\Owner\Desktop\Fall2023\CSE275\6D Pose\training_data_filtered\training_data\v2.2\1-13-19_color_kinect.png
1-91-8,potted_meat_can,48,z2|x2,605,2.5487491931805515,0.40106973,2.529065175831173,0.1546889778253217,0.019684017349378635,0.2463807526949267,0.2358490566037736,0.1714135007319661,False,True,C:\Users\Owner\Desktop\Fall2023\CSE275\6D Pose\training_data_filtered\training_data\v2.2\1-91-8_color_kinect.png
2-2-6,gelatin_box,30,z2|x2,494,1.6729797819584005,0.027333846,2.526985346689448,0.14763152630298826,-0.8540055647310476,-0.12029767998724672,0.3392070484581498,0.1693281145900782,False,True,C:\Users\Owner\Desktop\Fall2023\CSE275\6D Pose\training_data_filtered\training_data\v2.2\2-2-6_color_kinect.png
2-26-15,pudding_box,51,z2|x2,213,1.885069738008165,0.16010192,2.5192212443565114,0.10231134458132038,-0.6341515063483465,0.05779057578496685,0.37604456824512533,0.1645242530487421,False,True,C:\Users\Owner\Desktop\Fall2023\CSE275\6D Pose\training_data_filtered\training_data\v2.2\2-26-15_color_kinect.png
2-38-17,pudding_box,51,z2|x2,174,2.4087571974305027,0.2787208,2.5077491427660457,0.08607956856375504,-0.09899194533554301,0.1926412275444908,0.39275766016713093,0.14988273815830847,False,True,C:\Users\Owner\Desktop\Fall2023\CSE275\6D Pose\training_data_filtered\training_data\v2.2\2-38-17_color_kinect.png
1-54-18,jenga,35,z2|x2,465,1.5130217335774776,0.50835097,2.507025218015716,0.2498783982666705,-0.9940034844382386,0.2584725700942304,0.2255083179297597,0.16864521717549802,False,True,C:\Users\Owner\Desktop\Fall2023\CSE275\6D Pose\training_data_filtered\training_data\v2.2\1-54-18_color_kinect.png
1-21-8,cracker_box,14,z2|x2,188,2.5018110269739693,0.15363415,2.5018110269739693,0.15363414585590363,0.0,0.0,0.0,0.0,False,True,C:\Users\Owner\Desktop\Fall2023\CSE275\6D Pose\training_data_filtered\training_data\v2.2\1-21-8_color_kinect.png
1-46-6,pudding_box,51,z2|x2,200,3.6459326657502014,0.1741039,2.4889742163302495,0.2076333088555956,1.1569584494199519,-0.03352940806538107,0.3732590529247911,0.1582973319997071,False,True,C:\Users\Owner\Desktop\Fall2023\CSE275\6D Pose\training_data_filtered\training_data\v2.2\1-46-6_color_kinect.png
2-98-20,bleach_cleanser,8,z2,1524,2.485524140986407,0.371926,2.485524140986407,0.3719260096549988,0.0,0.0,0.0,0.0,False,True,C:\Users\Owner\Desktop\Fall2023\CSE275\6D Pose\training_data_filtered\training_data\v2.2\2-98-20_color_kinect.png
2-13-16,bleach_cleanser,8,z2,1247,2.4828386880304874,0.24895963,2.4828386880304874,0.24895963072776794,0.0,0.0,0.0,0.0,False,True,C:\Users\Owner\Desktop\Fall2023\CSE275\6D Pose\training_data_filtered\training_data\v2.2\2-13-16_color_kinect.png
2-98-20,prism,50,z2,300,2.482598021610918,0.1532424,2.482598021610918,0.15324239432811737,0.0,0.0,0.0,0.0,False,True,C:\Users\Owner\Desktop\Fall2023\CSE275\6D Pose\training_data_filtered\training_data\v2.2\2-98-20_color_kinect.png
1-24-8,sugar_box,55,z2|x2,349,1.1414993698144411,0.12276415,2.4721830710993506,0.10572863865798021,-1.3306837012849095,0.01703550916010832,0.3664825046040516,0.1690329663436154,False,True,C:\Users\Owner\Desktop\Fall2023\CSE275\6D Pose\training_data_filtered\training_data\v2.2\1-24-8_color_kinect.png
2-46-0,d_toy_airplane,18,zinf,128,2.4708389984709083,0.09755965,2.4708389984709083,0.09755965322256088,0.0,0.0,0.0,0.0,False,True,C:\Users\Owner\Desktop\Fall2023\CSE275\6D Pose\training_data_filtered\training_data\v2.2\2-46-0_color_kinect.png
2-79-3,d_toy_airplane,18,zinf,129,2.4695065678261163,0.045843154,2.4695065678261163,0.045843154191970825,0.0,0.0,0.0,0.0,False,True,C:\Users\Owner\Desktop\Fall2023\CSE275\6D Pose\training_data_filtered\training_data\v2.2\2-79-3_color_kinect.png
2-37-7,master_chef_can,39,zinf|x2,360,2.4693770935362447,0.1680815,2.4693770935362447,0.16808150708675385,0.0,0.0,0.0,0.0,False,True,C:\Users\Owner\Desktop\Fall2023\CSE275\6D Pose\training_data_filtered\training_data\v2.2\2-37-7_color_kinect.png
2-38-17,d_toy_airplane,18,zinf,131,2.467099190577809,0.06999453,2.467099190577809,0.06999453157186508,0.0,0.0,0.0,0.0,False,True,C:\Users\Owner\Desktop\Fall2023\CSE275\6D Pose\training_data_filtered\training_data\v2.2\2-38-17_color_kinect.png
2-65-11,potted_meat_can,48,z2|x2,644,2.449714533466872,0.35003075,2.449714533466872,0.3500307500362396,0.0,0.0,0.0,0.0,False,True,C:\Users\Owner\Desktop\Fall2023\CSE275\6D Pose\training_data_filtered\training_data\v2.2\2-65-11_color_kinect.png
2-42-15,cracker_box,14,z2|x2,172,3.815287851822729,0.33642966,2.4444699628921143,0.3066021704520171,1.3708178889306146,0.029827485099893303,0.29605263157894735,0.1746541082803497,False,True,C:\Users\Owner\Desktop\Fall2023\CSE275\6D Pose\training_data_filtered\training_data\v2.2\2-42-15_color_kinect.png
2-76-9,b_lego_duplo,5,z4,165,2.4109309905806056,0.2266691,2.4109309905806056,0.2266691029071808,0.0,0.0,0.0,0.0,False,True,C:\Users\Owner\Desktop\Fall2023\CSE275\6D Pose\training_data_filtered\training_data\v2.2\2-76-9_color_kinect.png
1-67-18,cracker_box,14,z2|x2,183,2.3859695727130785,0.123758905,2.3859695727130785,0.12375890463590622,0.0,0.0,0.0,0.0,False,True,C:\Users\Owner\Desktop\Fall2023\CSE275\6D Pose\training_data_filtered\training_data\v2.2\1-67-18_color_kinect.png
2-25-7,rubiks_cube,52,z4|x4|y4,380,2.373383613611003,0.2858114,2.373383613611003,0.2858113944530487,0.0,0.0,0.0,0.0,False,True,C:\Users\Owner\Desktop\Fall2023\CSE275\6D Pose\training_data_filtered\training_data\v2.2\2-25-7_color_kinect.png
1-4-17,master_chef_can,39,zinf|x2,362,2.3733709794776696,0.15396987,2.3733709794776696,0.153969869017601,0.0,0.0,0.0,0.0,False,True,C:\Users\Owner\Desktop\Fall2023\CSE275\6D Pose\training_data_filtered\training_data\v2.2\1-4-17_color_kinect.png
2-13-3,jenga,35,z2|x2,569,2.3713218198536263,0.26980668,2.3713218198536263,0.2698066830635071,0.0,0.0,0.0,0.0,False,True,C:\Users\Owner\Desktop\Fall2023\CSE275\6D Pose\training_data_filtered\training_data\v2.2\2-13-3_color_kinect.png
2-91-1,master_chef_can,39,zinf|x2,376,2.3574725892321147,0.15231545,2.3574725892321147,0.15231545269489288,0.0,0.0,0.0,0.0,False,True,C:\Users\Owner\Desktop\Fall2023\CSE275\6D Pose\training_data_filtered\training_data\v2.2\2-91-1_color_kinect.png
2-11-3,bleach_cleanser,8,z2,1473,2.3537369049684536,0.11331681,2.3537369049684536,0.11331681162118912,0.0,0.0,0.0,0.0,False,True,C:\Users\Owner\Desktop\Fall2023\CSE275\6D Pose\training_data_filtered\training_data\v2.2\2-11-3_color_kinect.png
1-91-8,cracker_box,14,z2|x2,175,3.8089906895435295,0.08730532,2.3534825971816646,0.27133387416015436,1.4555080923618648,-0.1840285518706875,0.40131578947368424,0.16038142339008993,False,True,C:\Users\Owner\Desktop\Fall2023\CSE275\6D Pose\training_data_filtered\training_data\v2.2\1-91-8_color_kinect.png
2-65-11,a_lego_duplo,1,z2,199,2.343124658283427,0.17102158,2.343124658283427,0.17102158069610596,0.0,0.0,0.0,0.0,False,True,C:\Users\Owner\Desktop\Fall2023\CSE275\6D Pose\training_data_filtered\training_data\v2.2\2-65-11_color_kinect.png
2-90-11,tomato_soup_can,56,zinf|x2,601,2.341165428030681,0.23280075,2.341165428030681,0.23280075192451477,0.0,0.0,0.0,0.0,False,True,C:\Users\Owner\Desktop\Fall2023\CSE275\6D Pose\training_data_filtered\training_data\v2.2\2-90-11_color_kinect.png
2-77-11,d_toy_airplane,18,zinf,127,2.336941444077907,0.17525107,2.336941444077907,0.1752510666847229,0.0,0.0,0.0,0.0,False,True,C:\Users\Owner\Desktop\Fall2023\CSE275\6D Pose\training_data_filtered\training_data\v2.2\2-77-11_color_kinect.png
2-72-13,d_toy_airplane,18,zinf,115,2.3366255848401756,0.101972,2.3366255848401756,0.10197199881076813,0.0,0.0,0.0,0.0,False,True,C:\Users\Owner\Desktop\Fall2023\CSE275\6D Pose\training_data_filtered\training_data\v2.2\2-72-13_color_kinect.png
2-71-10,sugar_box,55,z2|x2,335,1.5511234828728067,0.20362209,2.3320427668527968,0.10170251796669569,-0.7809192839799901,0.10191956986956988,0.47889908256880737,0.14679049064354452,False,True,C:\Users\Owner\Desktop\Fall2023\CSE275\6D Pose\training_data_filtered\training_data\v2.2\2-71-10_color_kinect.png
2-25-7,tomato_soup_can,56,zinf|x2,699,2.3317881573101285,0.34655115,2.3317881573101285,0.34655115008354187,0.0,0.0,0.0,0.0,False,True,C:\Users\Owner\Desktop\Fall2023\CSE275\6D Pose\training_data_filtered\training_data\v2.2\2-25-7_color_kinect.png
1-42-6,tuna_fish_can,57,zinf|x2,135,2.317348585446255,0.06050279,2.317348585446255,0.060502789914608,0.0,0.0,0.0,0.0,False,True,C:\Users\Owner\Desktop\Fall2023\CSE275\6D Pose\training_data_filtered\training_data\v2.2\1-42-6_color_kinect.png
1-86-9,pudding_box,51,z2|x2,206,2.008315789099652,0.23480451,2.317228312667206,0.1032553355244577,-0.30891252356755405,0.13154917554579376,0.42896935933147634,0.15246223320126803,False,True,C:\Users\Owner\Desktop\Fall2023\CSE275\6D Pose\training_data_filtered\training_data\v2.2\1-86-9_color_kinect.png
2-94-3,gelatin_box,30,z2|x2,517,1.5501289132055902,0.13970378,2.3165087115677276,0.11095926562582849,-0.7663797983621374,0.028744514786845463,0.35714285714285715,0.1707270214177786,False,True,C:\Users\Owner\Desktop\Fall2023\CSE275\6D Pose\training_data_filtered\training_data\v2.2\2-94-3_color_kinect.png
1-61-14,sugar_box,55,z2|x2,184,2.3384328692063394,0.43779942,2.315515319427704,0.34280537886288404,0.022917549778635582,0.09499404507014514,0.20917431192660552,0.1625898252688475,False,True,C:\Users\Owner\Desktop\Fall2023\CSE275\6D Pose\training_data_filtered\training_data\v2.2\1-61-14_color_kinect.png
2-35-4,d_toy_airplane,18,zinf,133,2.315177842994568,0.14505495,2.315177842994568,0.14505495131015778,0.0,0.0,0.0,0.0,False,True,C:\Users\Owner\Desktop\Fall2023\CSE275\6D Pose\training_data_filtered\training_data\v2.2\2-35-4_color_kinect.png
2-26-17,bleach_cleanser,8,z2,1518,2.312820862132171,0.2408966,2.312820862132171,0.24089659750461578,0.0,0.0,0.0,0.0,False,True,C:\Users\Owner\Desktop\Fall2023\CSE275\6D Pose\training_data_filtered\training_data\v2.2\2-26-17_color_kinect.png
1-6-2,pudding_box,51,z2|x2,151,2.50738690583995,0.50029284,2.3122061979048896,0.3486999068336996,0.19518070793506048,0.15159293078608188,0.24581005586592178,0.1578479533097439,False,True,C:\Users\Owner\Desktop\Fall2023\CSE275\6D Pose\training_data_filtered\training_data\v2.2\1-6-2_color_kinect.png
1-53-13,potted_meat_can,48,z2|x2,756,2.3018589104891767,0.2594614,2.3018589104891767,0.2594614028930664,0.0,0.0,0.0,0.0,False,True,C:\Users\Owner\Desktop\Fall2023\CSE275\6D Pose\training_data_filtered\training_data\v2.2\1-53-13_color_kinect.png
2-12-2,bleach_cleanser,8,z2,1404,2.2999091678845756,0.3102653,2.2999091678845756,0.31026530265808105,0.0,0.0,0.0,0.0,False,True,C:\Users\Owner\Desktop\Fall2023\CSE275\6D Pose\training_data_filtered\training_data\v2.2\2-12-2_color_kinect.png
1-54-18,tomato_soup_can,56,zinf|x2,699,2.299807280034682,0.36690354,2.299807280034682,0.36690354347229004,0.0,0.0,0.0,0.0,False,True,C:\Users\Owner\Desktop\Fall2023\CSE275\6D Pose\training_data_filtered\training_data\v2.2\1-54-18_color_kinect.png
1-67-18,sugar_box,55,z2|x2,328,1.6841425982607077,0.24460508,2.299581321431223,0.13904726321716326,-0.6154387231705152,0.10555781607608777,0.42201834862385323,0.1639369646488804,False,True,C:\Users\Owner\Desktop\Fall2023\CSE275\6D Pose\training_data_filtered\training_data\v2.2\1-67-18_color_kinect.png
2-63-13,a_lego_duplo,1,z2,190,3.3578447972197583,0.2744781,2.297105120062815,0.1565858068218688,1.0607396771569433,0.11789230086894237,0.32413793103448274,0.16437692219098746,False,True,C:\Users\Owner\Desktop\Fall2023\CSE275\6D Pose\training_data_filtered\training_data\v2.2\2-63-13_color_kinect.png
1-50-2,wood_block,58,z2|y2|x4,502,2.296568202458572,0.26314962,2.296568202458572,0.263149619102478,0.0,0.0,0.0,0.0,False,True,C:\Users\Owner\Desktop\Fall2023\CSE275\6D Pose\training_data_filtered\training_data\v2.2\1-50-2_color_kinect.png
2-11-3,c_toy_airplane,13,zinf,173,2.2957441367601517,0.15506355,2.2957441367601517,0.15506355464458466,0.0,0.0,0.0,0.0,False,True,C:\Users\Owner\Desktop\Fall2023\CSE275\6D Pose\training_data_filtered\training_data\v2.2\2-11-3_color_kinect.png
1-65-16,tomato_soup_can,56,zinf|x2,689,2.2899623315395305,0.20496862,2.2899623315395305,0.2049686163663864,0.0,0.0,0.0,0.0,False,True,C:\Users\Owner\Desktop\Fall2023\CSE275\6D Pose\training_data_filtered\training_data\v2.2\1-65-16_color_kinect.png
1-97-9,cracker_box,14,z2|x2,180,2.371693867260772,0.24133448,2.283534834886811,0.14816440407384657,0.08815903237396094,0.09317007895361162,0.3980263157894737,0.16692466352981392,False,True,C:\Users\Owner\Desktop\Fall2023\CSE275\6D Pose\training_data_filtered\training_data\v2.2\1-97-9_color_kinect.png
2-71-10,b_lego_duplo,5,z4,174,1.917047594550475,0.09129715,2.280058886806609,0.16685750772738867,-0.36301129225613393,-0.07556035806918554,0.32456140350877194,0.17581990538947176,False,True,C:\Users\Owner\Desktop\Fall2023\CSE275\6D Pose\training_data_filtered\training_data\v2.2\2-71-10_color_kinect.png
1-27-10,sugar_box,55,z2|x2,286,4.555365096269534,0.040825635,2.2703390796425618,0.173315731822905,2.285026016626972,-0.13249009662812655,0.32532347504621073,0.1663879371927193,False,True,C:\Users\Owner\Desktop\Fall2023\CSE275\6D Pose\training_data_filtered\training_data\v2.2\1-27-10_color_kinect.png
2-73-20,b_lego_duplo,5,z4,206,0.5120983773351131,0.08930828,2.2641930480795995,0.09781176235153584,-1.7520946707444864,-0.008503485579036754,0.3710144927536232,0.16919490138637966,False,True,C:\Users\Owner\Desktop\Fall2023\CSE275\6D Pose\training_data_filtered\training_data\v2.2\2-73-20_color_kinect.png
2-67-12,tuna_fish_can,57,zinf|x2,127,3.085971673825759,0.09004112,2.256886732911524,0.10582278953523308,0.8290849409142349,-0.01578166620463997,0.4106280193236715,0.16707717230015823,False,True,C:\Users\Owner\Desktop\Fall2023\CSE275\6D Pose\training_data_filtered\training_data\v2.2\2-67-12_color_kinect.png
2-70-3,a_lego_duplo,1,z2,105,4.255379390747268,0.25087807,2.2435743747558976,0.3455483842651057,2.0118050159913703,-0.09467031844059703,0.14780600461893764,0.1669588665195711,False,True,C:\Users\Owner\Desktop\Fall2023\CSE275\6D Pose\training_data_filtered\training_data\v2.2\2-70-3_color_kinect.png
2-4-10,sugar_box,55,z2|x2,301,1.7966244211723021,0.18163994,2.2430266039379876,0.24686188893479824,-0.44640218276568544,-0.06522194938821316,0.28623853211009176,0.16941747646949226,False,True,C:\Users\Owner\Desktop\Fall2023\CSE275\6D Pose\training_data_filtered\training_data\v2.2\2-4-10_color_kinect.png
2-82-9,pudding_box,51,z2|x2,215,0.9992827687297596,0.14018261,2.2422706418069462,0.08119200669674671,-1.2429878730771866,0.05899060762973034,0.403899721448468,0.17185306765080302,False,True,C:\Users\Owner\Desktop\Fall2023\CSE275\6D Pose\training_data_filtered\training_data\v2.2\2-82-9_color_kinect.png
1-30-2,sugar_box,55,z2|x2,338,2.7226675121386097,0.20394877,2.239174395656246,0.09052868814190286,0.4834931164823635,0.11342007785121543,0.3901098901098901,0.1667201969729942,False,True,C:\Users\Owner\Desktop\Fall2023\CSE275\6D Pose\training_data_filtered\training_data\v2.2\1-30-2_color_kinect.png
1-1-15,master_chef_can,39,zinf|x2,377,2.2302521487267963,0.21974404,2.2302521487267963,0.21974404156208038,0.0,0.0,0.0,0.0,False,True,C:\Users\Owner\Desktop\Fall2023\CSE275\6D Pose\training_data_filtered\training_data\v2.2\1-1-15_color_kinect.png
1-62-18,wood_block,58,z2|y2|x4,527,1.3613910291567954,0.11044318,2.2286198309266037,0.09092357838385165,-0.8672288017698082,0.019519603905748723,0.39171974522292996,0.15802984407822365,False,True,C:\Users\Owner\Desktop\Fall2023\CSE275\6D Pose\training_data_filtered\training_data\v2.2\1-62-18_color_kinect.png
2-2-6,e_toy_airplane,21,z2,124,2.2222663651395296,0.12515935,2.2222663651395296,0.125159353017807,0.0,0.0,0.0,0.0,False,True,C:\Users\Owner\Desktop\Fall2023\CSE275\6D Pose\training_data_filtered\training_data\v2.2\2-2-6_color_kinect.png
2-7-9,cracker_box,14,z2|x2,192,2.2179973427812603,0.14522205,2.2179973427812603,0.14522205293178558,0.0,0.0,0.0,0.0,False,True,C:\Users\Owner\Desktop\Fall2023\CSE275\6D Pose\training_data_filtered\training_data\v2.2\2-7-9_color_kinect.png
2-35-7,sugar_box,55,z2|x2,300,3.6675813586934733,0.23620573,2.2179523815299054,0.32505890911612045,1.449628977163568,-0.08885318225416672,0.4018348623853211,0.15775342058425137,False,True,C:\Users\Owner\Desktop\Fall2023\CSE275\6D Pose\training_data_filtered\training_data\v2.2\2-35-7_color_kinect.png
2-91-11,prism,50,z2,233,1.645096819129778,0.25380588,2.215461288694037,0.16577163962332475,-0.5703644695642591,0.08803423615487349,0.3886138613861386,0.1646949574196043,False,True,C:\Users\Owner\Desktop\Fall2023\CSE275\6D Pose\training_data_filtered\training_data\v2.2\2-91-11_color_kinect.png
2-13-16,cracker_box,14,z2|x2,167,2.810071868736026,0.14939366,2.214300304705699,0.19802998239214745,0.5957715640303269,-0.048636319581821824,0.3848684210526316,0.16051933145759886,False,True,C:\Users\Owner\Desktop\Fall2023\CSE275\6D Pose\training_data_filtered\training_data\v2.2\2-13-16_color_kinect.png
1-34-8,gelatin_box,30,z2|x2,446,1.4032694638411907,0.12968703,2.213667071766896,0.14081851907963924,-0.8103976079257054,-0.011131492936565207,0.31938325991189426,0.17198538923469361,False,True,C:\Users\Owner\Desktop\Fall2023\CSE275\6D Pose\training_data_filtered\training_data\v2.2\1-34-8_color_kinect.png
1-7-6,pudding_box,51,z2|x2,222,1.837582638957938,0.15944561,2.209275926016413,0.09712554733992018,-0.37169328705847526,0.06232006628274522,0.41388888888888886,0.17393854227885874,False,True,C:\Users\Owner\Desktop\Fall2023\CSE275\6D Pose\training_data_filtered\training_data\v2.2\1-7-6_color_kinect.png
2-2-2,cracker_box,14,z2|x2,170,2.4043137951174827,0.14417571,2.2057523783866126,0.1709514979016354,0.19856141673087002,-0.026775789607720618,0.39144736842105265,0.16654738764710622,False,True,C:\Users\Owner\Desktop\Fall2023\CSE275\6D Pose\training_data_filtered\training_data\v2.2\2-2-2_color_kinect.png
2-2-13,cracker_box,14,z2|x2,185,3.3481458051639326,0.1914106,2.200570241825847,0.1523239429173431,1.1475755633380857,0.039086658221725495,0.39144736842105265,0.17553312079014058,False,True,C:\Users\Owner\Desktop\Fall2023\CSE275\6D Pose\training_data_filtered\training_data\v2.2\2-2-13_color_kinect.png
1-4-10,pudding_box,51,z2|x2,216,1.7072086533317499,0.07134523,2.1954516450431822,0.11493745164987929,-0.4882429917114324,-0.04359221922275908,0.3816155988857939,0.16468599558958763,False,True,C:\Users\Owner\Desktop\Fall2023\CSE275\6D Pose\training_data_filtered\training_data\v2.2\1-4-10_color_kinect.png
2-54-15,sugar_box,55,z2|x2,355,1.380702293223332,0.25586513,2.190916918845697,0.10919295709133123,-0.810214625622365,0.1466721697568896,0.3908256880733945,0.17133234030729225,False,True,C:\Users\Owner\Desktop\Fall2023\CSE275\6D Pose\training_data_filtered\training_data\v2.2\2-54-15_color_kinect.png
2-21-18,gelatin_box,30,z2|x2,503,0.6011500955992753,0.07483117,2.1879678878802893,0.12102516525206537,-1.586817792281014,-0.04619399242815943,0.35274725274725277,0.17040724659834774,False,True,C:\Users\Owner\Desktop\Fall2023\CSE275\6D Pose\training_data_filtered\training_data\v2.2\2-21-18_color_kinect.png
1-46-6,cracker_box,14,z2|x2,168,2.3601025753285483,0.39805445,2.187450426294335,0.10776004766426979,0.17265214903421322,0.2902944030860812,0.3770491803278688,0.16358606667396855,False,True,C:\Users\Owner\Desktop\Fall2023\CSE275\6D Pose\training_data_filtered\training_data\v2.2\1-46-6_color_kinect.png
2-47-11,bleach_cleanser,8,z2,1619,2.1835087099477937,0.20311289,2.1835087099477937,0.2031128853559494,0.0,0.0,0.0,0.0,False,True,C:\Users\Owner\Desktop\Fall2023\CSE275\6D Pose\training_data_filtered\training_data\v2.2\2-47-11_color_kinect.png
2-23-8,foam_brick,26,z2|x4|y2,438,2.175968138754131,0.18693712,2.175968138754131,0.1869371235370636,0.0,0.0,0.0,0.0,False,True,C:\Users\Owner\Desktop\Fall2023\CSE275\6D Pose\training_data_filtered\training_data\v2.2\2-23-8_color_kinect.png
2-86-18,b_lego_duplo,5,z4,144,5.384596118246073,0.19583781,2.174716181824635,0.22136056080308575,3.2098799364214377,-0.025522750167519037,0.2944606413994169,0.1654559861563353,False,True,C:\Users\Owner\Desktop\Fall2023\CSE275\6D Pose\training_data_filtered\training_data\v2.2\2-86-18_color_kinect.png
2-34-3,sugar_box,55,z2|x2,246,3.3084144724100284,0.30728704,2.1682781794514976,0.1374449991617164,1.1401362929585308,0.1698420382108727,0.30458715596330277,0.17548225512816318,False,True,C:\Users\Owner\Desktop\Fall2023\CSE275\6D Pose\training_data_filtered\training_data\v2.2\2-34-3_color_kinect.png
2-64-20,a_lego_duplo,1,z2,171,2.1677067387644136,0.05835864,2.1677067387644136,0.05835863947868347,0.0,0.0,0.0,0.0,False,True,C:\Users\Owner\Desktop\Fall2023\CSE275\6D Pose\training_data_filtered\training_data\v2.2\2-64-20_color_kinect.png
1-58-12,potted_meat_can,48,z2|x2,792,2.1524643652960576,0.27190962,2.1524643652960576,0.27190962433815,0.0,0.0,0.0,0.0,False,True,C:\Users\Owner\Desktop\Fall2023\CSE275\6D Pose\training_data_filtered\training_data\v2.2\1-58-12_color_kinect.png
1-6-13,pudding_box,51,z2|x2,201,2.232468898946912,0.089784816,2.1478683203070377,0.10789974832821682,0.08460057863987425,-0.018114932420738486,0.41944444444444445,0.16274782863288675,False,True,C:\Users\Owner\Desktop\Fall2023\CSE275\6D Pose\training_data_filtered\training_data\v2.2\1-6-13_color_kinect.png
2-10-19,e_lego_duplo,20,z2,105,8.030456569435612,1.0366075,2.140957522629859,0.5984167374087377,5.889499046805753,0.4381907664822535,0.0475609756097561,0.1633947196284302,False,True,C:\Users\Owner\Desktop\Fall2023\CSE275\6D Pose\training_data_filtered\training_data\v2.2\2-10-19_color_kinect.png
2-34-3,d_toy_airplane,18,zinf,134,2.139833937278513,0.11290597,2.139833937278513,0.11290597170591354,0.0,0.0,0.0,0.0,False,True,C:\Users\Owner\Desktop\Fall2023\CSE275\6D Pose\training_data_filtered\training_data\v2.2\2-34-3_color_kinect.png
2-91-1,prism,50,z2,156,3.388318543795891,0.48789036,2.1371042455218947,0.13074515977288392,1.2512142982739962,0.35714520296667907,0.25742574257425743,0.16593873164576223,False,True,C:\Users\Owner\Desktop\Fall2023\CSE275\6D Pose\training_data_filtered\training_data\v2.2\2-91-1_color_kinect.png
1-49-20,cracker_box,14,z2|x2,185,1.1139178487026349,0.0804511,2.1330595812240842,0.12303121419970407,-1.0191417325214494,-0.042580113135022066,0.419672131147541,0.17317640296707806,False,True,C:\Users\Owner\Desktop\Fall2023\CSE275\6D Pose\training_data_filtered\training_data\v2.2\1-49-20_color_kinect.png
1-6-2,wood_block,58,z2|y2|x4,363,2.1308316545629147,0.364603,2.1308316545629147,0.3646030128002167,0.0,0.0,0.0,0.0,False,True,C:\Users\Owner\Desktop\Fall2023\CSE275\6D Pose\training_data_filtered\training_data\v2.2\1-6-2_color_kinect.png
1-6-13,master_chef_can,39,zinf|x2,373,2.1294802479509674,0.11909571,2.1294802479509674,0.11909571290016174,0.0,0.0,0.0,0.0,False,True,C:\Users\Owner\Desktop\Fall2023\CSE275\6D Pose\training_data_filtered\training_data\v2.2\1-6-13_color_kinect.png
2-7-8,bleach_cleanser,8,z2,1400,2.125038715502231,0.3269041,2.125038715502231,0.3269040882587433,0.0,0.0,0.0,0.0,False,True,C:\Users\Owner\Desktop\Fall2023\CSE275\6D Pose\training_data_filtered\training_data\v2.2\2-7-8_color_kinect.png
1-39-6,pudding_box,51,z2|x2,200,2.114152723089081,0.23967864,2.124763684535879,0.09898435389102758,-0.010610961446797962,0.14069428230224787,0.38997214484679665,0.16461097494208263,False,True,C:\Users\Owner\Desktop\Fall2023\CSE275\6D Pose\training_data_filtered\training_data\v2.2\1-39-6_color_kinect.png
2-35-10,sugar_box,55,z2|x2,333,1.184166433542722,0.1644269,2.1131945521031064,0.10536998737448938,-0.9290281185603844,0.05905690562134497,0.4036697247706422,0.17391965312052574,False,True,C:\Users\Owner\Desktop\Fall2023\CSE275\6D Pose\training_data_filtered\training_data\v2.2\2-35-10_color_kinect.png
1-57-12,jenga,35,z2|x2,631,2.106053973618398,0.18213105,2.106053973618398,0.18213105201721191,0.0,0.0,0.0,0.0,False,True,C:\Users\Owner\Desktop\Fall2023\CSE275\6D Pose\training_data_filtered\training_data\v2.2\1-57-12_color_kinect.png
2-6-3,e_lego_duplo,20,z2,357,1.3684871547044624,0.17806825,2.103105597774911,0.09071421900143416,-0.7346184430704488,0.0873540314162752,0.32496863237139273,0.16994941953159162,False,True,C:\Users\Owner\Desktop\Fall2023\CSE275\6D Pose\training_data_filtered\training_data\v2.2\2-6-3_color_kinect.png
1-9-4,pudding_box,51,z2|x2,170,1.3743490474817734,0.048837405,2.0956393755435654,0.09949155382367166,-0.7212903280617919,-0.050654149125538186,0.35,0.16298776117256153,False,True,C:\Users\Owner\Desktop\Fall2023\CSE275\6D Pose\training_data_filtered\training_data\v2.2\1-9-4_color_kinect.png
2-63-13,tuna_fish_can,57,zinf|x2,131,2.893001987135381,0.060558792,2.0912638860472117,0.1080873846806432,0.8017381010881692,-0.047528592476978423,0.5024154589371981,0.141090677672169,False,True,C:\Users\Owner\Desktop\Fall2023\CSE275\6D Pose\training_data_filtered\training_data\v2.2\2-63-13_color_kinect.png
2-93-4,pudding_box,51,z2|x2,209,1.515520539834097,0.2566175,2.0831092536372657,0.1361110487352782,-0.5675887138031688,0.12050643774161998,0.3816155988857939,0.1727898401797491,False,True,C:\Users\Owner\Desktop\Fall2023\CSE275\6D Pose\training_data_filtered\training_data\v2.2\2-93-4_color_kinect.png
2-51-3,tuna_fish_can,57,zinf|x2,139,2.082426988848228,0.19498806,2.082426988848228,0.19498805701732635,0.0,0.0,0.0,0.0,False,True,C:\Users\Owner\Desktop\Fall2023\CSE275\6D Pose\training_data_filtered\training_data\v2.2\2-51-3_color_kinect.png
1-32-1,potted_meat_can,48,z2|x2,868,2.0768550763957827,0.32500076,2.0768550763957827,0.3250007629394531,0.0,0.0,0.0,0.0,False,True,C:\Users\Owner\Desktop\Fall2023\CSE275\6D Pose\training_data_filtered\training_data\v2.2\1-32-1_color_kinect.png
2-52-12,sugar_box,55,z2|x2,243,1.408130162227769,0.9657167,2.0743149071735085,0.09865583080323247,-0.6661847449457394,0.8670608888241479,0.28073394495412846,0.1664276034850396,False,True,C:\Users\Owner\Desktop\Fall2023\CSE275\6D Pose\training_data_filtered\training_data\v2.2\2-52-12_color_kinect.png
1-69-3,wood_block,58,z2|y2|x4,323,2.0742121396922406,0.35090247,2.0742121396922406,0.3509024679660797,0.0,0.0,0.0,0.0,False,True,C:\Users\Owner\Desktop\Fall2023\CSE275\6D Pose\training_data_filtered\training_data\v2.2\1-69-3_color_kinect.png
2-84-0,sugar_box,55,z2|x2,318,3.9098993836576694,0.06489341,2.0708321185856833,0.12914617184247731,1.8390672650719861,-0.0642527622326827,0.3614678899082569,0.16863094698522685,False,True,C:\Users\Owner\Desktop\Fall2023\CSE275\6D Pose\training_data_filtered\training_data\v2.2\2-84-0_color_kinect.png
1-88-10,pudding_box,51,z2|x2,217,1.1978569752091228,0.15517224,2.0688272244678134,0.11940384540422126,-0.8709702492586906,0.03576839831011132,0.42618384401114207,0.17754768372591578,False,True,C:\Users\Owner\Desktop\Fall2023\CSE275\6D Pose\training_data_filtered\training_data\v2.2\1-88-10_color_kinect.png
1-58-12,tomato_soup_can,56,zinf|x2,660,2.0659568536823247,0.38198408,2.0659568536823247,0.38198408484458923,0.0,0.0,0.0,0.0,False,True,C:\Users\Owner\Desktop\Fall2023\CSE275\6D Pose\training_data_filtered\training_data\v2.2\1-58-12_color_kinect.png
1-20-8,rubiks_cube,52,z4|x4|y4,380,2.0649767911842747,0.3623334,2.0649767911842747,0.36233338713645935,0.0,0.0,0.0,0.0,False,True,C:\Users\Owner\Desktop\Fall2023\CSE275\6D Pose\training_data_filtered\training_data\v2.2\1-20-8_color_kinect.png
2-11-4,c_toy_airplane,13,zinf,175,2.0609202245720213,0.04524934,2.0609202245720213,0.0452493391931057,0.0,0.0,0.0,0.0,False,True,C:\Users\Owner\Desktop\Fall2023\CSE275\6D Pose\training_data_filtered\training_data\v2.2\2-11-4_color_kinect.png
2-77-11,sugar_box,55,z2|x2,318,0.7203295292659947,0.10027927,2.06034664686159,0.1118478674635218,-1.3400171175955955,-0.011568595860891179,0.3486238532110092,0.17436859813955377,False,True,C:\Users\Owner\Desktop\Fall2023\CSE275\6D Pose\training_data_filtered\training_data\v2.2\2-77-11_color_kinect.png
2-67-12,e_toy_airplane,21,z2,134,2.0579267355929436,0.22421715,2.0579267355929436,0.22421714663505554,0.0,0.0,0.0,0.0,False,True,C:\Users\Owner\Desktop\Fall2023\CSE275\6D Pose\training_data_filtered\training_data\v2.2\2-67-12_color_kinect.png
2-22-1,wood_block,58,z2|y2|x4,387,0.6317811319931134,0.5765571,2.053088738252125,0.09740190698737466,-1.4213076062590115,0.4791551928318087,0.24203821656050956,0.16922421970526175,False,True,C:\Users\Owner\Desktop\Fall2023\CSE275\6D Pose\training_data_filtered\training_data\v2.2\2-22-1_color_kinect.png
2-30-8,master_chef_can,39,zinf|x2,243,2.051211050429726,0.14236502,2.051211050429726,0.14236502349376678,0.0,0.0,0.0,0.0,False,True,C:\Users\Owner\Desktop\Fall2023\CSE275\6D Pose\training_data_filtered\training_data\v2.2\2-30-8_color_kinect.png
1-50-2,tuna_fish_can,57,zinf|x2,121,1.2084905208044652,0.13816713,2.0492100214871267,0.12127139148473912,-0.8407195006826615,0.016895736482141682,0.42028985507246375,0.16839116336868576,False,True,C:\Users\Owner\Desktop\Fall2023\CSE275\6D Pose\training_data_filtered\training_data\v2.2\1-50-2_color_kinect.png
1-83-10,tuna_fish_can,57,zinf|x2,127,3.443061481534844,0.051342025,2.0482956145469196,0.11647416232236799,1.3947658669879246,-0.06513213692315992,0.42028985507246375,0.164773736122053,False,True,C:\Users\Owner\Desktop\Fall2023\CSE275\6D Pose\training_data_filtered\training_data\v2.2\1-83-10_color_kinect.png
1-60-16,pudding_box,51,z2|x2,186,3.7173864041232596,0.10374575,2.0469401269569105,0.11984004080578664,1.670446277166349,-0.016094289722889454,0.3593314763231198,0.17158202581998877,False,True,C:\Users\Owner\Desktop\Fall2023\CSE275\6D Pose\training_data_filtered\training_data\v2.2\1-60-16_color_kinect.png
2-86-18,mustard_bottle,42,z2,859,1.0412015764811626,0.20180485,2.037461446133846,0.09465733952941427,-0.9962598696526832,0.10714750699577799,0.20489443378119002,0.1747474895509736,False,True,C:\Users\Owner\Desktop\Fall2023\CSE275\6D Pose\training_data_filtered\training_data\v2.2\2-86-18_color_kinect.png
2-7-6,e_lego_duplo,20,z2,327,2.22026505047068,0.25096753,2.030222164407953,0.12155513002765747,0.19004288606272723,0.12941240236865906,0.27926829268292686,0.17237754355188212,False,True,C:\Users\Owner\Desktop\Fall2023\CSE275\6D Pose\training_data_filtered\training_data\v2.2\2-7-6_color_kinect.png
1-14-12,master_chef_can,39,zinf|x2,384,2.026959454046732,0.16280171,2.026959454046732,0.16280171275138855,0.0,0.0,0.0,0.0,False,True,C:\Users\Owner\Desktop\Fall2023\CSE275\6D Pose\training_data_filtered\training_data\v2.2\1-14-12_color_kinect.png
2-26-17,tomato_soup_can,56,zinf|x2,707,2.0175879688591962,0.27502418,2.0175879688591962,0.2750241756439209,0.0,0.0,0.0,0.0,False,True,C:\Users\Owner\Desktop\Fall2023\CSE275\6D Pose\training_data_filtered\training_data\v2.2\2-26-17_color_kinect.png
2-1-6,e_toy_airplane,21,z2,131,2.277933931691666,0.21786885,2.007475264936587,0.13346667840838009,0.27045866675507924,0.08440217122674412,0.36038961038961037,0.16962080118439668,False,True,C:\Users\Owner\Desktop\Fall2023\CSE275\6D Pose\training_data_filtered\training_data\v2.2\2-1-6_color_kinect.png
2-1-6,sugar_box,55,z2|x2,356,1.2436697240189722,0.09074788,2.005249597559985,0.1459387798303117,-0.7615798735410129,-0.05519090187487499,0.3706422018348624,0.1689613851874699,False,True,C:\Users\Owner\Desktop\Fall2023\CSE275\6D Pose\training_data_filtered\training_data\v2.2\2-1-6_color_kinect.png
2-52-0,sugar_box,55,z2|x2,320,2.578796721771312,0.19076008,2.0036224316882927,0.1503632775067598,0.5751742900830195,0.0403967985392302,0.3871559633027523,0.1730070140316364,False,True,C:\Users\Owner\Desktop\Fall2023\CSE275\6D Pose\training_data_filtered\training_data\v2.2\2-52-0_color_kinect.png
2-38-17,bleach_cleanser,8,z2,1507,2.002046478164547,0.13268237,2.002046478164547,0.13268236815929413,0.0,0.0,0.0,0.0,False,True,C:\Users\Owner\Desktop\Fall2023\CSE275\6D Pose\training_data_filtered\training_data\v2.2\2-38-17_color_kinect.png
1-91-8,wood_block,58,z2|y2|x4,555,1.9997228977199095,0.21561621,1.9997228977199095,0.21561621129512787,0.0,0.0,0.0,0.0,False,True,C:\Users\Owner\Desktop\Fall2023\CSE275\6D Pose\training_data_filtered\training_data\v2.2\1-91-8_color_kinect.png
2-82-14,sugar_box,55,z2|x2,337,0.7512214605288277,0.12624368,1.9947591080237228,0.1210263435190635,-1.2435376474948951,0.005217337196497418,0.4036697247706422,0.17026900864520644,False,True,C:\Users\Owner\Desktop\Fall2023\CSE275\6D Pose\training_data_filtered\training_data\v2.2\2-82-14_color_kinect.png
2-23-8,tomato_soup_can,56,zinf|x2,687,1.992695937093235,0.29662266,1.992695937093235,0.2966226637363434,0.0,0.0,0.0,0.0,False,True,C:\Users\Owner\Desktop\Fall2023\CSE275\6D Pose\training_data_filtered\training_data\v2.2\2-23-8_color_kinect.png
1-7-7,pudding_box,51,z2|x2,222,1.1734688010624503,0.11053504,1.9916420997701834,0.0847230418050233,-0.818173298707733,0.02581199869275655,0.40555555555555556,0.16347614565730262,False,True,C:\Users\Owner\Desktop\Fall2023\CSE275\6D Pose\training_data_filtered\training_data\v2.2\1-7-7_color_kinect.png
2-90-11,tuna_fish_can,57,zinf|x2,143,2.5925241875791794,0.0823138,1.987230960465444,0.13201300645116457,0.6052932271137355,-0.049699208083187424,0.42995169082125606,0.16466402146038528,False,True,C:\Users\Owner\Desktop\Fall2023\CSE275\6D Pose\training_data_filtered\training_data\v2.2\2-90-11_color_kinect.png
1-61-4,sugar_box,55,z2|x2,335,2.793824914912225,0.3178232,1.9847135537001948,0.0912161946048082,0.8091113612120302,0.22660700681311477,0.3559633027522936,0.1704418023116038,False,True,C:\Users\Owner\Desktop\Fall2023\CSE275\6D Pose\training_data_filtered\training_data\v2.2\1-61-4_color_kinect.png
2-93-4,master_chef_can,39,zinf|x2,245,1.9846311644180057,0.21654381,1.9846311644180057,0.21654380857944489,0.0,0.0,0.0,0.0,False,True,C:\Users\Owner\Desktop\Fall2023\CSE275\6D Pose\training_data_filtered\training_data\v2.2\2-93-4_color_kinect.png
2-65-11,sugar_box,55,z2|x2,365,1.6490359948134887,0.18515682,1.980986716201417,0.13465150457962557,-0.33195072138792825,0.05050531762496427,0.3798165137614679,0.16778880326632717,False,True,C:\Users\Owner\Desktop\Fall2023\CSE275\6D Pose\training_data_filtered\training_data\v2.2\2-65-11_color_kinect.png
2-9-10,bleach_cleanser,8,z2,1490,1.9802276201312297,0.25518894,1.9802276201312297,0.2551889419555664,0.0,0.0,0.0,0.0,False,True,C:\Users\Owner\Desktop\Fall2023\CSE275\6D Pose\training_data_filtered\training_data\v2.2\2-9-10_color_kinect.png
2-12-2,pudding_box,51,z2|x2,219,1.0262186210142474,0.09079589,1.9732402906265085,0.1384404733450308,-0.9470216696122611,-0.047644583848227506,0.403899721448468,0.1760100787346132,False,True,C:\Users\Owner\Desktop\Fall2023\CSE275\6D Pose\training_data_filtered\training_data\v2.2\2-12-2_color_kinect.png
2-7-10,e_lego_duplo,20,z2,369,2.424923218926529,0.3614139,1.9686358552434557,0.10914210164413812,0.4562873636830733,0.25227179443969366,0.31341463414634146,0.17467414165243075,False,True,C:\Users\Owner\Desktop\Fall2023\CSE275\6D Pose\training_data_filtered\training_data\v2.2\2-7-10_color_kinect.png
2-35-7,master_chef_can,39,zinf|x2,375,1.9638969903046983,0.14641187,1.9638969903046983,0.14641186594963074,0.0,0.0,0.0,0.0,False,True,C:\Users\Owner\Desktop\Fall2023\CSE275\6D Pose\training_data_filtered\training_data\v2.2\2-35-7_color_kinect.png
2-74-10,pudding_box,51,z2|x2,223,3.406974960724884,0.11304932,1.9622406324448294,0.10063655072848478,1.4447343282800547,0.01241277014811358,0.40947075208913647,0.1689253024214017,False,True,C:\Users\Owner\Desktop\Fall2023\CSE275\6D Pose\training_data_filtered\training_data\v2.2\2-74-10_color_kinect.png
2-72-13,b_lego_duplo,5,z4,199,2.5004200306975677,0.114576645,1.9573235005471574,0.14332194237042672,0.5430965301504103,-0.028745297174942563,0.38953488372093026,0.16999504647586594,False,True,C:\Users\Owner\Desktop\Fall2023\CSE275\6D Pose\training_data_filtered\training_data\v2.2\2-72-13_color_kinect.png
2-79-3,sugar_box,55,z2|x2,324,2.140300607877831,0.14078689,1.9538480067042296,0.1073297941478694,0.1864526011736014,0.03345709206734056,0.4073394495412844,0.1645828327025805,False,True,C:\Users\Owner\Desktop\Fall2023\CSE275\6D Pose\training_data_filtered\training_data\v2.2\2-79-3_color_kinect.png
2-8-18,cracker_box,14,z2|x2,192,1.9490941838109586,0.10477053,1.9490941838109586,0.10477052628993988,0.0,0.0,0.0,0.0,False,True,C:\Users\Owner\Desktop\Fall2023\CSE275\6D Pose\training_data_filtered\training_data\v2.2\2-8-18_color_kinect.png
1-93-18,cracker_box,14,z2|x2,143,1.9488283983948858,0.4007125,1.9488283983948858,0.4007124900817871,0.0,0.0,0.0,0.0,False,True,C:\Users\Owner\Desktop\Fall2023\CSE275\6D Pose\training_data_filtered\training_data\v2.2\1-93-18_color_kinect.png
2-100-13,wood_block,58,z2|y2|x4,575,1.7067130289885355,0.2707642,1.9442366590191984,0.07643055749543844,-0.2375236300306629,0.19433364438406292,0.3609341825902335,0.1660195035271504,False,True,C:\Users\Owner\Desktop\Fall2023\CSE275\6D Pose\training_data_filtered\training_data\v2.2\2-100-13_color_kinect.png
2-35-10,pudding_box,51,z2|x2,229,1.9439685557290176,0.12572572,1.9439685557290176,0.12572571635246277,0.0,0.0,0.0,0.0,False,True,C:\Users\Owner\Desktop\Fall2023\CSE275\6D Pose\training_data_filtered\training_data\v2.2\2-35-10_color_kinect.png
1-50-2,cracker_box,14,z2|x2,187,1.9120580147288904,0.11645657,1.9415668359492784,0.10243377225558872,-0.029508821220388004,0.014022795985530662,0.3704918032786885,0.16817489358569956,False,True,C:\Users\Owner\Desktop\Fall2023\CSE275\6D Pose\training_data_filtered\training_data\v2.2\1-50-2_color_kinect.png
1-26-17,tuna_fish_can,57,zinf|x2,121,1.5185334614465176,0.24440475,1.940639873483217,0.2638721535919433,-0.4221064120366995,-0.019467405509782376,0.34615384615384615,0.17422179912513683,False,True,C:\Users\Owner\Desktop\Fall2023\CSE275\6D Pose\training_data_filtered\training_data\v2.2\1-26-17_color_kinect.png
1-13-11,pudding_box,51,z2|x2,187,5.029717116486877,0.24203886,1.935536760792613,0.08881495753888195,3.094180355694264,0.1532239033782094,0.362116991643454,0.1430713050033291,False,True,C:\Users\Owner\Desktop\Fall2023\CSE275\6D Pose\training_data_filtered\training_data\v2.2\1-13-11_color_kinect.png
2-82-14,pudding_box,51,z2|x2,99,4.114501793831633,0.34644315,1.9332891844186224,0.3322790598740453,2.1812126094130107,0.014164086593163538,0.1615598885793872,0.15886564792666646,False,True,C:\Users\Owner\Desktop\Fall2023\CSE275\6D Pose\training_data_filtered\training_data\v2.2\2-82-14_color_kinect.png
2-75-4,sugar_box,55,z2|x2,337,1.40187858165069,0.21130128,1.931720048845807,0.14683185452014214,-0.529841467195117,0.06446942752808327,0.3889908256880734,0.17230897492385883,False,True,C:\Users\Owner\Desktop\Fall2023\CSE275\6D Pose\training_data_filtered\training_data\v2.2\2-75-4_color_kinect.png
2-38-17,sugar_box,55,z2|x2,333,2.0457506391139293,0.0727684,1.9314843683704666,0.14723645651986272,0.11426627074346274,-0.07446805889060171,0.3834862385321101,0.1738501417379953,False,True,C:\Users\Owner\Desktop\Fall2023\CSE275\6D Pose\training_data_filtered\training_data\v2.2\2-38-17_color_kinect.png
1-34-8,wood_block,58,z2|y2|x4,536,3.331994444523113,0.04066549,1.9308677420922375,0.13465609639207954,1.4011267024308753,-0.09399060770194168,0.35881104033970274,0.17269963749883202,False,True,C:\Users\Owner\Desktop\Fall2023\CSE275\6D Pose\training_data_filtered\training_data\v2.2\1-34-8_color_kinect.png
1-69-3,tomato_soup_can,56,zinf|x2,694,1.9290174704957967,0.29865417,1.9290174704957967,0.298654168844223,0.0,0.0,0.0,0.0,False,True,C:\Users\Owner\Desktop\Fall2023\CSE275\6D Pose\training_data_filtered\training_data\v2.2\1-69-3_color_kinect.png
1-18-12,rubiks_cube,52,z4|x4|y4,474,1.570432027561412,0.23884045,1.925492922432721,0.11808604970844971,-0.355060894871309,0.12075439616767181,0.3843612334801762,0.17291154753225713,False,True,C:\Users\Owner\Desktop\Fall2023\CSE275\6D Pose\training_data_filtered\training_data\v2.2\1-18-12_color_kinect.png
2-55-10,sugar_box,55,z2|x2,305,2.895547813585145,0.06151541,1.9210309633619536,0.1155482463685531,0.9745168502231916,-0.054032836869146283,0.3761467889908257,0.17431476947493152,False,True,C:\Users\Owner\Desktop\Fall2023\CSE275\6D Pose\training_data_filtered\training_data\v2.2\2-55-10_color_kinect.png
2-7-9,e_lego_duplo,20,z2,387,2.3116377974422733,0.11814168,1.9148079895854824,0.15162661476938522,0.3968298078567909,-0.033484933813498374,0.31097560975609756,0.1715222727976379,False,True,C:\Users\Owner\Desktop\Fall2023\CSE275\6D Pose\training_data_filtered\training_data\v2.2\2-7-9_color_kinect.png
2-21-18,foam_brick,26,z2|x4|y2,385,4.799147453314481,0.3049685,1.9075391866318276,0.20482664069669498,2.891608266682653,0.1001418654010986,0.22887323943661972,0.16752307410035286,False,True,C:\Users\Owner\Desktop\Fall2023\CSE275\6D Pose\training_data_filtered\training_data\v2.2\2-21-18_color_kinect.png
2-46-0,potted_meat_can,48,z2|x2,756,1.905618306369347,0.23340894,1.905618306369347,0.23340894281864166,0.0,0.0,0.0,0.0,False,True,C:\Users\Owner\Desktop\Fall2023\CSE275\6D Pose\training_data_filtered\training_data\v2.2\2-46-0_color_kinect.png
2-51-3,rubiks_cube,52,z4|x4|y4,373,1.8972959950722474,0.23972979,1.8972959950722474,0.23972979187965393,0.0,0.0,0.0,0.0,False,True,C:\Users\Owner\Desktop\Fall2023\CSE275\6D Pose\training_data_filtered\training_data\v2.2\2-51-3_color_kinect.png
2-1-6,bleach_cleanser,8,z2,1568,1.8940956615456814,0.3582724,1.8940956615456814,0.35827240347862244,0.0,0.0,0.0,0.0,False,True,C:\Users\Owner\Desktop\Fall2023\CSE275\6D Pose\training_data_filtered\training_data\v2.2\2-1-6_color_kinect.png
2-18-8,rubiks_cube,52,z4|x4|y4,436,1.8919753210074144,0.26367176,1.8919753210074144,0.26367175579071045,0.0,0.0,0.0,0.0,False,True,C:\Users\Owner\Desktop\Fall2023\CSE275\6D Pose\training_data_filtered\training_data\v2.2\2-18-8_color_kinect.png
1-41-5,cracker_box,14,z2|x2,174,1.4990283639300275,0.17027521,1.8895699977106093,0.12575166309444077,-0.3905416337805818,0.04452354823978774,0.49508196721311476,0.14532783171914782,False,True,C:\Users\Owner\Desktop\Fall2023\CSE275\6D Pose\training_data_filtered\training_data\v2.2\1-41-5_color_kinect.png
2-10-19,sugar_box,55,z2|x2,334,2.073211181911057,0.08540491,1.8825278769151088,0.14179299469507314,0.1906833049959482,-0.05638808454788305,0.3724770642201835,0.1716120140761261,False,True,C:\Users\Owner\Desktop\Fall2023\CSE275\6D Pose\training_data_filtered\training_data\v2.2\2-10-19_color_kinect.png
2-94-19,wood_block,58,z2|y2|x4,477,1.7726806597430533,0.39215934,1.8820979020103812,0.15611587590373338,-0.10941724226732785,0.23604346686207472,0.3354564755838641,0.16408090928090582,False,True,C:\Users\Owner\Desktop\Fall2023\CSE275\6D Pose\training_data_filtered\training_data\v2.2\2-94-19_color_kinect.png
1-58-16,pudding_box,51,z2|x2,217,1.683146012170014,0.079603426,1.8818897642891823,0.12956668423961804,-0.1987437521191684,-0.04996325808118984,0.3955431754874652,0.16097961592195303,False,True,C:\Users\Owner\Desktop\Fall2023\CSE275\6D Pose\training_data_filtered\training_data\v2.2\1-58-16_color_kinect.png
1-29-2,pudding_box,51,z2|x2,214,1.4101854046092777,0.17112516,1.8721744650799816,0.08862525870785631,-0.461989060470704,0.08249989995970808,0.38997214484679665,0.17030578740023622,False,True,C:\Users\Owner\Desktop\Fall2023\CSE275\6D Pose\training_data_filtered\training_data\v2.2\1-29-2_color_kinect.png
2-29-1,foam_brick,26,z2|x4|y2,517,2.991131277930817,0.14315073,1.8701669145134077,0.17820753105667564,1.1209643634174091,-0.035056799135479655,0.31566548881036516,0.17551859569808803,False,True,C:\Users\Owner\Desktop\Fall2023\CSE275\6D Pose\training_data_filtered\training_data\v2.2\2-29-1_color_kinect.png
2-21-14,rubiks_cube,52,z4|x4|y4,527,1.8668220075211048,0.13516085,1.8668220075211048,0.13516084849834442,0.0,0.0,0.0,0.0,False,True,C:\Users\Owner\Desktop\Fall2023\CSE275\6D Pose\training_data_filtered\training_data\v2.2\2-21-14_color_kinect.png
2-7-9,sugar_box,55,z2|x2,326,3.485691905545209,0.18739896,1.865391565840978,0.169981896953135,1.620300339704231,0.01741705827280951,0.3724770642201835,0.17080187655179524,False,True,C:\Users\Owner\Desktop\Fall2023\CSE275\6D Pose\training_data_filtered\training_data\v2.2\2-7-9_color_kinect.png
2-22-1,foam_brick,26,z2|x4|y2,507,1.8653733323327364,0.13527074,1.8653733323327364,0.13527074456214905,0.0,0.0,0.0,0.0,False,True,C:\Users\Owner\Desktop\Fall2023\CSE275\6D Pose\training_data_filtered\training_data\v2.2\2-22-1_color_kinect.png
2-11-4,bleach_cleanser,8,z2,1596,1.8624707084710772,0.23918048,1.8624707084710772,0.23918047547340393,0.0,0.0,0.0,0.0,False,True,C:\Users\Owner\Desktop\Fall2023\CSE275\6D Pose\training_data_filtered\training_data\v2.2\2-11-4_color_kinect.png
1-21-5,cracker_box,14,z2|x2,189,3.476300784489461,0.073831305,1.8567409842424634,0.27091320905852934,1.6195598002469977,-0.19708190415073057,0.4,0.16322623105749745,False,True,C:\Users\Owner\Desktop\Fall2023\CSE275\6D Pose\training_data_filtered\training_data\v2.2\1-21-5_color_kinect.png
2-36-8,d_toy_airplane,18,zinf,125,1.855464228060553,0.07598592,1.855464228060553,0.07598592340946198,0.0,0.0,0.0,0.0,False,True,C:\Users\Owner\Desktop\Fall2023\CSE275\6D Pose\training_data_filtered\training_data\v2.2\2-36-8_color_kinect.png
1-65-16,potted_meat_can,48,z2|x2,778,0.5701358556638368,0.27535644,1.8540356739780026,0.11117414048678058,-1.2838998183141657,0.16418230124944072,0.2888243831640058,0.17008131744352542,False,True,C:\Users\Owner\Desktop\Fall2023\CSE275\6D Pose\training_data_filtered\training_data\v2.2\1-65-16_color_kinect.png
2-37-7,wood_block,58,z2|y2|x4,517,1.852197988791583,0.3406645,1.852197988791583,0.34066450595855713,0.0,0.0,0.0,0.0,False,True,C:\Users\Owner\Desktop\Fall2023\CSE275\6D Pose\training_data_filtered\training_data\v2.2\2-37-7_color_kinect.png
2-76-9,d_toy_airplane,18,zinf,120,1.8467184458711488,0.10252684,1.8467184458711488,0.10252684354782104,0.0,0.0,0.0,0.0,False,True,C:\Users\Owner\Desktop\Fall2023\CSE275\6D Pose\training_data_filtered\training_data\v2.2\2-76-9_color_kinect.png
2-4-10,master_chef_can,39,zinf|x2,359,1.8420074659100774,0.09547481,1.8420074659100774,0.09547480940818787,0.0,0.0,0.0,0.0,False,True,C:\Users\Owner\Desktop\Fall2023\CSE275\6D Pose\training_data_filtered\training_data\v2.2\2-4-10_color_kinect.png
2-63-13,sugar_box,55,z2|x2,322,2.0200857430302994,0.110022396,1.839730219526086,0.11068744608986486,0.18035552350421336,-0.0006650502406369552,0.381651376146789,0.17566957302827677,False,True,C:\Users\Owner\Desktop\Fall2023\CSE275\6D Pose\training_data_filtered\training_data\v2.2\2-63-13_color_kinect.png
2-94-19,pudding_box,51,z2|x2,132,3.244499647916422,0.6052911,1.8372243546705613,0.11181699504704996,1.4072752932458608,0.4934741331115194,0.26740947075208915,0.1642241344690039,False,True,C:\Users\Owner\Desktop\Fall2023\CSE275\6D Pose\training_data_filtered\training_data\v2.2\2-94-19_color_kinect.png
2-74-10,wood_block,58,z2|y2|x4,374,1.8338678338674759,0.35918966,1.8338678338674759,0.3591896593570709,0.0,0.0,0.0,0.0,False,True,C:\Users\Owner\Desktop\Fall2023\CSE275\6D Pose\training_data_filtered\training_data\v2.2\2-74-10_color_kinect.png
1-47-6,pudding_box,51,z2|x2,173,1.0688860703565513,0.27132803,1.83192695298526,0.10376107364345533,-0.7630408826287087,0.16756695837329882,0.33147632311977715,0.1695110083835617,False,True,C:\Users\Owner\Desktop\Fall2023\CSE275\6D Pose\training_data_filtered\training_data\v2.2\1-47-6_color_kinect.png
1-58-16,tomato_soup_can,56,zinf|x2,700,1.8311611764510842,0.26532513,1.8311611764510842,0.265325129032135,0.0,0.0,0.0,0.0,False,True,C:\Users\Owner\Desktop\Fall2023\CSE275\6D Pose\training_data_filtered\training_data\v2.2\1-58-16_color_kinect.png
1-53-14,gelatin_box,30,z2|x2,495,0.7721604118826686,0.1520981,1.8272657416866516,0.16807690010166013,-1.055105329803983,-0.015978795743940705,0.35294117647058826,0.1622942951563444,False,True,C:\Users\Owner\Desktop\Fall2023\CSE275\6D Pose\training_data_filtered\training_data\v2.2\1-53-14_color_kinect.png
2-34-12,pudding_box,51,z2|x2,193,3.401955405723192,0.17672291,1.824654444719593,0.1123368327266606,1.577300961003599,0.0643860812538234,0.41225626740947074,0.14085182128108992,False,True,C:\Users\Owner\Desktop\Fall2023\CSE275\6D Pose\training_data_filtered\training_data\v2.2\2-34-12_color_kinect.png
2-23-9,d_toy_airplane,18,zinf,128,1.812303510105784,0.08615985,1.812303510105784,0.086159847676754,0.0,0.0,0.0,0.0,False,True,C:\Users\Owner\Desktop\Fall2023\CSE275\6D Pose\training_data_filtered\training_data\v2.2\2-23-9_color_kinect.png
2-7-18,jenga,35,z2|x2,615,1.8106947051821378,0.42513692,1.8106947051821378,0.425136923789978,0.0,0.0,0.0,0.0,False,True,C:\Users\Owner\Desktop\Fall2023\CSE275\6D Pose\training_data_filtered\training_data\v2.2\2-7-18_color_kinect.png
2-93-9,bleach_cleanser,8,z2,1509,1.8092962109301636,0.17178269,1.8092962109301636,0.1717826873064041,0.0,0.0,0.0,0.0,False,True,C:\Users\Owner\Desktop\Fall2023\CSE275\6D Pose\training_data_filtered\training_data\v2.2\2-93-9_color_kinect.png
1-37-18,pudding_box,51,z2|x2,209,2.1033440886826407,0.10313502,1.805993315165499,0.11112336964625046,0.2973507735171417,-0.007988350105463712,0.41225626740947074,0.17590794601701282,False,True,C:\Users\Owner\Desktop\Fall2023\CSE275\6D Pose\training_data_filtered\training_data\v2.2\1-37-18_color_kinect.png
2-26-12,bleach_cleanser,8,z2,1523,1.8048147111924002,0.11761745,1.8048147111924002,0.11761745065450668,0.0,0.0,0.0,0.0,False,True,C:\Users\Owner\Desktop\Fall2023\CSE275\6D Pose\training_data_filtered\training_data\v2.2\2-26-12_color_kinect.png
1-53-13,tomato_soup_can,56,zinf|x2,711,1.803772934928502,0.24955185,1.803772934928502,0.24955184757709503,0.0,0.0,0.0,0.0,False,True,C:\Users\Owner\Desktop\Fall2023\CSE275\6D Pose\training_data_filtered\training_data\v2.2\1-53-13_color_kinect.png
2-52-0,rubiks_cube,52,z4|x4|y4,184,3.899175052334958,0.5784896,1.800874231123237,0.12641589050542862,2.098300821211721,0.45207371110666245,0.1354625550660793,0.17266165193056657,False,True,C:\Users\Owner\Desktop\Fall2023\CSE275\6D Pose\training_data_filtered\training_data\v2.2\2-52-0_color_kinect.png
2-93-4,nine_hole_peg_test,43,no,346,2.1961846862901755,0.25957182,1.8002442118701132,0.2101942798251785,0.3959404744200623,0.049377540672334325,0.4350758853288364,0.15096035438425487,False,True,C:\Users\Owner\Desktop\Fall2023\CSE275\6D Pose\training_data_filtered\training_data\v2.2\2-93-4_color_kinect.png
2-37-7,sugar_box,55,z2|x2,296,1.6403273749562726,0.22244674,1.7998122018808622,0.23281397095469852,-0.15948482692458965,-0.010367231281084022,0.3596330275229358,0.1671472899327216,False,True,C:\Users\Owner\Desktop\Fall2023\CSE275\6D Pose\training_data_filtered\training_data\v2.2\2-37-7_color_kinect.png
2-6-3,gelatin_box,30,z2|x2,464,0.850173933285606,0.12695782,1.795566033900057,0.11273422298760517,-0.945392100614451,0.014223595878170889,0.33370044052863435,0.17564642299639843,False,True,C:\Users\Owner\Desktop\Fall2023\CSE275\6D Pose\training_data_filtered\training_data\v2.2\2-6-3_color_kinect.png
2-38-17,gelatin_box,30,z2|x2,451,2.1827330331599244,0.23408529,1.7927287557663247,0.1164660152553777,0.39000427739359966,0.11761927636869152,0.34615384615384615,0.16421503301710497,False,True,C:\Users\Owner\Desktop\Fall2023\CSE275\6D Pose\training_data_filtered\training_data\v2.2\2-38-17_color_kinect.png
1-95-15,potted_meat_can,48,z2|x2,858,1.7897013151074759,0.25795838,1.7897013151074759,0.25795838236808777,0.0,0.0,0.0,0.0,False,True,C:\Users\Owner\Desktop\Fall2023\CSE275\6D Pose\training_data_filtered\training_data\v2.2\1-95-15_color_kinect.png
1-46-6,wood_block,58,z2|y2|x4,525,1.7896386253755632,0.13629279,1.7896386253755632,0.13629278540611267,0.0,0.0,0.0,0.0,False,True,C:\Users\Owner\Desktop\Fall2023\CSE275\6D Pose\training_data_filtered\training_data\v2.2\1-46-6_color_kinect.png
2-90-11,bleach_cleanser,8,z2,1576,1.781566828822021,0.2561316,1.781566828822021,0.2561315894126892,0.0,0.0,0.0,0.0,False,True,C:\Users\Owner\Desktop\Fall2023\CSE275\6D Pose\training_data_filtered\training_data\v2.2\2-90-11_color_kinect.png
2-38-17,wood_block,58,z2|y2|x4,362,1.7781283070496843,0.22646657,1.7781283070496843,0.226466566324234,0.0,0.0,0.0,0.0,False,True,C:\Users\Owner\Desktop\Fall2023\CSE275\6D Pose\training_data_filtered\training_data\v2.2\2-38-17_color_kinect.png
2-22-1,d_toy_airplane,18,zinf,131,1.7745618997982564,0.088765696,1.7745618997982564,0.0887656956911087,0.0,0.0,0.0,0.0,False,True,C:\Users\Owner\Desktop\Fall2023\CSE275\6D Pose\training_data_filtered\training_data\v2.2\2-22-1_color_kinect.png
2-26-15,wood_block,58,z2|y2|x4,465,1.7729524655733229,0.21771304,1.7729524655733229,0.21771304309368134,0.0,0.0,0.0,0.0,False,True,C:\Users\Owner\Desktop\Fall2023\CSE275\6D Pose\training_data_filtered\training_data\v2.2\2-26-15_color_kinect.png
1-61-12,cracker_box,14,z2|x2,177,1.339748221186577,0.16447026,1.772272816129357,0.13524419564032863,-0.43252459494278006,0.029226059734579812,0.40789473684210525,0.16107115023246188,False,True,C:\Users\Owner\Desktop\Fall2023\CSE275\6D Pose\training_data_filtered\training_data\v2.2\1-61-12_color_kinect.png
1-84-16,tomato_soup_can,56,zinf|x2,663,1.770623217496683,0.20812419,1.770623217496683,0.20812419056892395,0.0,0.0,0.0,0.0,False,True,C:\Users\Owner\Desktop\Fall2023\CSE275\6D Pose\training_data_filtered\training_data\v2.2\1-84-16_color_kinect.png
2-72-13,pudding_box,51,z2|x2,188,3.0658904666082685,0.15931554,1.770061072062953,0.14129624412527625,1.2958293945453154,0.01801929726132806,0.4428969359331476,0.15699372093399377,False,True,C:\Users\Owner\Desktop\Fall2023\CSE275\6D Pose\training_data_filtered\training_data\v2.2\2-72-13_color_kinect.png
2-6-11,sugar_box,55,z2|x2,341,2.2658732459166324,0.27760357,1.7699850783213416,0.13622899763325919,0.49588816759529086,0.14137456901331674,0.381651376146789,0.1721216170953318,False,True,C:\Users\Owner\Desktop\Fall2023\CSE275\6D Pose\training_data_filtered\training_data\v2.2\2-6-11_color_kinect.png
2-90-11,sugar_box,55,z2|x2,325,1.2655894581421276,0.196103,1.7692417460992245,0.10298737427792799,-0.5036522879570968,0.09311563232340563,0.3963302752293578,0.1721580547498254,False,True,C:\Users\Owner\Desktop\Fall2023\CSE275\6D Pose\training_data_filtered\training_data\v2.2\2-90-11_color_kinect.png
2-7-8,e_lego_duplo,20,z2,358,3.1113516683599114,0.21556737,1.7666753447838532,0.13278446255867568,1.3446763235760582,0.08278290273005875,0.31585365853658537,0.17663417020968322,False,True,C:\Users\Owner\Desktop\Fall2023\CSE275\6D Pose\training_data_filtered\training_data\v2.2\2-7-8_color_kinect.png
2-70-5,jenga,35,z2|x2,673,1.765555323953682,0.23065771,1.765555323953682,0.23065771162509918,0.0,0.0,0.0,0.0,False,True,C:\Users\Owner\Desktop\Fall2023\CSE275\6D Pose\training_data_filtered\training_data\v2.2\2-70-5_color_kinect.png
1-82-18,wood_block,58,z2|y2|x4,523,0.7347630307206408,0.074450806,1.7637484951311257,0.09570603105485659,-1.028985464410485,-0.0212552252715848,0.35987261146496813,0.17526493876729785,False,True,C:\Users\Owner\Desktop\Fall2023\CSE275\6D Pose\training_data_filtered\training_data\v2.2\1-82-18_color_kinect.png
2-65-11,wood_block,58,z2|y2|x4,520,1.043610927661516,0.22319227,1.7569111434466895,0.11679809854444785,-0.7133002157851736,0.10639417602601724,0.3365180467091295,0.1698015915871278,False,True,C:\Users\Owner\Desktop\Fall2023\CSE275\6D Pose\training_data_filtered\training_data\v2.2\2-65-11_color_kinect.png
2-2-13,sugar_box,55,z2|x2,350,3.963309014631636,0.24755886,1.7540297773662903,0.13182295269230496,2.2092792372653456,0.11573590927859653,0.344954128440367,0.16638819702896795,False,True,C:\Users\Owner\Desktop\Fall2023\CSE275\6D Pose\training_data_filtered\training_data\v2.2\2-2-13_color_kinect.png
2-45-5,potted_meat_can,48,z2|x2,807,1.7415893163654503,0.29541838,1.7415893163654503,0.295418381690979,0.0,0.0,0.0,0.0,False,True,C:\Users\Owner\Desktop\Fall2023\CSE275\6D Pose\training_data_filtered\training_data\v2.2\2-45-5_color_kinect.png
2-70-5,sugar_box,55,z2|x2,308,1.9202158674541967,0.45702142,1.734939767305937,0.12326348988861278,0.18527610014825968,0.33375792534499926,0.3559633027522936,0.16725314546507555,False,True,C:\Users\Owner\Desktop\Fall2023\CSE275\6D Pose\training_data_filtered\training_data\v2.2\2-70-5_color_kinect.png
2-71-10,d_toy_airplane,18,zinf,131,1.7346622974211954,0.080188185,1.7346622974211954,0.08018818497657776,0.0,0.0,0.0,0.0,False,True,C:\Users\Owner\Desktop\Fall2023\CSE275\6D Pose\training_data_filtered\training_data\v2.2\2-71-10_color_kinect.png
2-59-12,bleach_cleanser,8,z2,1605,1.7336179785488617,0.2942839,1.7336179785488617,0.2942838966846466,0.0,0.0,0.0,0.0,False,True,C:\Users\Owner\Desktop\Fall2023\CSE275\6D Pose\training_data_filtered\training_data\v2.2\2-59-12_color_kinect.png
1-88-10,tuna_fish_can,57,zinf|x2,131,1.892596360764717,0.12271379,1.7307251324201307,0.10240475142611057,0.16187122834458623,0.020309037917723358,0.42028985507246375,0.16913794283647984,False,True,C:\Users\Owner\Desktop\Fall2023\CSE275\6D Pose\training_data_filtered\training_data\v2.2\1-88-10_color_kinect.png
1-93-18,wood_block,58,z2|y2|x4,549,1.7289641412308372,0.21817,1.7289641412308372,0.21817000210285187,0.0,0.0,0.0,0.0,False,True,C:\Users\Owner\Desktop\Fall2023\CSE275\6D Pose\training_data_filtered\training_data\v2.2\1-93-18_color_kinect.png
2-91-1,nine_hole_peg_test,43,no,307,2.249720308282753,0.19113655,1.7288693606551309,0.14130166967804983,0.5208509476276222,0.04983488420550272,0.3844856661045531,0.14819624032305392,False,True,C:\Users\Owner\Desktop\Fall2023\CSE275\6D Pose\training_data_filtered\training_data\v2.2\2-91-1_color_kinect.png
2-74-10,sugar_box,55,z2|x2,333,2.0202636780350383,0.19576368,1.727927409901652,0.12745382974389918,0.2923362681333863,0.06830984761472814,0.3981651376146789,0.16685543319740564,False,True,C:\Users\Owner\Desktop\Fall2023\CSE275\6D Pose\training_data_filtered\training_data\v2.2\2-74-10_color_kinect.png
2-98-20,gelatin_box,30,z2|x2,385,7.68861342440016,0.27909285,1.7266354030581212,0.12512219520111267,5.961978021342039,0.15397065309982116,0.310989010989011,0.17096672651575115,False,True,C:\Users\Owner\Desktop\Fall2023\CSE275\6D Pose\training_data_filtered\training_data\v2.2\2-98-20_color_kinect.png
2-54-15,foam_brick,26,z2|x4|y2,525,1.7242164060571394,0.18182395,1.7242164060571394,0.1818239539861679,0.0,0.0,0.0,0.0,False,True,C:\Users\Owner\Desktop\Fall2023\CSE275\6D Pose\training_data_filtered\training_data\v2.2\2-54-15_color_kinect.png
1-30-6,sugar_box,55,z2|x2,279,2.7228836701490047,0.23890726,1.7233241041260567,0.09911055457629887,0.9995595660229479,0.13979670810661587,0.3382352941176471,0.17091411794159475,False,True,C:\Users\Owner\Desktop\Fall2023\CSE275\6D Pose\training_data_filtered\training_data\v2.2\1-30-6_color_kinect.png
1-63-18,sugar_box,55,z2|x2,266,1.3154046840096552,0.24101155,1.7224390800860174,0.14248815713498536,-0.40703439607636227,0.09852338792707976,0.326605504587156,0.16427887269866978,False,True,C:\Users\Owner\Desktop\Fall2023\CSE275\6D Pose\training_data_filtered\training_data\v2.2\1-63-18_color_kinect.png
2-58-11,cracker_box,14,z2|x2,201,0.8640807061568583,0.12075638,1.7137288119521845,0.12653276106872047,-0.8496481057953262,-0.005776380808729775,0.4506578947368421,0.16869444038490994,False,True,C:\Users\Owner\Desktop\Fall2023\CSE275\6D Pose\training_data_filtered\training_data\v2.2\2-58-11_color_kinect.png
2-6-11,gelatin_box,30,z2|x2,536,1.6164951424736964,0.19002943,1.7111170660503698,0.1295836926785007,-0.09462192357667343,0.06044573473067136,0.35508849557522126,0.17109354899092968,False,True,C:\Users\Owner\Desktop\Fall2023\CSE275\6D Pose\training_data_filtered\training_data\v2.2\2-6-11_color_kinect.png
2-23-9,rubiks_cube,52,z4|x4|y4,478,1.3416558207072948,0.21146113,1.7092134527535672,0.13216093201398676,-0.36755763204627234,0.07930019479036504,0.3744493392070485,0.17107063291070787,False,True,C:\Users\Owner\Desktop\Fall2023\CSE275\6D Pose\training_data_filtered\training_data\v2.2\2-23-9_color_kinect.png
1-64-7,cracker_box,14,z2|x2,177,3.307592220174548,0.08734473,1.7059780824014117,0.11357751699430697,1.6016141377731363,-0.026232788584062985,0.4243421052631579,0.1625046244162848,False,True,C:\Users\Owner\Desktop\Fall2023\CSE275\6D Pose\training_data_filtered\training_data\v2.2\1-64-7_color_kinect.png
2-36-15,sugar_box,55,z2|x2,333,1.6761839920441606,0.1614906,1.7029555033196706,0.1402086157269365,-0.02677151127551003,0.021281988554488984,0.3504587155963303,0.1745580504228134,False,True,C:\Users\Owner\Desktop\Fall2023\CSE275\6D Pose\training_data_filtered\training_data\v2.2\2-36-15_color_kinect.png
2-49-11,d_toy_airplane,18,zinf,84,1.0742770348808413,0.40958217,1.7000452219495952,0.18834170893685223,-0.6257681870687539,0.2212404589269936,0.20512820512820512,0.17951257257729514,False,True,C:\Users\Owner\Desktop\Fall2023\CSE275\6D Pose\training_data_filtered\training_data\v2.2\2-49-11_color_kinect.png
1-57-12,pudding_box,51,z2|x2,225,2.316611903522213,0.11516364,1.6986306843558832,0.07692574376597582,0.6179812191663299,0.03823789542183699,0.38997214484679665,0.1704241495703497,False,True,C:\Users\Owner\Desktop\Fall2023\CSE275\6D Pose\training_data_filtered\training_data\v2.2\1-57-12_color_kinect.png
2-8-18,sugar_box,55,z2|x2,331,2.6990672049887787,0.1882279,1.6977816832747479,0.13588040101595178,1.0012855217140308,0.052347505807206485,0.4,0.1661785410803887,False,True,C:\Users\Owner\Desktop\Fall2023\CSE275\6D Pose\training_data_filtered\training_data\v2.2\2-8-18_color_kinect.png
2-47-11,cracker_box,14,z2|x2,199,1.544030111439373,0.0693711,1.6964019459222428,0.11434373305731316,-0.15237183448286973,-0.044972636267476274,0.47368421052631576,0.16785028294939147,False,True,C:\Users\Owner\Desktop\Fall2023\CSE275\6D Pose\training_data_filtered\training_data\v2.2\2-47-11_color_kinect.png
1-13-19,rubiks_cube,52,z4|x4|y4,493,0.9896670352479467,0.21490781,1.6954173641754455,0.1044117668533141,-0.7057503289274988,0.11049604323865825,0.38048245614035087,0.1611078676972628,False,True,C:\Users\Owner\Desktop\Fall2023\CSE275\6D Pose\training_data_filtered\training_data\v2.2\1-13-19_color_kinect.png
2-2-2,e_lego_duplo,20,z2,396,4.2985500203096825,0.22040655,1.6890191044547354,0.13826196318229145,2.609530915854947,0.0821445840064674,0.30423940149625933,0.16916185827381117,False,True,C:\Users\Owner\Desktop\Fall2023\CSE275\6D Pose\training_data_filtered\training_data\v2.2\2-2-2_color_kinect.png
2-2-2,sugar_box,55,z2|x2,343,1.6420346140324371,0.15975967,1.687953922436614,0.09630869054722023,-0.045919308404176906,0.06345097994876671,0.4036697247706422,0.16314957080422549,False,True,C:\Users\Owner\Desktop\Fall2023\CSE275\6D Pose\training_data_filtered\training_data\v2.2\2-2-2_color_kinect.png
2-80-6,wood_block,58,z2|y2|x4,340,3.006743348064862,0.31453896,1.6858329403964813,0.1267279834191737,1.3209104076683806,0.18781097226930285,0.21762208067940553,0.1667366471206168,False,True,C:\Users\Owner\Desktop\Fall2023\CSE275\6D Pose\training_data_filtered\training_data\v2.2\2-80-6_color_kinect.png
1-50-8,pudding_box,51,z2|x2,212,1.416949916417386,0.0565348,1.680619753918558,0.1289636718464498,-0.2636698375011719,-0.07242887116795821,0.4178272980501393,0.17494442913932465,False,True,C:\Users\Owner\Desktop\Fall2023\CSE275\6D Pose\training_data_filtered\training_data\v2.2\1-50-8_color_kinect.png
1-57-12,potted_meat_can,48,z2|x2,773,1.6803706538315166,0.2471565,1.6803706538315166,0.24715650081634521,0.0,0.0,0.0,0.0,False,True,C:\Users\Owner\Desktop\Fall2023\CSE275\6D Pose\training_data_filtered\training_data\v2.2\1-57-12_color_kinect.png
2-42-15,sugar_box,55,z2|x2,342,1.7406131289703874,0.26571542,1.678212833179698,0.16392861318983853,0.06240029579068951,0.10178680705628573,0.3908256880733945,0.169141783905063,False,True,C:\Users\Owner\Desktop\Fall2023\CSE275\6D Pose\training_data_filtered\training_data\v2.2\2-42-15_color_kinect.png
2-54-15,rubiks_cube,52,z4|x4|y4,506,1.6775935628997696,0.23815995,1.6775935628997696,0.23815995454788208,0.0,0.0,0.0,0.0,False,True,C:\Users\Owner\Desktop\Fall2023\CSE275\6D Pose\training_data_filtered\training_data\v2.2\2-54-15_color_kinect.png
1-74-12,wood_block,58,z2|y2|x4,534,1.672915734164093,0.24786513,1.672915734164093,0.24786512553691864,0.0,0.0,0.0,0.0,False,True,C:\Users\Owner\Desktop\Fall2023\CSE275\6D Pose\training_data_filtered\training_data\v2.2\1-74-12_color_kinect.png
1-12-2,wood_block,58,z2|y2|x4,521,0.6743743220196159,0.078364916,1.672180463853884,0.12738606290114587,-0.9978061418342681,-0.04902114675534433,0.35668789808917195,0.17355536114200662,False,True,C:\Users\Owner\Desktop\Fall2023\CSE275\6D Pose\training_data_filtered\training_data\v2.2\1-12-2_color_kinect.png
2-69-12,sugar_box,55,z2|x2,337,1.0396465458306445,0.109917484,1.6658593258040668,0.14059164635513546,-0.6262127799734223,-0.030674162131292843,0.381651376146789,0.166347111755856,False,True,C:\Users\Owner\Desktop\Fall2023\CSE275\6D Pose\training_data_filtered\training_data\v2.2\2-69-12_color_kinect.png
2-34-12,d_toy_airplane,18,zinf,127,1.6653881098879568,0.037246745,1.6653881098879568,0.03724674507975578,0.0,0.0,0.0,0.0,False,True,C:\Users\Owner\Desktop\Fall2023\CSE275\6D Pose\training_data_filtered\training_data\v2.2\2-34-12_color_kinect.png
2-12-2,c_toy_airplane,13,zinf,181,1.6641040675886365,0.14138676,1.6641040675886365,0.14138676226139069,0.0,0.0,0.0,0.0,False,True,C:\Users\Owner\Desktop\Fall2023\CSE275\6D Pose\training_data_filtered\training_data\v2.2\2-12-2_color_kinect.png
1-49-1,master_chef_can,39,zinf|x2,379,1.662939806376221,0.0662636,1.662939806376221,0.0662636011838913,0.0,0.0,0.0,0.0,False,True,C:\Users\Owner\Desktop\Fall2023\CSE275\6D Pose\training_data_filtered\training_data\v2.2\1-49-1_color_kinect.png
2-82-14,tomato_soup_can,56,zinf|x2,708,1.6580074824197681,0.31287676,1.6580074824197681,0.31287676095962524,0.0,0.0,0.0,0.0,False,True,C:\Users\Owner\Desktop\Fall2023\CSE275\6D Pose\training_data_filtered\training_data\v2.2\2-82-14_color_kinect.png
2-76-9,sugar_box,55,z2|x2,284,2.090277680985903,0.26617134,1.651112199773708,0.16053109185506756,0.43916548121219523,0.10564024431894367,0.3321100917431193,0.16952802146563084,False,True,C:\Users\Owner\Desktop\Fall2023\CSE275\6D Pose\training_data_filtered\training_data\v2.2\2-76-9_color_kinect.png
1-45-15,pudding_box,51,z2|x2,218,0.6385429851204398,0.10281379,1.6509452785910397,0.0929576543167072,-1.0124022934705998,0.00985613344164317,0.42896935933147634,0.1683588045585012,False,True,C:\Users\Owner\Desktop\Fall2023\CSE275\6D Pose\training_data_filtered\training_data\v2.2\1-45-15_color_kinect.png
2-2-6,sugar_box,55,z2|x2,309,1.8540977601099289,0.39923513,1.6477258605042675,0.2575094066714998,0.20637189960566138,0.14172572268488448,0.381651376146789,0.1522884220589329,False,True,C:\Users\Owner\Desktop\Fall2023\CSE275\6D Pose\training_data_filtered\training_data\v2.2\2-2-6_color_kinect.png
2-14-17,cracker_box,14,z2|x2,187,4.03536872020551,0.08373506,1.6442866598233943,0.22070074768393758,2.391082060382116,-0.13696568401187184,0.375,0.1671036443019407,False,True,C:\Users\Owner\Desktop\Fall2023\CSE275\6D Pose\training_data_filtered\training_data\v2.2\2-14-17_color_kinect.png
2-59-12,tomato_soup_can,56,zinf|x2,699,1.6391749366697836,0.29938522,1.6391749366697836,0.2993852198123932,0.0,0.0,0.0,0.0,False,True,C:\Users\Owner\Desktop\Fall2023\CSE275\6D Pose\training_data_filtered\training_data\v2.2\2-59-12_color_kinect.png
2-63-11,gelatin_box,30,z2|x2,451,1.6758501023664385,0.29052418,1.63493452624846,0.14537240591344236,0.04091557611797847,0.14515177879038454,0.2967032967032967,0.15651415472466046,False,True,C:\Users\Owner\Desktop\Fall2023\CSE275\6D Pose\training_data_filtered\training_data\v2.2\2-63-11_color_kinect.png
2-80-11,d_toy_airplane,18,zinf,140,1.4278648311941229,0.24244097,1.6326863532010751,0.1364289502714777,-0.20482152200695225,0.10601201848042965,0.33225806451612905,0.1727322223473876,False,True,C:\Users\Owner\Desktop\Fall2023\CSE275\6D Pose\training_data_filtered\training_data\v2.2\2-80-11_color_kinect.png
2-93-4,bleach_cleanser,8,z2,1238,1.6313136477857526,0.17992166,1.6313136477857526,0.17992165684700012,0.0,0.0,0.0,0.0,False,True,C:\Users\Owner\Desktop\Fall2023\CSE275\6D Pose\training_data_filtered\training_data\v2.2\2-93-4_color_kinect.png
2-13-16,master_chef_can,39,zinf|x2,368,4.093543515557493,0.16796042,1.630845849442423,0.11500147072641363,2.46269766611507,0.05295894952447901,0.33618233618233617,0.16687717956749995,False,True,C:\Users\Owner\Desktop\Fall2023\CSE275\6D Pose\training_data_filtered\training_data\v2.2\2-13-16_color_kinect.png
1-19-1,rubiks_cube,52,z4|x4|y4,476,4.56170322155221,0.2901077,1.6278170422747806,0.1480901158700649,2.9338861792774296,0.14201758137839396,0.38318777292576417,0.1669777871984303,False,True,C:\Users\Owner\Desktop\Fall2023\CSE275\6D Pose\training_data_filtered\training_data\v2.2\1-19-1_color_kinect.png
2-86-18,e_lego_duplo,20,z2,338,4.781139695003169,0.417782,1.6243374515526556,0.18943096366414536,3.156802243450514,0.22835104498377334,0.30673316708229426,0.16843166412324756,False,True,C:\Users\Owner\Desktop\Fall2023\CSE275\6D Pose\training_data_filtered\training_data\v2.2\2-86-18_color_kinect.png
1-2-18,pudding_box,51,z2|x2,206,1.6640913038705423,0.18669449,1.619800489018862,0.10971353131724193,0.044290814851680294,0.07698095661210225,0.4111111111111111,0.15606421116301916,False,True,C:\Users\Owner\Desktop\Fall2023\CSE275\6D Pose\training_data_filtered\training_data\v2.2\1-2-18_color_kinect.png
1-57-10,potted_meat_can,48,z2|x2,798,1.6181564614614414,0.35565442,1.6181564614614414,0.35565441846847534,0.0,0.0,0.0,0.0,False,True,C:\Users\Owner\Desktop\Fall2023\CSE275\6D Pose\training_data_filtered\training_data\v2.2\1-57-10_color_kinect.png
2-69-12,bleach_cleanser,8,z2,1418,1.6120007454900802,0.25062463,1.6120007454900802,0.2506246268749237,0.0,0.0,0.0,0.0,False,True,C:\Users\Owner\Desktop\Fall2023\CSE275\6D Pose\training_data_filtered\training_data\v2.2\2-69-12_color_kinect.png
2-96-0,prism,50,z2,280,2.6347609703473616,0.17248194,1.611610233955649,0.14710501202911264,1.0231507363917125,0.025376927167473973,0.46782178217821785,0.17316388446473444,False,True,C:\Users\Owner\Desktop\Fall2023\CSE275\6D Pose\training_data_filtered\training_data\v2.2\2-96-0_color_kinect.png
1-61-12,tomato_soup_can,56,zinf|x2,691,1.6090407450592994,0.20592494,1.6090407450592994,0.20592494308948517,0.0,0.0,0.0,0.0,False,True,C:\Users\Owner\Desktop\Fall2023\CSE275\6D Pose\training_data_filtered\training_data\v2.2\1-61-12_color_kinect.png
2-94-3,prism,50,z2,297,1.5705533209835505,0.08788171,1.6090398272888626,0.17072355855951582,-0.03848650630531214,-0.08284185190449034,0.49504950495049505,0.16473269322925638,False,True,C:\Users\Owner\Desktop\Fall2023\CSE275\6D Pose\training_data_filtered\training_data\v2.2\2-94-3_color_kinect.png
2-93-1,master_chef_can,39,zinf|x2,360,1.6080361124754987,0.1378083,1.6080361124754987,0.13780829310417175,0.0,0.0,0.0,0.0,False,True,C:\Users\Owner\Desktop\Fall2023\CSE275\6D Pose\training_data_filtered\training_data\v2.2\2-93-1_color_kinect.png
2-69-12,a_lego_duplo,1,z2,200,1.6034396684368233,0.16065684,1.6034396684368233,0.16065683960914612,0.0,0.0,0.0,0.0,False,True,C:\Users\Owner\Desktop\Fall2023\CSE275\6D Pose\training_data_filtered\training_data\v2.2\2-69-12_color_kinect.png
2-7-6,gelatin_box,30,z2|x2,487,1.4151308016904034,0.12119805,1.6031091769111792,0.12413071361927644,-0.18797837522077576,-0.0029326629415001026,0.3505494505494505,0.17170557409346682,False,True,C:\Users\Owner\Desktop\Fall2023\CSE275\6D Pose\training_data_filtered\training_data\v2.2\2-7-6_color_kinect.png
1-65-10,sugar_box,55,z2|x2,350,0.32926729685230144,0.1318515,1.5987130787585841,0.1077335408923434,-1.2694457819062828,0.02411795341994298,0.3944954128440367,0.16799467099619741,False,True,C:\Users\Owner\Desktop\Fall2023\CSE275\6D Pose\training_data_filtered\training_data\v2.2\1-65-10_color_kinect.png
2-7-6,tuna_fish_can,57,zinf|x2,131,1.8867706946767362,0.11402538,1.5959365015832323,0.10661661951281493,0.2908341930935039,0.007408757224302842,0.42995169082125606,0.16222669668933296,False,True,C:\Users\Owner\Desktop\Fall2023\CSE275\6D Pose\training_data_filtered\training_data\v2.2\2-7-6_color_kinect.png
2-21-18,bleach_cleanser,8,z2,1481,1.5894696303827793,0.36865896,1.5894696303827793,0.36865895986557007,0.0,0.0,0.0,0.0,False,True,C:\Users\Owner\Desktop\Fall2023\CSE275\6D Pose\training_data_filtered\training_data\v2.2\2-21-18_color_kinect.png
1-32-1,wood_block,58,z2|y2|x4,390,3.2675385117221625,0.10824026,1.5858182079812684,0.0985312877126283,1.681720303740894,0.009708973961299008,0.2791932059447983,0.17447195856320563,False,True,C:\Users\Owner\Desktop\Fall2023\CSE275\6D Pose\training_data_filtered\training_data\v2.2\1-32-1_color_kinect.png
1-79-2,gelatin_box,30,z2|x2,475,2.209892577996141,0.16428415,1.582334528926287,0.11604741072878454,0.6275580490698542,0.04823674404397395,0.32154696132596683,0.1763557031776255,False,True,C:\Users\Owner\Desktop\Fall2023\CSE275\6D Pose\training_data_filtered\training_data\v2.2\1-79-2_color_kinect.png
2-74-10,d_toy_airplane,18,zinf,136,1.5771874211260162,0.031535048,1.5771874211260162,0.03153504803776741,0.0,0.0,0.0,0.0,False,True,C:\Users\Owner\Desktop\Fall2023\CSE275\6D Pose\training_data_filtered\training_data\v2.2\2-74-10_color_kinect.png
2-2-6,e_lego_duplo,20,z2,377,1.062527337327828,0.1575465,1.5728449133714602,0.11190527378822421,-0.5103175760436323,0.045641231543768895,0.3403990024937656,0.1697611351927596,False,True,C:\Users\Owner\Desktop\Fall2023\CSE275\6D Pose\training_data_filtered\training_data\v2.2\2-2-6_color_kinect.png
2-84-0,cracker_box,14,z2|x2,179,2.7087381168545206,0.07016842,1.5723747664542767,0.12545725793152518,1.136363350400244,-0.05528883725910849,0.3980263157894737,0.16255951497386514,False,True,C:\Users\Owner\Desktop\Fall2023\CSE275\6D Pose\training_data_filtered\training_data\v2.2\2-84-0_color_kinect.png
1-78-20,tuna_fish_can,57,zinf|x2,134,0.8111644231144091,0.27717578,1.5707445957522412,0.14807996033001472,-0.7595801726378322,0.12909582378100823,0.4251207729468599,0.16172219492937717,False,True,C:\Users\Owner\Desktop\Fall2023\CSE275\6D Pose\training_data_filtered\training_data\v2.2\1-78-20_color_kinect.png
2-63-8,a_lego_duplo,1,z2,164,6.26329217973241,0.20952162,1.569158120688181,0.12644555837226876,4.694134059044229,0.08307606309341423,0.31105990783410137,0.1633201350875731,False,True,C:\Users\Owner\Desktop\Fall2023\CSE275\6D Pose\training_data_filtered\training_data\v2.2\2-63-8_color_kinect.png
1-48-15,tuna_fish_can,57,zinf|x2,98,10.502637768886654,0.14850463,1.5681524523610098,0.14875807274497993,8.934485316525643,-0.00025344301380164636,0.3285024154589372,0.1644915349741831,False,True,C:\Users\Owner\Desktop\Fall2023\CSE275\6D Pose\training_data_filtered\training_data\v2.2\1-48-15_color_kinect.png
2-8-18,e_lego_duplo,20,z2,321,2.8173366225550396,0.39075148,1.5679672375230977,0.11296730955643987,1.2493693850319418,0.2777841714997735,0.29878048780487804,0.17588389032304774,False,True,C:\Users\Owner\Desktop\Fall2023\CSE275\6D Pose\training_data_filtered\training_data\v2.2\2-8-18_color_kinect.png
2-91-1,wood_block,58,z2|y2|x4,545,1.0232493130452291,0.1565241,1.5674392740033294,0.11109693794504917,-0.5441899609581002,0.04542716891511166,0.3535031847133758,0.16900605282047337,False,True,C:\Users\Owner\Desktop\Fall2023\CSE275\6D Pose\training_data_filtered\training_data\v2.2\2-91-1_color_kinect.png
1-72-15,rubiks_cube,52,z4|x4|y4,362,2.6672419769152564,0.20402537,1.5668021323514232,0.11261551728945905,1.1004398445638333,0.0914098555733568,0.28193832599118945,0.17224445421866533,False,True,C:\Users\Owner\Desktop\Fall2023\CSE275\6D Pose\training_data_filtered\training_data\v2.2\1-72-15_color_kinect.png
1-97-13,wood_block,58,z2|y2|x4,565,1.5655290366423493,0.22343029,1.5655290366423493,0.22343029081821442,0.0,0.0,0.0,0.0,False,True,C:\Users\Owner\Desktop\Fall2023\CSE275\6D Pose\training_data_filtered\training_data\v2.2\1-97-13_color_kinect.png
2-65-11,e_toy_airplane,21,z2,132,7.673286538225803,0.11620927,1.5611919401971928,0.13936795241432223,6.11209459802861,-0.023158683844375944,0.3355048859934853,0.1679959599772112,False,True,C:\Users\Owner\Desktop\Fall2023\CSE275\6D Pose\training_data_filtered\training_data\v2.2\2-65-11_color_kinect.png
2-11-4,tuna_fish_can,57,zinf|x2,131,0.49229902637558626,0.08718645,1.5586568124490066,0.1163709146250003,-1.0663577860734204,-0.029184466348957355,0.4444444444444444,0.13369199621467187,False,True,C:\Users\Owner\Desktop\Fall2023\CSE275\6D Pose\training_data_filtered\training_data\v2.2\2-11-4_color_kinect.png
1-82-18,gelatin_box,30,z2|x2,532,2.2952840889108215,0.3322384,1.5573396987832815,0.18649117713061236,0.73794439012754,0.1457472288123045,0.35027624309392263,0.17332662323144735,False,True,C:\Users\Owner\Desktop\Fall2023\CSE275\6D Pose\training_data_filtered\training_data\v2.2\1-82-18_color_kinect.png
2-35-7,wood_block,58,z2|y2|x4,510,1.5561422013880633,0.20814854,1.5561422013880633,0.2081485390663147,0.0,0.0,0.0,0.0,False,True,C:\Users\Owner\Desktop\Fall2023\CSE275\6D Pose\training_data_filtered\training_data\v2.2\2-35-7_color_kinect.png
2-32-19,wood_block,58,z2|y2|x4,541,1.5608020082148066,0.17254624,1.5553496871730519,0.13101843747747954,0.0054523210417547485,0.04152780022965852,0.3641188959660297,0.17258596909463822,False,True,C:\Users\Owner\Desktop\Fall2023\CSE275\6D Pose\training_data_filtered\training_data\v2.2\2-32-19_color_kinect.png
1-46-7,wood_block,58,z2|y2|x4,443,3.6613115243433407,0.2244133,1.554466667630064,0.12553104295102524,2.106844856713277,0.09888226256998611,0.29936305732484075,0.1679907913403018,False,True,C:\Users\Owner\Desktop\Fall2023\CSE275\6D Pose\training_data_filtered\training_data\v2.2\1-46-7_color_kinect.png
2-13-3,pudding_box,51,z2|x2,184,1.1174058416198007,0.27859876,1.5495280339212985,0.11687274345914031,-0.43212219230149773,0.16172601213892793,0.3649025069637883,0.17526205040448906,False,True,C:\Users\Owner\Desktop\Fall2023\CSE275\6D Pose\training_data_filtered\training_data\v2.2\2-13-3_color_kinect.png
1-26-17,sugar_box,55,z2|x2,276,1.613569213871079,0.5534315,1.546361970826924,0.16717763513980727,0.06720724304415504,0.3862538757854857,0.38235294117647056,0.15080514025030853,False,True,C:\Users\Owner\Desktop\Fall2023\CSE275\6D Pose\training_data_filtered\training_data\v2.2\1-26-17_color_kinect.png
2-7-18,sugar_box,55,z2|x2,297,2.713973592275636,0.18381543,1.545627037953951,0.19869313279148348,1.1683465543216849,-0.014877698216402613,0.3651376146788991,0.16259735769089884,False,True,C:\Users\Owner\Desktop\Fall2023\CSE275\6D Pose\training_data_filtered\training_data\v2.2\2-7-18_color_kinect.png
1-37-18,wood_block,58,z2|y2|x4,494,1.545310889807035,0.12432358,1.545310889807035,0.12432357668876648,0.0,0.0,0.0,0.0,False,True,C:\Users\Owner\Desktop\Fall2023\CSE275\6D Pose\training_data_filtered\training_data\v2.2\1-37-18_color_kinect.png
2-38-4,d_toy_airplane,18,zinf,133,1.545216131396467,0.09428275,1.545216131396467,0.09428274631500244,0.0,0.0,0.0,0.0,False,True,C:\Users\Owner\Desktop\Fall2023\CSE275\6D Pose\training_data_filtered\training_data\v2.2\2-38-4_color_kinect.png
1-40-17,tuna_fish_can,57,zinf|x2,132,1.7139706313019742,0.085109405,1.5424400812748196,0.1175182975528526,0.17153055002715467,-0.032408892333297704,0.4251207729468599,0.15429029291255583,False,True,C:\Users\Owner\Desktop\Fall2023\CSE275\6D Pose\training_data_filtered\training_data\v2.2\1-40-17_color_kinect.png
2-4-10,jenga,35,z2|x2,731,1.5408429319170927,0.16246322,1.5408429319170927,0.1624632179737091,0.0,0.0,0.0,0.0,False,True,C:\Users\Owner\Desktop\Fall2023\CSE275\6D Pose\training_data_filtered\training_data\v2.2\2-4-10_color_kinect.png
2-69-10,sugar_box,55,z2|x2,327,1.2895002623100922,0.22309984,1.540508134767811,0.1592181424849808,-0.2510078724577187,0.06388170018259884,0.3798165137614679,0.1655935263094938,False,True,C:\Users\Owner\Desktop\Fall2023\CSE275\6D Pose\training_data_filtered\training_data\v2.2\2-69-10_color_kinect.png
2-60-7,jenga,35,z2|x2,652,2.041814970737512,0.24287982,1.5390447846262965,0.196502756886824,0.5027701861112157,0.04637706596340335,0.3419593345656192,0.16728741199612635,False,True,C:\Users\Owner\Desktop\Fall2023\CSE275\6D Pose\training_data_filtered\training_data\v2.2\2-60-7_color_kinect.png
2-55-10,cracker_box,14,z2|x2,188,2.200134103591371,0.17811413,1.5386724042891466,0.13980622328549439,0.6614616993022242,0.03830790780753082,0.45394736842105265,0.17176719431337917,False,True,C:\Users\Owner\Desktop\Fall2023\CSE275\6D Pose\training_data_filtered\training_data\v2.2\2-55-10_color_kinect.png
2-42-15,d_toy_airplane,18,zinf,126,1.536170538200039,0.07494116,1.536170538200039,0.07494115829467773,0.0,0.0,0.0,0.0,False,True,C:\Users\Owner\Desktop\Fall2023\CSE275\6D Pose\training_data_filtered\training_data\v2.2\2-42-15_color_kinect.png
2-35-4,sugar_box,55,z2|x2,332,1.2822407224977648,0.18740861,1.5329216572737494,0.12986025925242062,-0.25068093477598463,0.057548351925977514,0.3871559633027523,0.17040233182810915,False,True,C:\Users\Owner\Desktop\Fall2023\CSE275\6D Pose\training_data_filtered\training_data\v2.2\2-35-4_color_kinect.png
1-79-2,rubiks_cube,52,z4|x4|y4,482,1.7079886744514636,0.21208876,1.5326157003945609,0.18831910088305462,0.17537297405690278,0.02376966283078205,0.3392070484581498,0.1682708323704161,False,True,C:\Users\Owner\Desktop\Fall2023\CSE275\6D Pose\training_data_filtered\training_data\v2.2\1-79-2_color_kinect.png
2-93-9,nine_hole_peg_test,43,no,315,0.4309529495044788,0.2992244,1.530803022726488,0.14863531954861434,-1.0998500732220091,0.15058908693217485,0.3591905564924115,0.17481856633653942,False,True,C:\Users\Owner\Desktop\Fall2023\CSE275\6D Pose\training_data_filtered\training_data\v2.2\2-93-9_color_kinect.png
2-75-4,wood_block,58,z2|y2|x4,365,1.5292909103746117,0.33690068,1.5292909103746117,0.3369006812572479,0.0,0.0,0.0,0.0,False,True,C:\Users\Owner\Desktop\Fall2023\CSE275\6D Pose\training_data_filtered\training_data\v2.2\2-75-4_color_kinect.png
1-6-13,potted_meat_can,48,z2|x2,519,2.499240285217225,0.6219804,1.5288176300799143,0.1373464629243913,0.9704226551373105,0.4846339657712874,0.24078091106290672,0.16839326386156145,False,True,C:\Users\Owner\Desktop\Fall2023\CSE275\6D Pose\training_data_filtered\training_data\v2.2\1-6-13_color_kinect.png
2-36-8,gelatin_box,30,z2|x2,459,3.673361899855311,0.24479479,1.5287612545226892,0.18436861191181064,2.1446006453326216,0.06042617406459927,0.3637362637362637,0.15190764319322494,False,True,C:\Users\Owner\Desktop\Fall2023\CSE275\6D Pose\training_data_filtered\training_data\v2.2\2-36-8_color_kinect.png
2-49-11,tuna_fish_can,57,zinf|x2,128,2.9362136663545115,0.07360882,1.527670709510788,0.11435239912380793,1.4085429568437235,-0.040743576003213905,0.4492753623188406,0.1635201992487332,False,True,C:\Users\Owner\Desktop\Fall2023\CSE275\6D Pose\training_data_filtered\training_data\v2.2\2-49-11_color_kinect.png
1-21-5,sugar_box,55,z2|x2,353,4.299481747760827,0.26111412,1.5237375095917813,0.19367622180380234,2.7757442381690454,0.0674378986795961,0.38644688644688646,0.16934300385577974,False,True,C:\Users\Owner\Desktop\Fall2023\CSE275\6D Pose\training_data_filtered\training_data\v2.2\1-21-5_color_kinect.png
2-93-1,tuna_fish_can,57,zinf|x2,129,3.944175025756255,0.061572175,1.5217377321579566,0.13624433182556592,2.422437293598298,-0.07467215635259114,0.4106280193236715,0.1688600084174597,False,True,C:\Users\Owner\Desktop\Fall2023\CSE275\6D Pose\training_data_filtered\training_data\v2.2\2-93-1_color_kinect.png
2-74-5,b_lego_duplo,5,z4,196,2.1161073222415823,0.091991656,1.5214424548967347,0.1892746459679602,0.5946648673448476,-0.09728299043941482,0.37790697674418605,0.17786080344221822,False,True,C:\Users\Owner\Desktop\Fall2023\CSE275\6D Pose\training_data_filtered\training_data\v2.2\2-74-5_color_kinect.png
1-13-19,wood_block,58,z2|y2|x4,518,1.4964619317832955,0.11910583,1.5191396057831719,0.09780664271012761,-0.022677673999876413,0.021299188078484757,0.37751855779427357,0.16770234839490616,False,True,C:\Users\Owner\Desktop\Fall2023\CSE275\6D Pose\training_data_filtered\training_data\v2.2\1-13-19_color_kinect.png
2-98-18,gelatin_box,30,z2|x2,535,1.2979587441586395,0.09716908,1.5143830580708295,0.10009925765281108,-0.21642431391218997,-0.0029301787663021384,0.3384615384615385,0.17326091652488296,False,True,C:\Users\Owner\Desktop\Fall2023\CSE275\6D Pose\training_data_filtered\training_data\v2.2\2-98-18_color_kinect.png
2-80-6,sugar_box,55,z2|x2,338,3.5785676890092732,0.038817238,1.513683445621369,0.13704563870464992,2.064884243387904,-0.09822840064202976,0.3908256880733945,0.17522175747513613,False,True,C:\Users\Owner\Desktop\Fall2023\CSE275\6D Pose\training_data_filtered\training_data\v2.2\2-80-6_color_kinect.png
1-19-1,wood_block,58,z2|y2|x4,448,1.5078306222339684,0.35539627,1.5078306222339684,0.3553962707519531,0.0,0.0,0.0,0.0,False,True,C:\Users\Owner\Desktop\Fall2023\CSE275\6D Pose\training_data_filtered\training_data\v2.2\1-19-1_color_kinect.png
1-56-17,jenga,35,z2|x2,504,1.9530630482540827,0.09840869,1.5063391148785217,0.18480242556636636,0.44672393337556104,-0.08639373398130243,0.2412199630314233,0.16672951404759145,False,True,C:\Users\Owner\Desktop\Fall2023\CSE275\6D Pose\training_data_filtered\training_data\v2.2\1-56-17_color_kinect.png
2-30-8,rubiks_cube,52,z4|x4|y4,313,3.995737922877084,0.620471,1.5056760832204743,0.14400596991327336,2.49006183965661,0.47646503075811336,0.2356828193832599,0.1722690551627553,False,True,C:\Users\Owner\Desktop\Fall2023\CSE275\6D Pose\training_data_filtered\training_data\v2.2\2-30-8_color_kinect.png
2-58-11,sugar_box,55,z2|x2,346,1.8879477429130276,0.25091308,1.4989611510057956,0.1317779401049817,0.38898659190723195,0.11913514344833251,0.3779816513761468,0.17149504617844213,False,True,C:\Users\Owner\Desktop\Fall2023\CSE275\6D Pose\training_data_filtered\training_data\v2.2\2-58-11_color_kinect.png
1-58-16,gelatin_box,30,z2|x2,490,1.0328313626410728,0.16976099,1.498356125866187,0.14540548177677526,-0.46552476322511427,0.02435550538581477,0.3639380530973451,0.17344449921658234,False,True,C:\Users\Owner\Desktop\Fall2023\CSE275\6D Pose\training_data_filtered\training_data\v2.2\1-58-16_color_kinect.png
2-94-3,nine_hole_peg_test,43,no,270,3.149873659880375,0.10890207,1.4945810302378935,0.15650717896023797,1.6552926296424817,-0.047605112014208306,0.29679595278246207,0.16951719999348872,False,True,C:\Users\Owner\Desktop\Fall2023\CSE275\6D Pose\training_data_filtered\training_data\v2.2\2-94-3_color_kinect.png
1-84-19,tuna_fish_can,57,zinf|x2,126,2.8442570224474597,0.08108249,1.4934678648770403,0.11730271763381779,1.3507891575704194,-0.03622022456703007,0.43478260869565216,0.1660568620793966,False,True,C:\Users\Owner\Desktop\Fall2023\CSE275\6D Pose\training_data_filtered\training_data\v2.2\1-84-19_color_kinect.png
1-95-11,wood_block,58,z2|y2|x4,552,1.4900161734292416,0.25563845,1.4900161734292416,0.25563845038414,0.0,0.0,0.0,0.0,False,True,C:\Users\Owner\Desktop\Fall2023\CSE275\6D Pose\training_data_filtered\training_data\v2.2\1-95-11_color_kinect.png
2-23-8,gelatin_box,30,z2|x2,466,1.267742974380561,0.13906352,1.4893643594637211,0.19439845534182376,-0.2216213850831601,-0.055334933122165864,0.2967032967032967,0.1542709753871954,False,True,C:\Users\Owner\Desktop\Fall2023\CSE275\6D Pose\training_data_filtered\training_data\v2.2\2-23-8_color_kinect.png
1-88-10,gelatin_box,30,z2|x2,517,1.1458714891938697,0.16181573,1.4876340219005106,0.10397297841558406,-0.3417625327066409,0.05784275430192998,0.36574585635359114,0.17044706978708857,False,True,C:\Users\Owner\Desktop\Fall2023\CSE275\6D Pose\training_data_filtered\training_data\v2.2\1-88-10_color_kinect.png
2-42-15,mustard_bottle,42,z2,1105,1.4860566899659418,0.17320189,1.4860566899659418,0.17320188879966736,0.0,0.0,0.0,0.0,False,True,C:\Users\Owner\Desktop\Fall2023\CSE275\6D Pose\training_data_filtered\training_data\v2.2\2-42-15_color_kinect.png
2-79-3,bleach_cleanser,8,z2,1428,1.48447616071464,0.28673953,1.48447616071464,0.2867395281791687,0.0,0.0,0.0,0.0,False,True,C:\Users\Owner\Desktop\Fall2023\CSE275\6D Pose\training_data_filtered\training_data\v2.2\2-79-3_color_kinect.png
2-69-10,tuna_fish_can,57,zinf|x2,128,4.431297539466157,0.16997516,1.4835601770294014,0.15729803189924865,2.9477373624367553,0.012677129653180547,0.4251207729468599,0.16105891297498842,False,True,C:\Users\Owner\Desktop\Fall2023\CSE275\6D Pose\training_data_filtered\training_data\v2.2\2-69-10_color_kinect.png
1-90-2,wood_block,58,z2|y2|x4,560,0.761646043226737,0.097278915,1.4786200224993287,0.12508197791390838,-0.7169739792725917,-0.027803062568239584,0.3492569002123142,0.17168551705001897,False,True,C:\Users\Owner\Desktop\Fall2023\CSE275\6D Pose\training_data_filtered\training_data\v2.2\1-90-2_color_kinect.png
2-6-14,tuna_fish_can,57,zinf|x2,87,4.287225170963925,0.4323436,1.4780512590035177,0.5320386071416858,2.809173911960407,-0.09969500496120487,0.27053140096618356,0.13502154607886926,False,True,C:\Users\Owner\Desktop\Fall2023\CSE275\6D Pose\training_data_filtered\training_data\v2.2\2-6-14_color_kinect.png
1-21-8,pudding_box,51,z2|x2,222,1.8989890015380704,0.14327501,1.47740793300228,0.11827785593045148,0.42158106853579036,0.024997151675101192,0.38997214484679665,0.1700734544559044,False,True,C:\Users\Owner\Desktop\Fall2023\CSE275\6D Pose\training_data_filtered\training_data\v2.2\1-21-8_color_kinect.png
1-22-7,sugar_box,55,z2|x2,343,10.43693281816555,0.07479386,1.476581999634433,0.13999025643971566,8.960350818531117,-0.06519639612343911,0.3761467889908257,0.16769154501882533,False,True,C:\Users\Owner\Desktop\Fall2023\CSE275\6D Pose\training_data_filtered\training_data\v2.2\1-22-7_color_kinect.png
1-61-4,wood_block,58,z2|y2|x4,527,1.331180530352056,0.13698314,1.475640312808183,0.10735066706170329,-0.1444597824561269,0.029632474241359147,0.3524416135881104,0.1711118478799186,False,True,C:\Users\Owner\Desktop\Fall2023\CSE275\6D Pose\training_data_filtered\training_data\v2.2\1-61-4_color_kinect.png
2-70-3,wood_block,58,z2|y2|x4,555,0.8892850011429007,0.11612518,1.4743094955452507,0.11779931507100003,-0.58502449440235,-0.0016741337536706202,0.35774946921443734,0.1731679771319679,False,True,C:\Users\Owner\Desktop\Fall2023\CSE275\6D Pose\training_data_filtered\training_data\v2.2\2-70-3_color_kinect.png
2-51-3,tomato_soup_can,56,zinf|x2,720,1.4719865693034895,0.27598947,1.4719865693034895,0.27598947286605835,0.0,0.0,0.0,0.0,False,True,C:\Users\Owner\Desktop\Fall2023\CSE275\6D Pose\training_data_filtered\training_data\v2.2\2-51-3_color_kinect.png
2-6-14,sugar_box,55,z2|x2,322,1.8906958877152116,0.061866403,1.4716118564175673,0.09904609157402097,0.41908403129764427,-0.037179688947983375,0.3761467889908257,0.16375960426081002,False,True,C:\Users\Owner\Desktop\Fall2023\CSE275\6D Pose\training_data_filtered\training_data\v2.2\2-6-14_color_kinect.png
2-26-15,rubiks_cube,52,z4|x4|y4,445,1.1681877510942973,0.25004482,1.469171869758215,0.093517972705442,-0.3009841186639177,0.1565268499874291,0.3248898678414097,0.1692008139706914,False,True,C:\Users\Owner\Desktop\Fall2023\CSE275\6D Pose\training_data_filtered\training_data\v2.2\2-26-15_color_kinect.png
2-21-18,pudding_box,51,z2|x2,188,2.545459785240396,0.082223445,1.4687100173096592,0.11285702575134879,1.0767497679307367,-0.03063358057427054,0.4178272980501393,0.15394306922734718,False,True,C:\Users\Owner\Desktop\Fall2023\CSE275\6D Pose\training_data_filtered\training_data\v2.2\2-21-18_color_kinect.png
2-52-12,rubiks_cube,52,z4|x4|y4,431,2.8571431534803087,0.26586488,1.4646558926039432,0.15311630792937975,1.3924872608763654,0.11274857096351881,0.3458149779735683,0.1716023461818695,False,True,C:\Users\Owner\Desktop\Fall2023\CSE275\6D Pose\training_data_filtered\training_data\v2.2\2-52-12_color_kinect.png
2-78-13,pudding_box,51,z2|x2,217,3.5100725187063713,0.09428011,1.4636815040755768,0.1245731584488885,2.046391014630794,-0.03029304963941737,0.39275766016713093,0.17578597680979202,False,True,C:\Users\Owner\Desktop\Fall2023\CSE275\6D Pose\training_data_filtered\training_data\v2.2\2-78-13_color_kinect.png
1-63-18,tomato_soup_can,56,zinf|x2,608,2.6641453064968457,0.7582836,1.4636527858922965,0.1106957468560383,1.2004925206045491,0.6475878682562664,0.2960426179604262,0.16858369199787673,False,True,C:\Users\Owner\Desktop\Fall2023\CSE275\6D Pose\training_data_filtered\training_data\v2.2\1-63-18_color_kinect.png
2-26-17,rubiks_cube,52,z4|x4|y4,435,2.1756438194020666,0.34131867,1.4613883000090009,0.11980910353772264,0.7142555193930658,0.2215095633972444,0.3314977973568282,0.17311565537270443,False,True,C:\Users\Owner\Desktop\Fall2023\CSE275\6D Pose\training_data_filtered\training_data\v2.2\2-26-17_color_kinect.png
1-2-18,wood_block,58,z2|y2|x4,529,0.7304424482612062,0.19527677,1.4586987664382172,0.119691600728812,-0.728256318177011,0.07558516628664515,0.344644750795334,0.17373956309492233,False,True,C:\Users\Owner\Desktop\Fall2023\CSE275\6D Pose\training_data_filtered\training_data\v2.2\1-2-18_color_kinect.png
2-82-9,sugar_box,55,z2|x2,333,1.670264027888371,0.16256824,1.4561538718648963,0.15145493498160323,0.2141101560234746,0.011113306376200116,0.3798165137614679,0.1745490939946665,False,True,C:\Users\Owner\Desktop\Fall2023\CSE275\6D Pose\training_data_filtered\training_data\v2.2\2-82-9_color_kinect.png
1-58-12,pudding_box,51,z2|x2,222,1.644102452160601,0.07136361,1.453650241321545,0.10762343741253398,0.19045221083905584,-0.03625982440308116,0.3955431754874652,0.17376545044127398,False,True,C:\Users\Owner\Desktop\Fall2023\CSE275\6D Pose\training_data_filtered\training_data\v2.2\1-58-12_color_kinect.png
2-32-19,d_toy_airplane,18,zinf,135,1.4524752956453582,0.05163565,1.4524752956453582,0.05163564905524254,0.0,0.0,0.0,0.0,False,True,C:\Users\Owner\Desktop\Fall2023\CSE275\6D Pose\training_data_filtered\training_data\v2.2\2-32-19_color_kinect.png
2-36-15,tuna_fish_can,57,zinf|x2,132,2.72533136054953,0.09086682,1.4484183055342124,0.1270256719179101,1.2769130550153176,-0.03615885289382409,0.4396135265700483,0.17107085608662126,False,True,C:\Users\Owner\Desktop\Fall2023\CSE275\6D Pose\training_data_filtered\training_data\v2.2\2-36-15_color_kinect.png
1-44-19,tuna_fish_can,57,zinf|x2,126,0.4105841971197005,0.21427096,1.4413112159789416,0.10726953844852462,-1.030727018859241,0.10700142581634507,0.463768115942029,0.1620422832619611,False,True,C:\Users\Owner\Desktop\Fall2023\CSE275\6D Pose\training_data_filtered\training_data\v2.2\1-44-19_color_kinect.png
1-2-18,jenga,35,z2|x2,670,1.5172705452707902,0.14108358,1.4404313029133513,0.09555732805353612,0.07683924235743889,0.045526255182204545,0.34935304990757854,0.16407453142510706,False,True,C:\Users\Owner\Desktop\Fall2023\CSE275\6D Pose\training_data_filtered\training_data\v2.2\1-2-18_color_kinect.png
1-86-1,tuna_fish_can,57,zinf|x2,135,2.1045929405522266,0.022671267,1.4386455273413248,0.13964489324758267,0.6659474132109018,-0.11697362585733151,0.42995169082125606,0.16013472901095355,False,True,C:\Users\Owner\Desktop\Fall2023\CSE275\6D Pose\training_data_filtered\training_data\v2.2\1-86-1_color_kinect.png
2-96-0,bleach_cleanser,8,z2,1570,1.4370640422625829,0.2789881,1.4370640422625829,0.2789880931377411,0.0,0.0,0.0,0.0,False,True,C:\Users\Owner\Desktop\Fall2023\CSE275\6D Pose\training_data_filtered\training_data\v2.2\2-96-0_color_kinect.png
1-44-19,pudding_box,51,z2|x2,191,1.4324478246407932,0.26246145,1.4324478246407932,0.26246145367622375,0.0,0.0,0.0,0.0,False,True,C:\Users\Owner\Desktop\Fall2023\CSE275\6D Pose\training_data_filtered\training_data\v2.2\1-44-19_color_kinect.png
2-68-12,a_lego_duplo,1,z2,193,1.4317578789543304,0.2557907,1.4317578789543304,0.25579071044921875,0.0,0.0,0.0,0.0,False,True,C:\Users\Owner\Desktop\Fall2023\CSE275\6D Pose\training_data_filtered\training_data\v2.2\2-68-12_color_kinect.png
1-80-12,tuna_fish_can,57,zinf|x2,128,1.5881378136118018,0.058354966,1.4203113510836178,0.1438247612892577,0.167826462528184,-0.08546979494680851,0.45893719806763283,0.16301323045211796,False,True,C:\Users\Owner\Desktop\Fall2023\CSE275\6D Pose\training_data_filtered\training_data\v2.2\1-80-12_color_kinect.png
2-30-8,gelatin_box,30,z2|x2,510,2.527334099195001,0.12282648,1.416773501150529,0.1482042559119917,1.110560598044472,-0.025377776536629315,0.33516483516483514,0.1760562169652063,False,True,C:\Users\Owner\Desktop\Fall2023\CSE275\6D Pose\training_data_filtered\training_data\v2.2\2-30-8_color_kinect.png
2-26-17,pudding_box,51,z2|x2,209,3.6891608922119508,0.06318354,1.41670830606243,0.12010978831298556,2.272452586149521,-0.05692624969728198,0.38997214484679665,0.17305266821121387,False,True,C:\Users\Owner\Desktop\Fall2023\CSE275\6D Pose\training_data_filtered\training_data\v2.2\2-26-17_color_kinect.png
2-93-9,pudding_box,51,z2|x2,221,0.8393731795794338,0.14364812,1.4164345707200137,0.10603349251314768,-0.5770613911405799,0.03761462526753774,0.42896935933147634,0.17035648080832522,False,True,C:\Users\Owner\Desktop\Fall2023\CSE275\6D Pose\training_data_filtered\training_data\v2.2\2-93-9_color_kinect.png
2-84-0,e_lego_duplo,20,z2,268,2.5929731243562033,0.48832697,1.4145767667918066,0.10547989213346431,1.1783963575643968,0.3828470746290784,0.22693266832917705,0.15839660984057286,False,True,C:\Users\Owner\Desktop\Fall2023\CSE275\6D Pose\training_data_filtered\training_data\v2.2\2-84-0_color_kinect.png
1-7-7,wood_block,58,z2|y2|x4,485,1.9605328876422616,0.4249058,1.413016487898061,0.1062801837972885,0.5475163997442007,0.31862562298257296,0.321656050955414,0.16379343619652384,False,True,C:\Users\Owner\Desktop\Fall2023\CSE275\6D Pose\training_data_filtered\training_data\v2.2\1-7-7_color_kinect.png
2-80-11,master_chef_can,39,zinf|x2,366,1.4128902981879383,0.14807574,1.4128902981879383,0.14807574450969696,0.0,0.0,0.0,0.0,False,True,C:\Users\Owner\Desktop\Fall2023\CSE275\6D Pose\training_data_filtered\training_data\v2.2\2-80-11_color_kinect.png
2-2-13,gelatin_box,30,z2|x2,472,1.4120405760978396,0.1705285,1.4120405760978396,0.17052850127220154,0.0,0.0,0.0,0.0,False,True,C:\Users\Owner\Desktop\Fall2023\CSE275\6D Pose\training_data_filtered\training_data\v2.2\2-2-13_color_kinect.png
2-70-5,potted_meat_can,48,z2|x2,850,1.4115407720546416,0.35763368,1.4115407720546416,0.35763368010520935,0.0,0.0,0.0,0.0,False,True,C:\Users\Owner\Desktop\Fall2023\CSE275\6D Pose\training_data_filtered\training_data\v2.2\2-70-5_color_kinect.png
2-8-3,gelatin_box,30,z2|x2,518,1.6524919252231371,0.19104145,1.4091012864714976,0.1194441336768181,0.24339063875163958,0.07159732099599532,0.3362637362637363,0.17119051911059754,False,True,C:\Users\Owner\Desktop\Fall2023\CSE275\6D Pose\training_data_filtered\training_data\v2.2\2-8-3_color_kinect.png
1-87-19,gelatin_box,30,z2|x2,528,0.7551431226715175,0.1616269,1.4076989607467025,0.16330649960751784,-0.652555838075185,-0.0016795944046522349,0.37458563535911604,0.1671845124842358,False,True,C:\Users\Owner\Desktop\Fall2023\CSE275\6D Pose\training_data_filtered\training_data\v2.2\1-87-19_color_kinect.png
2-59-12,sugar_box,55,z2|x2,161,2.2707413240932124,0.8469247,1.407475568771584,0.3458776747534563,0.8632657553216283,0.5010470474412153,0.1614678899082569,0.16468211056699422,False,True,C:\Users\Owner\Desktop\Fall2023\CSE275\6D Pose\training_data_filtered\training_data\v2.2\2-59-12_color_kinect.png
2-11-1,tuna_fish_can,57,zinf|x2,135,3.706315429327044,0.01590706,1.4072897280310646,0.14420728861222729,2.29902570129598,-0.12830022825727924,0.4444444444444444,0.16375126278864946,False,True,C:\Users\Owner\Desktop\Fall2023\CSE275\6D Pose\training_data_filtered\training_data\v2.2\2-11-1_color_kinect.png
1-48-15,cracker_box,14,z2|x2,200,1.4047780348978656,0.20378302,1.4047780348978656,0.20378302037715912,0.0,0.0,0.0,0.0,False,True,C:\Users\Owner\Desktop\Fall2023\CSE275\6D Pose\training_data_filtered\training_data\v2.2\1-48-15_color_kinect.png
2-6-11,e_lego_duplo,20,z2,372,3.240363725807427,0.5947179,1.4044952149601668,0.15358503341213886,1.83586851084726,0.4411328864143687,0.31091370558375636,0.17229837529071326,False,True,C:\Users\Owner\Desktop\Fall2023\CSE275\6D Pose\training_data_filtered\training_data\v2.2\2-6-11_color_kinect.png
2-11-3,rubiks_cube,52,z4|x4|y4,472,1.402034306099857,0.19284324,1.402034306099857,0.1928432434797287,0.0,0.0,0.0,0.0,False,True,C:\Users\Owner\Desktop\Fall2023\CSE275\6D Pose\training_data_filtered\training_data\v2.2\2-11-3_color_kinect.png
1-58-16,jenga,35,z2|x2,618,1.3958807424325368,0.15801162,1.3958807424325368,0.15801161527633667,0.0,0.0,0.0,0.0,False,True,C:\Users\Owner\Desktop\Fall2023\CSE275\6D Pose\training_data_filtered\training_data\v2.2\1-58-16_color_kinect.png
1-56-13,gelatin_box,30,z2|x2,528,1.0198327105248537,0.040526077,1.3950864194957455,0.10922830018507801,-0.37525370897089183,-0.06870222303377949,0.35628415300546445,0.17285812267921669,False,True,C:\Users\Owner\Desktop\Fall2023\CSE275\6D Pose\training_data_filtered\training_data\v2.2\1-56-13_color_kinect.png
1-83-10,wood_block,58,z2|y2|x4,524,0.9886577731405748,0.090594344,1.39476497905383,0.12503655377382503,-0.4061072059132551,-0.03444220993274913,0.35562632696390656,0.1651476969415911,False,True,C:\Users\Owner\Desktop\Fall2023\CSE275\6D Pose\training_data_filtered\training_data\v2.2\1-83-10_color_kinect.png
1-46-7,tuna_fish_can,57,zinf|x2,137,2.3200288601268864,0.09956199,1.3916400406966905,0.10796701146291465,0.9283888194301959,-0.008405022155511088,0.4251207729468599,0.15504037447603458,False,True,C:\Users\Owner\Desktop\Fall2023\CSE275\6D Pose\training_data_filtered\training_data\v2.2\1-46-7_color_kinect.png
2-94-19,tuna_fish_can,57,zinf|x2,125,3.605811274350789,0.08675149,1.391215441296403,0.18174407989522495,2.2145958330543856,-0.09499258906384983,0.4251207729468599,0.16789459507568394,False,True,C:\Users\Owner\Desktop\Fall2023\CSE275\6D Pose\training_data_filtered\training_data\v2.2\2-94-19_color_kinect.png
2-46-0,cracker_box,14,z2|x2,203,3.0364237872253734,0.16098717,1.3887326957784087,0.14543217152712826,1.6476910914469647,0.015554997023363076,0.45394736842105265,0.16952107905747338,False,True,C:\Users\Owner\Desktop\Fall2023\CSE275\6D Pose\training_data_filtered\training_data\v2.2\2-46-0_color_kinect.png
2-7-10,gelatin_box,30,z2|x2,469,1.9547817896699013,0.12717627,1.387857970142859,0.10805711180246477,0.5669238195270423,0.019119158086413096,0.3648351648351648,0.16453570585967334,False,True,C:\Users\Owner\Desktop\Fall2023\CSE275\6D Pose\training_data_filtered\training_data\v2.2\2-7-10_color_kinect.png
2-98-18,wood_block,58,z2|y2|x4,464,3.5688111848493325,0.5575992,1.382366161958794,0.14974697842482465,2.1864450228905383,0.4078522084724532,0.30042462845010615,0.1648695579715585,False,True,C:\Users\Owner\Desktop\Fall2023\CSE275\6D Pose\training_data_filtered\training_data\v2.2\2-98-18_color_kinect.png
2-70-3,tuna_fish_can,57,zinf|x2,64,5.5104164250096765,0.34454417,1.3812033600297506,0.19558797013965465,4.1292130649799255,0.14895620214733266,0.24154589371980675,0.1721052331528916,False,True,C:\Users\Owner\Desktop\Fall2023\CSE275\6D Pose\training_data_filtered\training_data\v2.2\2-70-3_color_kinect.png
1-86-1,gelatin_box,30,z2|x2,496,2.303138892687695,0.15336685,1.3759282997010602,0.12517175383817053,0.9272105929866348,0.028195094988237857,0.3546961325966851,0.17152027128930927,False,True,C:\Users\Owner\Desktop\Fall2023\CSE275\6D Pose\training_data_filtered\training_data\v2.2\1-86-1_color_kinect.png
1-90-2,gelatin_box,30,z2|x2,482,2.125329804536006,0.16747801,1.3729924516872853,0.1979091201219063,0.7523373528487207,-0.030431110063503297,0.2994475138121547,0.1762536156570802,False,True,C:\Users\Owner\Desktop\Fall2023\CSE275\6D Pose\training_data_filtered\training_data\v2.2\1-90-2_color_kinect.png
2-7-9,tuna_fish_can,57,zinf|x2,130,1.2051885738417543,0.048807178,1.3687913092194002,0.11200375515599309,-0.1636027353776459,-0.06319657746334134,0.41545893719806765,0.1675146115948696,False,True,C:\Users\Owner\Desktop\Fall2023\CSE275\6D Pose\training_data_filtered\training_data\v2.2\2-7-9_color_kinect.png
1-80-12,rubiks_cube,52,z4|x4|y4,507,2.039607189561393,0.22399603,1.3687058118768756,0.0980719089590056,0.6709013776845174,0.12592411934509445,0.33590308370044053,0.17709144374788677,False,True,C:\Users\Owner\Desktop\Fall2023\CSE275\6D Pose\training_data_filtered\training_data\v2.2\1-80-12_color_kinect.png
1-88-8,pudding_box,51,z2|x2,200,2.1587553602050567,0.12516344,1.36587135932435,0.14741853962990495,0.7928840008807065,-0.022255103693930828,0.35376044568245124,0.16455912068470788,False,True,C:\Users\Owner\Desktop\Fall2023\CSE275\6D Pose\training_data_filtered\training_data\v2.2\1-88-8_color_kinect.png
2-19-6,pudding_box,51,z2|x2,225,1.8324234868425473,0.3865173,1.3626639937467149,0.10993431124121436,0.4697594930958324,0.27658297505944485,0.3788300835654596,0.16773411763655593,False,True,C:\Users\Owner\Desktop\Fall2023\CSE275\6D Pose\training_data_filtered\training_data\v2.2\2-19-6_color_kinect.png
2-59-12,cracker_box,14,z2|x2,191,1.360142076447747,0.37569952,1.360142076447747,0.375699520111084,0.0,0.0,0.0,0.0,False,True,C:\Users\Owner\Desktop\Fall2023\CSE275\6D Pose\training_data_filtered\training_data\v2.2\2-59-12_color_kinect.png
2-10-19,tuna_fish_can,57,zinf|x2,129,7.323939496615251,0.061786175,1.3588006508852162,0.12991120923240004,5.965138845730035,-0.06812503445823012,0.4492753623188406,0.15324100297887402,False,True,C:\Users\Owner\Desktop\Fall2023\CSE275\6D Pose\training_data_filtered\training_data\v2.2\2-10-19_color_kinect.png
1-30-6,cracker_box,14,z2|x2,201,2.700829723679604,0.19469684,1.3582175255401197,0.1722204029318177,1.3426121981394843,0.02247644069229729,0.4491803278688525,0.17347918495642017,False,True,C:\Users\Owner\Desktop\Fall2023\CSE275\6D Pose\training_data_filtered\training_data\v2.2\1-30-6_color_kinect.png
1-57-11,potted_meat_can,48,z2|x2,586,2.0567678008479335,0.34342283,1.3553054909911495,0.10538540906990573,0.701462309856784,0.23803742103492215,0.2612481857764877,0.17255483394686655,False,True,C:\Users\Owner\Desktop\Fall2023\CSE275\6D Pose\training_data_filtered\training_data\v2.2\1-57-11_color_kinect.png
1-19-18,master_chef_can,39,zinf|x2,377,1.3542613701475847,0.11929327,1.3542613701475847,0.11929327249526978,0.0,0.0,0.0,0.0,False,True,C:\Users\Owner\Desktop\Fall2023\CSE275\6D Pose\training_data_filtered\training_data\v2.2\1-19-18_color_kinect.png
1-8-1,wood_block,58,z2|y2|x4,570,0.8522854672963066,0.11689181,1.3524010850451986,0.1101922296248386,-0.500115617748892,0.006699579183011284,0.35562632696390656,0.16899968019816256,False,True,C:\Users\Owner\Desktop\Fall2023\CSE275\6D Pose\training_data_filtered\training_data\v2.2\1-8-1_color_kinect.png
1-18-12,tuna_fish_can,57,zinf|x2,129,2.8660649566037373,0.13595068,1.3518069377789195,0.1115416924195801,1.5142580188248178,0.024408992127844212,0.44711538461538464,0.17360599328697185,False,True,C:\Users\Owner\Desktop\Fall2023\CSE275\6D Pose\training_data_filtered\training_data\v2.2\1-18-12_color_kinect.png
2-34-3,mustard_bottle,42,z2,921,5.623269976459123,0.33301044,1.351598473179818,0.1689433890317131,4.271671503279305,0.164067046072657,0.20681381957773512,0.17507667458305198,False,True,C:\Users\Owner\Desktop\Fall2023\CSE275\6D Pose\training_data_filtered\training_data\v2.2\2-34-3_color_kinect.png
2-69-12,e_toy_airplane,21,z2,132,1.3512879343069912,0.08048045,1.3512879343069912,0.08048044890165329,0.0,0.0,0.0,0.0,False,True,C:\Users\Owner\Desktop\Fall2023\CSE275\6D Pose\training_data_filtered\training_data\v2.2\2-69-12_color_kinect.png
2-58-11,tuna_fish_can,57,zinf|x2,130,1.6146552498542721,0.11985162,1.3467067964657635,0.14480938533036175,0.2679484533885086,-0.024957766325158504,0.463768115942029,0.158775494880738,False,True,C:\Users\Owner\Desktop\Fall2023\CSE275\6D Pose\training_data_filtered\training_data\v2.2\2-58-11_color_kinect.png
2-80-6,b_lego_duplo,5,z4,174,1.345007304989254,0.05520281,1.345007304989254,0.05520280823111534,0.0,0.0,0.0,0.0,False,True,C:\Users\Owner\Desktop\Fall2023\CSE275\6D Pose\training_data_filtered\training_data\v2.2\2-80-6_color_kinect.png
2-9-10,sugar_box,55,z2|x2,323,1.9046869296828624,0.20277533,1.3447034342763848,0.10177153289621566,0.5599834954064775,0.10100379645520952,0.3871559633027523,0.17183771428525157,False,True,C:\Users\Owner\Desktop\Fall2023\CSE275\6D Pose\training_data_filtered\training_data\v2.2\2-9-10_color_kinect.png
2-26-15,foam_brick,26,z2|x4|y2,515,1.343914028976163,0.2956091,1.3444306372983497,0.11914332776736258,-0.0005166083221865847,0.17646575898457528,0.3071512309495897,0.17399846638809213,False,True,C:\Users\Owner\Desktop\Fall2023\CSE275\6D Pose\training_data_filtered\training_data\v2.2\2-26-15_color_kinect.png
1-1-4,pudding_box,51,z2|x2,198,1.415953844013904,0.0918756,1.3441636826530852,0.11225539111159202,0.07179016136081873,-0.020379793277004926,0.3649025069637883,0.17265516843757767,False,True,C:\Users\Owner\Desktop\Fall2023\CSE275\6D Pose\training_data_filtered\training_data\v2.2\1-1-4_color_kinect.png
2-38-4,gelatin_box,30,z2|x2,220,3.406038177493773,0.3486613,1.3433636067087844,0.17415290696941277,2.0626745707849885,0.17450839655078987,0.1978021978021978,0.1581177201009764,False,True,C:\Users\Owner\Desktop\Fall2023\CSE275\6D Pose\training_data_filtered\training_data\v2.2\2-38-4_color_kinect.png
1-78-20,rubiks_cube,52,z4|x4|y4,459,2.334702890732935,0.25792307,1.339461100598224,0.16217320965847018,0.995241790134711,0.09574985695758817,0.3634361233480176,0.1731886010128201,False,True,C:\Users\Owner\Desktop\Fall2023\CSE275\6D Pose\training_data_filtered\training_data\v2.2\1-78-20_color_kinect.png
1-1-16,pudding_box,51,z2|x2,218,1.8156544737894504,0.1316136,1.3371162427770338,0.13029134617945337,0.47853823101241666,0.001322251094373228,0.388268156424581,0.164279034553021,False,True,C:\Users\Owner\Desktop\Fall2023\CSE275\6D Pose\training_data_filtered\training_data\v2.2\1-1-16_color_kinect.png
1-90-2,tomato_soup_can,56,zinf|x2,661,1.3369123783191705,0.19193102,1.3369123783191705,0.19193102419376373,0.0,0.0,0.0,0.0,False,True,C:\Users\Owner\Desktop\Fall2023\CSE275\6D Pose\training_data_filtered\training_data\v2.2\1-90-2_color_kinect.png
2-74-5,wood_block,58,z2|y2|x4,493,1.7792688160827272,0.14093745,1.3361700402174146,0.2004737929178556,0.44309877586531266,-0.05953634536994301,0.27388535031847133,0.170257950451614,False,True,C:\Users\Owner\Desktop\Fall2023\CSE275\6D Pose\training_data_filtered\training_data\v2.2\2-74-5_color_kinect.png
2-59-12,foam_brick,26,z2|x4|y2,440,2.0044816925876106,0.14562489,1.3321681569638766,0.14638756670739989,0.672313535623734,-0.0007626757838998244,0.28554641598119856,0.1719922238156615,False,True,C:\Users\Owner\Desktop\Fall2023\CSE275\6D Pose\training_data_filtered\training_data\v2.2\2-59-12_color_kinect.png
2-35-10,bleach_cleanser,8,z2,1273,1.3300115449661112,0.14620082,1.3300115449661112,0.14620082080364227,0.0,0.0,0.0,0.0,False,True,C:\Users\Owner\Desktop\Fall2023\CSE275\6D Pose\training_data_filtered\training_data\v2.2\2-35-10_color_kinect.png
1-57-11,pudding_box,51,z2|x2,215,2.6424879811662043,0.17444713,1.3296510900521377,0.1273583188488825,1.3128368911140667,0.047088815288271135,0.38440111420612816,0.17146087933779391,False,True,C:\Users\Owner\Desktop\Fall2023\CSE275\6D Pose\training_data_filtered\training_data\v2.2\1-57-11_color_kinect.png
1-22-7,cracker_box,14,z2|x2,200,0.8503620820972606,0.06781542,1.3283874456229976,0.14450925446199328,-0.478025363525737,-0.0766938314502135,0.4852459016393443,0.15545973736426855,False,True,C:\Users\Owner\Desktop\Fall2023\CSE275\6D Pose\training_data_filtered\training_data\v2.2\1-22-7_color_kinect.png
2-93-13,wood_block,58,z2|y2|x4,569,1.3425398130352175,0.14226791,1.3265807310255346,0.11535612034407068,0.01595908200968288,0.0269117922821958,0.34501061571125263,0.16743917681230033,False,True,C:\Users\Owner\Desktop\Fall2023\CSE275\6D Pose\training_data_filtered\training_data\v2.2\2-93-13_color_kinect.png
2-19-6,rubiks_cube,52,z4|x4|y4,422,1.325634285756014,0.12635602,1.325634285756014,0.12635602056980133,0.0,0.0,0.0,0.0,False,True,C:\Users\Owner\Desktop\Fall2023\CSE275\6D Pose\training_data_filtered\training_data\v2.2\2-19-6_color_kinect.png
1-79-2,tuna_fish_can,57,zinf|x2,130,2.6596139681292206,0.1192453,1.3252028959995144,0.1505663592840262,1.3344110721297062,-0.03132106107722002,0.4396135265700483,0.16492456683388093,False,True,C:\Users\Owner\Desktop\Fall2023\CSE275\6D Pose\training_data_filtered\training_data\v2.2\1-79-2_color_kinect.png
2-80-11,potted_meat_can,48,z2|x2,780,2.9804238586761533,0.35756874,1.3178144160358471,0.17834120244244944,1.6626094426403062,0.17922753840227712,0.26705370101596515,0.17214958362196933,False,True,C:\Users\Owner\Desktop\Fall2023\CSE275\6D Pose\training_data_filtered\training_data\v2.2\2-80-11_color_kinect.png
2-67-12,mustard_bottle,42,z2,879,1.3171681962320523,0.14878564,1.3171681962320523,0.14878563582897186,0.0,0.0,0.0,0.0,False,True,C:\Users\Owner\Desktop\Fall2023\CSE275\6D Pose\training_data_filtered\training_data\v2.2\2-67-12_color_kinect.png
2-7-10,tuna_fish_can,57,zinf|x2,102,1.3487979077145542,0.21426591,1.315307369076056,0.30312283275108526,0.03349053863849827,-0.08885691997986028,0.28019323671497587,0.1435745102526223,False,True,C:\Users\Owner\Desktop\Fall2023\CSE275\6D Pose\training_data_filtered\training_data\v2.2\2-7-10_color_kinect.png
2-13-10,rubiks_cube,52,z4|x4|y4,472,2.070209906249976,0.21486299,1.3115019036363267,0.15126748832585235,0.7587080026136495,0.0635954990732489,0.31607929515418504,0.16731300979880276,False,True,C:\Users\Owner\Desktop\Fall2023\CSE275\6D Pose\training_data_filtered\training_data\v2.2\2-13-10_color_kinect.png
2-71-10,wood_block,58,z2|y2|x4,536,1.6166502671722773,0.2189446,1.3068911965226717,0.16359808351470334,0.3097590706496056,0.055346510749327116,0.3205944798301486,0.16967119731040436,False,True,C:\Users\Owner\Desktop\Fall2023\CSE275\6D Pose\training_data_filtered\training_data\v2.2\2-71-10_color_kinect.png
2-14-14,tuna_fish_can,57,zinf|x2,131,1.8548632023238247,0.15173642,1.3030923201511295,0.12497946280031899,0.5517708821726952,0.02675696057290336,0.4106280193236715,0.1581322682695052,False,True,C:\Users\Owner\Desktop\Fall2023\CSE275\6D Pose\training_data_filtered\training_data\v2.2\2-14-14_color_kinect.png
1-51-11,gelatin_box,30,z2|x2,496,1.3026396907319693,0.04807561,1.3026396907319693,0.048075608909130096,0.0,0.0,0.0,0.0,False,True,C:\Users\Owner\Desktop\Fall2023\CSE275\6D Pose\training_data_filtered\training_data\v2.2\1-51-11_color_kinect.png
2-64-20,wood_block,58,z2|y2|x4,546,1.8325232365262438,0.10370682,1.3020507131087515,0.1656880830628115,0.5304725234174923,-0.06198126126353323,0.3089171974522293,0.16250326303490795,False,True,C:\Users\Owner\Desktop\Fall2023\CSE275\6D Pose\training_data_filtered\training_data\v2.2\2-64-20_color_kinect.png
2-98-20,pudding_box,51,z2|x2,226,1.808213758712763,0.06388353,1.297504854420072,0.10904810372623684,0.5107089042926909,-0.04516457561287167,0.46518105849582175,0.16587822346765668,False,True,C:\Users\Owner\Desktop\Fall2023\CSE275\6D Pose\training_data_filtered\training_data\v2.2\2-98-20_color_kinect.png
1-39-3,gelatin_box,30,z2|x2,434,2.438948136823351,0.09621118,1.2937834182096206,0.20799923610723223,1.1451647186137306,-0.11178805601632799,0.31938325991189426,0.16228199237837748,False,True,C:\Users\Owner\Desktop\Fall2023\CSE275\6D Pose\training_data_filtered\training_data\v2.2\1-39-3_color_kinect.png
1-61-4,cracker_box,14,z2|x2,172,3.341917492361895,0.2063687,1.293513725874079,0.15386105570171502,2.048403766487816,0.052507643968122936,0.3684210526315789,0.1657227921759464,False,True,C:\Users\Owner\Desktop\Fall2023\CSE275\6D Pose\training_data_filtered\training_data\v2.2\1-61-4_color_kinect.png
2-78-13,wood_block,58,z2|y2|x4,562,1.771155326099335,0.08058942,1.2912198872057146,0.15528059557973756,0.47993543889362034,-0.07469117448627366,0.351380042462845,0.17471708260704372,False,True,C:\Users\Owner\Desktop\Fall2023\CSE275\6D Pose\training_data_filtered\training_data\v2.2\2-78-13_color_kinect.png
1-99-12,cracker_box,14,z2|x2,193,2.0086605401105646,0.0816587,1.2909487644039965,0.1230596461768946,0.7177117757065681,-0.04140094755848259,0.42105263157894735,0.1703782463388464,False,True,C:\Users\Owner\Desktop\Fall2023\CSE275\6D Pose\training_data_filtered\training_data\v2.2\1-99-12_color_kinect.png
1-30-6,pudding_box,51,z2|x2,186,2.974857326851036,0.091239974,1.2898894047412508,0.11043691825644386,1.6849679221097853,-0.01919694435374153,0.3816155988857939,0.17070609832200045,False,True,C:\Users\Owner\Desktop\Fall2023\CSE275\6D Pose\training_data_filtered\training_data\v2.2\1-30-6_color_kinect.png
1-84-19,gelatin_box,30,z2|x2,534,1.4961224641927964,0.12354581,1.288667861082817,0.14777027226454137,0.20745460310997932,-0.024224461684287768,0.37458563535911604,0.1685624841035776,False,True,C:\Users\Owner\Desktop\Fall2023\CSE275\6D Pose\training_data_filtered\training_data\v2.2\1-84-19_color_kinect.png
1-54-18,pudding_box,51,z2|x2,203,2.3421605533305394,0.30651855,1.2872388955785086,0.151662520640273,1.0549216577520308,0.154856034047227,0.3732590529247911,0.16910172852503547,False,True,C:\Users\Owner\Desktop\Fall2023\CSE275\6D Pose\training_data_filtered\training_data\v2.2\1-54-18_color_kinect.png
1-46-6,master_chef_can,39,zinf|x2,375,1.2871737571716622,0.0758416,1.2871737571716622,0.07584159821271896,0.0,0.0,0.0,0.0,False,True,C:\Users\Owner\Desktop\Fall2023\CSE275\6D Pose\training_data_filtered\training_data\v2.2\1-46-6_color_kinect.png
2-79-3,wood_block,58,z2|y2|x4,507,1.7067678690566481,0.18092686,1.2834019830043448,0.17871736915075284,0.4233658860523033,0.0022094902280618556,0.32802547770700635,0.17046042788956808,False,True,C:\Users\Owner\Desktop\Fall2023\CSE275\6D Pose\training_data_filtered\training_data\v2.2\2-79-3_color_kinect.png
1-44-3,master_chef_can,39,zinf|x2,364,1.2823991597821687,0.1019327,1.2823991597821687,0.10193269699811935,0.0,0.0,0.0,0.0,False,True,C:\Users\Owner\Desktop\Fall2023\CSE275\6D Pose\training_data_filtered\training_data\v2.2\1-44-3_color_kinect.png
1-45-15,tuna_fish_can,57,zinf|x2,137,1.7596211735638603,0.0760994,1.281768074746094,0.11123842508625674,0.4778530988177663,-0.03513902188372302,0.40096618357487923,0.15557556916778562,False,True,C:\Users\Owner\Desktop\Fall2023\CSE275\6D Pose\training_data_filtered\training_data\v2.2\1-45-15_color_kinect.png
1-1-15,pudding_box,51,z2|x2,213,1.2210774916274443,0.19075169,1.2812373573117488,0.15467658812416762,-0.060159865684304537,0.03607509856807023,0.4117647058823529,0.1718045143324087,False,True,C:\Users\Owner\Desktop\Fall2023\CSE275\6D Pose\training_data_filtered\training_data\v2.2\1-1-15_color_kinect.png
2-26-17,foam_brick,26,z2|x4|y2,451,3.5312566973679584,0.18309206,1.2811461242410693,0.13656001779649563,2.2501105731268893,0.04653203990842991,0.2783018867924528,0.17343110159990477,False,True,C:\Users\Owner\Desktop\Fall2023\CSE275\6D Pose\training_data_filtered\training_data\v2.2\2-26-17_color_kinect.png
1-74-12,gelatin_box,30,z2|x2,487,2.535028348235811,0.041610964,1.280965859433019,0.10314198275580193,1.2540624888027918,-0.06153101911320473,0.3370165745856354,0.16736791704641443,False,True,C:\Users\Owner\Desktop\Fall2023\CSE275\6D Pose\training_data_filtered\training_data\v2.2\1-74-12_color_kinect.png
2-52-0,foam_brick,26,z2|x4|y2,471,1.2802741910393385,0.17640184,1.2802741910393385,0.17640183866024017,0.0,0.0,0.0,0.0,False,True,C:\Users\Owner\Desktop\Fall2023\CSE275\6D Pose\training_data_filtered\training_data\v2.2\2-52-0_color_kinect.png
2-11-1,c_toy_airplane,13,zinf,168,1.279649597680068,0.27381,1.279649597680068,0.2738099992275238,0.0,0.0,0.0,0.0,False,True,C:\Users\Owner\Desktop\Fall2023\CSE275\6D Pose\training_data_filtered\training_data\v2.2\2-11-1_color_kinect.png
1-38-10,potted_meat_can,48,z2|x2,812,3.0678447076784394,0.21858434,1.2721109841024958,0.12251259169175809,1.7957337235759436,0.09607175209924991,0.28737300435413643,0.1714925065589212,False,True,C:\Users\Owner\Desktop\Fall2023\CSE275\6D Pose\training_data_filtered\training_data\v2.2\1-38-10_color_kinect.png
1-53-6,jenga,35,z2|x2,648,1.7681942626847376,0.2096259,1.2720818509902743,0.09721037418491851,0.4961124116944633,0.11241552560679902,0.3613678373382625,0.1658034905092614,False,True,C:\Users\Owner\Desktop\Fall2023\CSE275\6D Pose\training_data_filtered\training_data\v2.2\1-53-6_color_kinect.png
1-14-7,pudding_box,51,z2|x2,202,4.4415261447084085,0.118907206,1.269861865048593,0.1766029595896377,3.171664279659815,-0.05769575382915873,0.3732590529247911,0.1739587328636045,False,True,C:\Users\Owner\Desktop\Fall2023\CSE275\6D Pose\training_data_filtered\training_data\v2.2\1-14-7_color_kinect.png
1-1-15,wood_block,58,z2|y2|x4,450,2.090381113720965,0.19128296,1.263771479346126,0.19757738639849862,0.8266096343748388,-0.006294428606216512,0.2890295358649789,0.1707846210769774,False,True,C:\Users\Owner\Desktop\Fall2023\CSE275\6D Pose\training_data_filtered\training_data\v2.2\1-1-15_color_kinect.png
1-15-15,wood_block,58,z2|y2|x4,565,1.2612898063901141,0.22271676,1.2612898063901141,0.22271676361560822,0.0,0.0,0.0,0.0,False,True,C:\Users\Owner\Desktop\Fall2023\CSE275\6D Pose\training_data_filtered\training_data\v2.2\1-15-15_color_kinect.png
2-93-1,prism,50,z2,263,1.2595683905003887,0.13397443,1.2595683905003887,0.13397443294525146,0.0,0.0,0.0,0.0,False,True,C:\Users\Owner\Desktop\Fall2023\CSE275\6D Pose\training_data_filtered\training_data\v2.2\2-93-1_color_kinect.png
2-52-12,tuna_fish_can,57,zinf|x2,131,2.3522168530243013,0.10574403,1.2595476890496942,0.12817646629932894,1.0926691639746071,-0.022432439698014395,0.4251207729468599,0.16198587110042637,False,True,C:\Users\Owner\Desktop\Fall2023\CSE275\6D Pose\training_data_filtered\training_data\v2.2\2-52-12_color_kinect.png
1-87-19,tomato_soup_can,56,zinf|x2,726,1.2574019230030478,0.34566277,1.2574019230030478,0.34566277265548706,0.0,0.0,0.0,0.0,False,True,C:\Users\Owner\Desktop\Fall2023\CSE275\6D Pose\training_data_filtered\training_data\v2.2\1-87-19_color_kinect.png
1-12-2,master_chef_can,39,zinf|x2,337,1.2565163922076479,0.24277735,1.2565163922076479,0.24277734756469727,0.0,0.0,0.0,0.0,False,True,C:\Users\Owner\Desktop\Fall2023\CSE275\6D Pose\training_data_filtered\training_data\v2.2\1-12-2_color_kinect.png
2-14-14,c_toy_airplane,13,zinf,183,1.255577513151385,0.038735017,1.255577513151385,0.03873501718044281,0.0,0.0,0.0,0.0,False,True,C:\Users\Owner\Desktop\Fall2023\CSE275\6D Pose\training_data_filtered\training_data\v2.2\2-14-14_color_kinect.png
2-47-11,jenga,35,z2|x2,507,7.80500533430192,0.2994024,1.239088746366412,0.23074842587031447,6.565916587935508,0.06865396007977403,0.24861367837338263,0.1675998652845547,False,True,C:\Users\Owner\Desktop\Fall2023\CSE275\6D Pose\training_data_filtered\training_data\v2.2\2-47-11_color_kinect.png
2-93-13,prism,50,z2,301,2.496834127127407,0.09081604,1.2358882737580474,0.18262087866194726,1.2609458533693596,-0.0918048353446293,0.45544554455445546,0.16906374571228874,False,True,C:\Users\Owner\Desktop\Fall2023\CSE275\6D Pose\training_data_filtered\training_data\v2.2\2-93-13_color_kinect.png
2-93-9,tuna_fish_can,57,zinf|x2,131,2.1004166657687438,0.2430581,1.2270118599865916,0.1663357362910039,0.8734048057821522,0.07672236405174665,0.3864734299516908,0.17100878276950965,False,True,C:\Users\Owner\Desktop\Fall2023\CSE275\6D Pose\training_data_filtered\training_data\v2.2\2-93-9_color_kinect.png
1-95-11,jenga,35,z2|x2,677,1.226749841455443,0.14425732,1.226749841455443,0.1442573219537735,0.0,0.0,0.0,0.0,False,True,C:\Users\Owner\Desktop\Fall2023\CSE275\6D Pose\training_data_filtered\training_data\v2.2\1-95-11_color_kinect.png
2-26-15,tomato_soup_can,56,zinf|x2,555,1.2258775729655955,0.30277833,1.2258775729655955,0.30277833342552185,0.0,0.0,0.0,0.0,False,True,C:\Users\Owner\Desktop\Fall2023\CSE275\6D Pose\training_data_filtered\training_data\v2.2\2-26-15_color_kinect.png
2-84-0,wood_block,58,z2|y2|x4,583,1.4921453304513217,0.21514608,1.2256120992222967,0.09519114915184074,0.26653323122902495,0.11995493050762124,0.3842887473460722,0.1665711335431766,False,True,C:\Users\Owner\Desktop\Fall2023\CSE275\6D Pose\training_data_filtered\training_data\v2.2\2-84-0_color_kinect.png
2-26-12,d_toy_airplane,18,zinf,123,1.2237655105763035,0.040124714,1.2237655105763035,0.040124714374542236,0.0,0.0,0.0,0.0,False,True,C:\Users\Owner\Desktop\Fall2023\CSE275\6D Pose\training_data_filtered\training_data\v2.2\2-26-12_color_kinect.png
2-98-18,mustard_bottle,42,z2,840,3.907506976009454,0.34843847,1.2205767657346753,0.1045978440030332,2.6869302102747783,0.24384062755267666,0.1952975047984645,0.17105012082421048,False,True,C:\Users\Owner\Desktop\Fall2023\CSE275\6D Pose\training_data_filtered\training_data\v2.2\2-98-18_color_kinect.png
2-74-10,gelatin_box,30,z2|x2,531,1.0639603690153805,0.15451364,1.2165664981048259,0.15427280570857393,-0.15260612908944537,0.00024083648331296725,0.321978021978022,0.17465867782772837,False,True,C:\Users\Owner\Desktop\Fall2023\CSE275\6D Pose\training_data_filtered\training_data\v2.2\2-74-10_color_kinect.png
1-29-2,tuna_fish_can,57,zinf|x2,134,2.200720184725103,0.22447193,1.2159578769674775,0.12832276816138186,0.9847623077576253,0.0961491585277661,0.4567307692307692,0.13679276322914455,False,True,C:\Users\Owner\Desktop\Fall2023\CSE275\6D Pose\training_data_filtered\training_data\v2.2\1-29-2_color_kinect.png
1-61-12,sugar_box,55,z2|x2,314,0.3774005544346651,0.11805391,1.2158377795117896,0.3995558541477503,-0.8384372250771246,-0.2815019410312952,0.3559633027522936,0.1419586718006532,False,True,C:\Users\Owner\Desktop\Fall2023\CSE275\6D Pose\training_data_filtered\training_data\v2.2\1-61-12_color_kinect.png
2-80-11,sugar_box,55,z2|x2,296,3.02193515462476,0.24990304,1.2151709156396984,0.34458243082366447,1.8067642389850618,-0.09467939267955283,0.344954128440367,0.1713399613261486,False,True,C:\Users\Owner\Desktop\Fall2023\CSE275\6D Pose\training_data_filtered\training_data\v2.2\2-80-11_color_kinect.png
1-30-2,tuna_fish_can,57,zinf|x2,130,1.5182450156877427,0.14733596,1.2099869388736342,0.12417862039001755,0.30825807681410855,0.02315734107104965,0.3961352657004831,0.1682010843385026,False,True,C:\Users\Owner\Desktop\Fall2023\CSE275\6D Pose\training_data_filtered\training_data\v2.2\1-30-2_color_kinect.png
2-9-10,gelatin_box,30,z2|x2,515,2.3214722908443655,0.09656646,1.2085314057395884,0.14534460039321262,1.112940885104777,-0.04877813936654407,0.33186813186813185,0.1755370708596345,False,True,C:\Users\Owner\Desktop\Fall2023\CSE275\6D Pose\training_data_filtered\training_data\v2.2\2-9-10_color_kinect.png
2-23-9,tomato_soup_can,56,zinf|x2,681,1.2078411633155286,0.26549298,1.2078411633155286,0.2654929757118225,0.0,0.0,0.0,0.0,False,True,C:\Users\Owner\Desktop\Fall2023\CSE275\6D Pose\training_data_filtered\training_data\v2.2\2-23-9_color_kinect.png
2-30-8,foam_brick,26,z2|x4|y2,498,0.9286895394899913,0.15414326,1.2076063545597895,0.14418942954061903,-0.27891681506979815,0.009953829388633595,0.32629107981220656,0.17146057119205543,False,True,C:\Users\Owner\Desktop\Fall2023\CSE275\6D Pose\training_data_filtered\training_data\v2.2\2-30-8_color_kinect.png
2-91-1,gelatin_box,30,z2|x2,561,5.187154449005777,0.22951642,1.2071160601543987,0.13607182685883543,3.980038388851378,0.09344458992926577,0.321978021978022,0.1762164148378291,False,True,C:\Users\Owner\Desktop\Fall2023\CSE275\6D Pose\training_data_filtered\training_data\v2.2\2-91-1_color_kinect.png
2-69-12,tuna_fish_can,57,zinf|x2,124,4.623600710880563,0.12819174,1.205323809698333,0.12973588365907882,3.41827690118223,-0.0015441443383238107,0.391304347826087,0.1640524445541031,False,True,C:\Users\Owner\Desktop\Fall2023\CSE275\6D Pose\training_data_filtered\training_data\v2.2\2-69-12_color_kinect.png
2-13-16,tuna_fish_can,57,zinf|x2,128,1.2038742336404218,0.10406927,1.2038742336404218,0.10406927019357681,0.0,0.0,0.0,0.0,False,True,C:\Users\Owner\Desktop\Fall2023\CSE275\6D Pose\training_data_filtered\training_data\v2.2\2-13-16_color_kinect.png
1-9-4,jenga,35,z2|x2,559,1.4498796863382248,0.22849564,1.2029814516914596,0.15524045183684893,0.2468982346467652,0.07325519070599013,0.33733826247689463,0.15117697705277008,False,True,C:\Users\Owner\Desktop\Fall2023\CSE275\6D Pose\training_data_filtered\training_data\v2.2\1-9-4_color_kinect.png
1-56-1,pudding_box,51,z2|x2,198,1.374424050020646,0.03631286,1.2008886307055633,0.09172847528300568,0.17353541931508265,-0.055415615777590715,0.403899721448468,0.16888607881775458,False,True,C:\Users\Owner\Desktop\Fall2023\CSE275\6D Pose\training_data_filtered\training_data\v2.2\1-56-1_color_kinect.png
1-37-18,gelatin_box,30,z2|x2,459,1.1965243338372287,0.05584117,1.1965243338372287,0.055841170251369476,0.0,0.0,0.0,0.0,False,True,C:\Users\Owner\Desktop\Fall2023\CSE275\6D Pose\training_data_filtered\training_data\v2.2\1-37-18_color_kinect.png
2-98-18,tuna_fish_can,57,zinf|x2,128,2.804243449368523,0.31459844,1.1962313173871009,0.3806646164013773,1.608012131981422,-0.06606617527741487,0.27053140096618356,0.16841390683873433,False,True,C:\Users\Owner\Desktop\Fall2023\CSE275\6D Pose\training_data_filtered\training_data\v2.2\2-98-18_color_kinect.png
2-55-10,bleach_cleanser,8,z2,1427,1.1953282321175642,0.29396835,1.1953282321175642,0.2939683496952057,0.0,0.0,0.0,0.0,False,True,C:\Users\Owner\Desktop\Fall2023\CSE275\6D Pose\training_data_filtered\training_data\v2.2\2-55-10_color_kinect.png
2-55-10,mustard_bottle,42,z2,989,2.3489930681726356,0.2880259,1.195293325309566,0.11855033978238157,1.1536997428630698,0.16947554603800724,0.22408829174664108,0.17233526561547519,False,True,C:\Users\Owner\Desktop\Fall2023\CSE275\6D Pose\training_data_filtered\training_data\v2.2\2-55-10_color_kinect.png
1-19-1,pudding_box,51,z2|x2,219,1.6750375146142236,0.22500719,1.1951324488669286,0.12296338449887068,0.47990506574729497,0.10204380680152147,0.40947075208913647,0.17378242805369284,False,True,C:\Users\Owner\Desktop\Fall2023\CSE275\6D Pose\training_data_filtered\training_data\v2.2\1-19-1_color_kinect.png
2-100-13,nine_hole_peg_test,43,no,311,4.515420141314981,0.1068917,1.1944299340880622,0.10608718151535268,3.3209902072269184,0.0008045176199508175,0.36930860033726814,0.16768972140013436,False,True,C:\Users\Owner\Desktop\Fall2023\CSE275\6D Pose\training_data_filtered\training_data\v2.2\2-100-13_color_kinect.png
2-36-15,nine_hole_peg_test,43,no,335,2.775853836060794,0.09725341,1.1916880208811393,0.11876726600263415,1.5841658151796547,-0.02151385399434863,0.37436762225969644,0.16550623564489872,False,True,C:\Users\Owner\Desktop\Fall2023\CSE275\6D Pose\training_data_filtered\training_data\v2.2\2-36-15_color_kinect.png
2-7-8,mustard_bottle,42,z2,1021,1.1908180270882889,0.33051226,1.1908180270882889,0.33051225543022156,0.0,0.0,0.0,0.0,False,True,C:\Users\Owner\Desktop\Fall2023\CSE275\6D Pose\training_data_filtered\training_data\v2.2\2-7-8_color_kinect.png
1-4-17,pudding_box,51,z2|x2,193,0.6689940719262331,0.1461705,1.1893321627730722,0.09393886675319828,-0.5203380908468391,0.052231630187414516,0.38375350140056025,0.1617578605263722,False,True,C:\Users\Owner\Desktop\Fall2023\CSE275\6D Pose\training_data_filtered\training_data\v2.2\1-4-17_color_kinect.png
2-45-5,cracker_box,14,z2|x2,180,1.1870421774216553,0.24276851,1.1870421774216553,0.24276851117610931,0.0,0.0,0.0,0.0,False,True,C:\Users\Owner\Desktop\Fall2023\CSE275\6D Pose\training_data_filtered\training_data\v2.2\2-45-5_color_kinect.png
1-87-20,wood_block,58,z2|y2|x4,457,1.8625129492563117,0.46301776,1.1850042976796882,0.08924520248987405,0.6775086515766235,0.37377255921743185,0.28768577494692144,0.1650141168429994,False,True,C:\Users\Owner\Desktop\Fall2023\CSE275\6D Pose\training_data_filtered\training_data\v2.2\1-87-20_color_kinect.png
2-36-15,d_toy_airplane,18,zinf,129,1.4593855877385218,0.10797044,1.1843211078772904,0.039262095781784426,0.2750644798612314,0.06870834311582528,0.33015873015873015,0.17545487004452218,False,True,C:\Users\Owner\Desktop\Fall2023\CSE275\6D Pose\training_data_filtered\training_data\v2.2\2-36-15_color_kinect.png
1-18-12,wood_block,58,z2|y2|x4,403,1.1832169393334886,0.3179177,1.1832169393334886,0.31791770458221436,0.0,0.0,0.0,0.0,False,True,C:\Users\Owner\Desktop\Fall2023\CSE275\6D Pose\training_data_filtered\training_data\v2.2\1-18-12_color_kinect.png
2-46-0,sugar_box,55,z2|x2,305,1.179831532604993,0.13584246,1.179831532604993,0.1358424574136734,0.0,0.0,0.0,0.0,False,True,C:\Users\Owner\Desktop\Fall2023\CSE275\6D Pose\training_data_filtered\training_data\v2.2\2-46-0_color_kinect.png
2-93-9,wood_block,58,z2|y2|x4,555,2.9535619606196746,0.38139814,1.17761062370753,0.08228319838913076,1.7759513369121447,0.29911494299499397,0.3503184713375796,0.17571934505855832,False,True,C:\Users\Owner\Desktop\Fall2023\CSE275\6D Pose\training_data_filtered\training_data\v2.2\2-93-9_color_kinect.png
1-1-16,wood_block,58,z2|y2|x4,528,1.487052842889542,0.09734925,1.1772237809677686,0.10975819450040232,0.3098290619217734,-0.012408945673898567,0.32800851970181044,0.17011273716075614,False,True,C:\Users\Owner\Desktop\Fall2023\CSE275\6D Pose\training_data_filtered\training_data\v2.2\1-1-16_color_kinect.png
1-48-15,master_chef_can,39,zinf|x2,381,1.1743939806280639,0.07329783,1.1743939806280639,0.07329782843589783,0.0,0.0,0.0,0.0,False,True,C:\Users\Owner\Desktop\Fall2023\CSE275\6D Pose\training_data_filtered\training_data\v2.2\1-48-15_color_kinect.png
2-7-9,master_chef_can,39,zinf|x2,372,1.1699137994426967,0.16049707,1.1699137994426967,0.16049706935882568,0.0,0.0,0.0,0.0,False,True,C:\Users\Owner\Desktop\Fall2023\CSE275\6D Pose\training_data_filtered\training_data\v2.2\2-7-9_color_kinect.png
2-55-10,foam_brick,26,z2|x4|y2,460,2.0367293761727248,0.33904156,1.1698705150270972,0.306268796475471,0.8668588611456276,0.0327727644128194,0.309048178613396,0.17101396420538495,False,True,C:\Users\Owner\Desktop\Fall2023\CSE275\6D Pose\training_data_filtered\training_data\v2.2\2-55-10_color_kinect.png
1-57-10,gelatin_box,30,z2|x2,525,2.6985976908394824,0.21794713,1.1685843856735227,0.1278707385419,1.5300133051659597,0.09007638689297548,0.32709251101321585,0.1719493544335435,False,True,C:\Users\Owner\Desktop\Fall2023\CSE275\6D Pose\training_data_filtered\training_data\v2.2\1-57-10_color_kinect.png
1-4-10,master_chef_can,39,zinf|x2,381,1.165340164910139,0.059915107,1.165340164910139,0.05991510674357414,0.0,0.0,0.0,0.0,False,True,C:\Users\Owner\Desktop\Fall2023\CSE275\6D Pose\training_data_filtered\training_data\v2.2\1-4-10_color_kinect.png
2-58-11,tomato_soup_can,56,zinf|x2,683,1.1630845737555404,0.10830321,1.1630845737555404,0.10830321162939072,0.0,0.0,0.0,0.0,False,True,C:\Users\Owner\Desktop\Fall2023\CSE275\6D Pose\training_data_filtered\training_data\v2.2\2-58-11_color_kinect.png
2-84-0,bleach_cleanser,8,z2,1530,1.1610613146715856,0.49142566,1.1610613146715856,0.49142566323280334,0.0,0.0,0.0,0.0,False,True,C:\Users\Owner\Desktop\Fall2023\CSE275\6D Pose\training_data_filtered\training_data\v2.2\2-84-0_color_kinect.png
2-67-12,gelatin_box,30,z2|x2,471,1.2162168475988808,0.07151303,1.1593456150099861,0.1675591385248773,0.056871232588894705,-0.09604611157213377,0.3230769230769231,0.1699004365109847,False,True,C:\Users\Owner\Desktop\Fall2023\CSE275\6D Pose\training_data_filtered\training_data\v2.2\2-67-12_color_kinect.png
2-54-15,tuna_fish_can,57,zinf|x2,62,2.507886875571514,0.1727364,1.156472565809027,0.26409352259547825,1.351414309762487,-0.0913571162691843,0.21739130434782608,0.16158469581519594,False,True,C:\Users\Owner\Desktop\Fall2023\CSE275\6D Pose\training_data_filtered\training_data\v2.2\2-54-15_color_kinect.png
2-75-4,gelatin_box,30,z2|x2,537,0.6159009395735858,0.1931197,1.1530720112502353,0.15975648940647305,-0.5371710716766495,0.0333632153168851,0.34395604395604396,0.17060521218754524,False,True,C:\Users\Owner\Desktop\Fall2023\CSE275\6D Pose\training_data_filtered\training_data\v2.2\2-75-4_color_kinect.png
2-63-13,gelatin_box,30,z2|x2,509,1.1498371483290426,0.1129191,1.1498371483290426,0.11291909962892532,0.0,0.0,0.0,0.0,False,True,C:\Users\Owner\Desktop\Fall2023\CSE275\6D Pose\training_data_filtered\training_data\v2.2\2-63-13_color_kinect.png
2-98-20,jenga,35,z2|x2,747,1.9567373295376476,0.242493,1.1497333753086816,0.11463028533785521,0.807003954228966,0.12786271826894105,0.3179297597042514,0.17168360841530841,False,True,C:\Users\Owner\Desktop\Fall2023\CSE275\6D Pose\training_data_filtered\training_data\v2.2\2-98-20_color_kinect.png
2-80-11,wood_block,58,z2|y2|x4,468,2.3781720654381386,0.43771616,1.1496817268578114,0.09979360620216256,1.2284903385803272,0.3379225500421154,0.3184713375796178,0.16926692801779686,False,True,C:\Users\Owner\Desktop\Fall2023\CSE275\6D Pose\training_data_filtered\training_data\v2.2\2-80-11_color_kinect.png
2-38-4,wood_block,58,z2|y2|x4,500,1.9846370493848118,0.17494404,1.1494853682939135,0.09218038028870433,0.8351516810908983,0.08276366287078053,0.3365180467091295,0.1707868926827606,False,True,C:\Users\Owner\Desktop\Fall2023\CSE275\6D Pose\training_data_filtered\training_data\v2.2\2-38-4_color_kinect.png
2-37-7,tuna_fish_can,57,zinf|x2,139,3.5965736723650683,0.040715564,1.1445870227852761,0.13653867497492475,2.4519866495797924,-0.09582311093259496,0.45893719806763283,0.16445593550813634,False,True,C:\Users\Owner\Desktop\Fall2023\CSE275\6D Pose\training_data_filtered\training_data\v2.2\2-37-7_color_kinect.png
1-6-2,potted_meat_can,48,z2|x2,772,1.6414669295150877,0.3487141,1.1440987406159029,0.10382325606455778,0.49736818889918477,0.24489085717091585,0.27042660882140274,0.17022363970212942,False,True,C:\Users\Owner\Desktop\Fall2023\CSE275\6D Pose\training_data_filtered\training_data\v2.2\1-6-2_color_kinect.png
2-70-3,bleach_cleanser,8,z2,1546,2.0586144970893265,0.33598942,1.141797231816789,0.141829004867089,0.9168172652725375,0.19416041077851037,0.24233576642335766,0.17161627622121042,False,True,C:\Users\Owner\Desktop\Fall2023\CSE275\6D Pose\training_data_filtered\training_data\v2.2\2-70-3_color_kinect.png
2-63-11,sugar_box,55,z2|x2,349,1.7894466351886036,0.21331775,1.1410581773427766,0.09873972911872893,0.648388457845827,0.11457802276573152,0.3834862385321101,0.16900805403661606,False,True,C:\Users\Owner\Desktop\Fall2023\CSE275\6D Pose\training_data_filtered\training_data\v2.2\2-63-11_color_kinect.png
1-78-20,gelatin_box,30,z2|x2,473,2.41742277013591,0.14770363,1.1403787272230832,0.13548969497898578,1.2770440429128267,0.012213937733378422,0.33812154696132596,0.1798843860656546,False,True,C:\Users\Owner\Desktop\Fall2023\CSE275\6D Pose\training_data_filtered\training_data\v2.2\1-78-20_color_kinect.png
1-57-12,gelatin_box,30,z2|x2,464,1.7666269045531222,0.27003974,1.1403744983434951,0.08869189314460997,0.6262524062096271,0.1813478440799689,0.3414364640883978,0.1667719543677111,False,True,C:\Users\Owner\Desktop\Fall2023\CSE275\6D Pose\training_data_filtered\training_data\v2.2\1-57-12_color_kinect.png
2-49-11,jenga,35,z2|x2,683,1.1399868589514826,0.12894157,1.1399868589514826,0.12894156575202942,0.0,0.0,0.0,0.0,False,True,C:\Users\Owner\Desktop\Fall2023\CSE275\6D Pose\training_data_filtered\training_data\v2.2\2-49-11_color_kinect.png
1-86-0,pudding_box,51,z2|x2,210,3.183865556564487,0.14392085,1.1382607981321609,0.1629822154387953,2.045604758432326,-0.019061361704778873,0.3955431754874652,0.16583164306963596,False,True,C:\Users\Owner\Desktop\Fall2023\CSE275\6D Pose\training_data_filtered\training_data\v2.2\1-86-0_color_kinect.png
2-36-8,mustard_bottle,42,z2,747,4.241021063259265,0.26045215,1.137141856787398,0.09066030327900411,3.103879206471867,0.16979184801951885,0.1928982725527831,0.17439199319303514,False,True,C:\Users\Owner\Desktop\Fall2023\CSE275\6D Pose\training_data_filtered\training_data\v2.2\2-36-8_color_kinect.png
2-96-0,nine_hole_peg_test,43,no,344,1.4579095235417707,0.13635257,1.135318636852403,0.09913867971710125,0.32259088668936764,0.03721388914772114,0.3440134907251265,0.17523526763645178,False,True,C:\Users\Owner\Desktop\Fall2023\CSE275\6D Pose\training_data_filtered\training_data\v2.2\2-96-0_color_kinect.png
1-69-3,sugar_box,55,z2|x2,345,2.586141547875374,0.16959235,1.1334605477282342,0.16649282297522977,1.4526810001471397,0.0030995277461294823,0.3614678899082569,0.17570429795916903,False,True,C:\Users\Owner\Desktop\Fall2023\CSE275\6D Pose\training_data_filtered\training_data\v2.2\1-69-3_color_kinect.png
1-40-17,wood_block,58,z2|y2|x4,535,1.1315517407273366,0.13824354,1.1315517407273366,0.13824354112148285,0.0,0.0,0.0,0.0,False,True,C:\Users\Owner\Desktop\Fall2023\CSE275\6D Pose\training_data_filtered\training_data\v2.2\1-40-17_color_kinect.png
1-48-15,pudding_box,51,z2|x2,210,2.192206516371802,0.15314634,1.1310642424595825,0.10766823342031448,1.0611422739122194,0.04547810802274735,0.33147632311977715,0.16382920458125483,False,True,C:\Users\Owner\Desktop\Fall2023\CSE275\6D Pose\training_data_filtered\training_data\v2.2\1-48-15_color_kinect.png
2-73-20,sugar_box,55,z2|x2,303,1.1288139792018554,0.25731754,1.1288139792018554,0.25731754302978516,0.0,0.0,0.0,0.0,False,True,C:\Users\Owner\Desktop\Fall2023\CSE275\6D Pose\training_data_filtered\training_data\v2.2\2-73-20_color_kinect.png
1-49-19,master_chef_can,39,zinf|x2,353,1.126446521099684,0.17711708,1.126446521099684,0.17711707949638367,0.0,0.0,0.0,0.0,False,True,C:\Users\Owner\Desktop\Fall2023\CSE275\6D Pose\training_data_filtered\training_data\v2.2\1-49-19_color_kinect.png
2-12-2,jenga,35,z2|x2,596,1.124683086666279,0.6026391,1.124683086666279,0.6026390790939331,0.0,0.0,0.0,0.0,False,True,C:\Users\Owner\Desktop\Fall2023\CSE275\6D Pose\training_data_filtered\training_data\v2.2\2-12-2_color_kinect.png
2-34-12,nine_hole_peg_test,43,no,326,0.8446302521285415,0.20962465,1.1245311099946598,0.2642839266000006,-0.2799008578661183,-0.05465927850582336,0.33613445378151263,0.1679036629892492,False,True,C:\Users\Owner\Desktop\Fall2023\CSE275\6D Pose\training_data_filtered\training_data\v2.2\2-34-12_color_kinect.png
1-21-5,tuna_fish_can,57,zinf|x2,130,1.5062882929820478,0.08122993,1.1244409213506026,0.11541734150762972,0.3818473716314452,-0.03418740890140948,0.3961352657004831,0.14913870670875234,False,True,C:\Users\Owner\Desktop\Fall2023\CSE275\6D Pose\training_data_filtered\training_data\v2.2\1-21-5_color_kinect.png
2-22-1,rubiks_cube,52,z4|x4|y4,513,0.7319973445055893,0.1008952,1.124334000657704,0.13565198236770581,-0.39233665615211477,-0.0347567787177081,0.3237885462555066,0.1749108663909889,False,True,C:\Users\Owner\Desktop\Fall2023\CSE275\6D Pose\training_data_filtered\training_data\v2.2\2-22-1_color_kinect.png
2-32-19,nine_hole_peg_test,43,no,300,0.9329985877584149,0.24523285,1.1233340413029378,0.14401866168971106,-0.19033545354452286,0.10121418862347559,0.377326565143824,0.1494611808260098,False,True,C:\Users\Owner\Desktop\Fall2023\CSE275\6D Pose\training_data_filtered\training_data\v2.2\2-32-19_color_kinect.png
2-54-15,mustard_bottle,42,z2,989,2.484039577099743,0.29102832,1.1226198904851117,0.1570221171821228,1.3614196866146315,0.13400620360721435,0.2298464491362764,0.17339150711965962,False,True,C:\Users\Owner\Desktop\Fall2023\CSE275\6D Pose\training_data_filtered\training_data\v2.2\2-54-15_color_kinect.png
1-62-18,tomato_soup_can,56,zinf|x2,659,1.1208142832079018,0.29008266,1.1208142832079018,0.2900826632976532,0.0,0.0,0.0,0.0,False,True,C:\Users\Owner\Desktop\Fall2023\CSE275\6D Pose\training_data_filtered\training_data\v2.2\1-62-18_color_kinect.png
2-7-8,gelatin_box,30,z2|x2,546,1.3759156043700815,0.11431736,1.1195503947345231,0.11893346324652063,0.2563652096355584,-0.004616105706390011,0.30439560439560437,0.1693289756494347,False,True,C:\Users\Owner\Desktop\Fall2023\CSE275\6D Pose\training_data_filtered\training_data\v2.2\2-7-8_color_kinect.png
2-59-12,tuna_fish_can,57,zinf|x2,129,3.9629247634711344,0.031438883,1.1194083056448465,0.10445555838934265,2.843516457826288,-0.07301667499533973,0.42028985507246375,0.16013612431364804,False,True,C:\Users\Owner\Desktop\Fall2023\CSE275\6D Pose\training_data_filtered\training_data\v2.2\2-59-12_color_kinect.png
2-13-3,mustard_bottle,42,z2,506,5.956936894333245,0.8157664,1.1173361362385115,0.140113388952644,4.839600758094733,0.6756530051856922,0.16116504854368932,0.17189351613851236,False,True,C:\Users\Owner\Desktop\Fall2023\CSE275\6D Pose\training_data_filtered\training_data\v2.2\2-13-3_color_kinect.png
2-45-5,sugar_box,55,z2|x2,358,2.824438662344523,0.1454144,1.1148286278363844,0.11261446069794172,1.7096100345081386,0.03279993642253405,0.3669724770642202,0.17092365534486464,False,True,C:\Users\Owner\Desktop\Fall2023\CSE275\6D Pose\training_data_filtered\training_data\v2.2\2-45-5_color_kinect.png
2-69-12,mustard_bottle,42,z2,872,4.056671891212491,0.41665253,1.1143578321226235,0.1863500762969595,2.9423140590898678,0.23030245413478795,0.20777351247600767,0.17675843712655676,False,True,C:\Users\Owner\Desktop\Fall2023\CSE275\6D Pose\training_data_filtered\training_data\v2.2\2-69-12_color_kinect.png
2-7-9,jenga,35,z2|x2,734,1.111852966086656,0.14538798,1.111852966086656,0.14538797736167908,0.0,0.0,0.0,0.0,False,True,C:\Users\Owner\Desktop\Fall2023\CSE275\6D Pose\training_data_filtered\training_data\v2.2\2-7-9_color_kinect.png
2-2-13,tuna_fish_can,57,zinf|x2,129,2.316485386255945,0.10111311,1.1117796511592837,0.15501397943037107,1.2047057350966615,-0.053900868649655126,0.4251207729468599,0.15459507797901567,False,True,C:\Users\Owner\Desktop\Fall2023\CSE275\6D Pose\training_data_filtered\training_data\v2.2\2-2-13_color_kinect.png
1-83-10,gelatin_box,30,z2|x2,551,1.030572700753967,0.07557754,1.1097752452006284,0.10217549260981153,-0.07920254444666153,-0.02659795042402814,0.3414364640883978,0.16720298067146758,False,True,C:\Users\Owner\Desktop\Fall2023\CSE275\6D Pose\training_data_filtered\training_data\v2.2\1-83-10_color_kinect.png
2-14-17,rubiks_cube,52,z4|x4|y4,460,3.372572259206375,0.30926675,1.1068595687227116,0.15062129558536913,2.2657126904836633,0.1586454504587898,0.3447136563876652,0.17860855724713445,False,True,C:\Users\Owner\Desktop\Fall2023\CSE275\6D Pose\training_data_filtered\training_data\v2.2\2-14-17_color_kinect.png
1-87-20,tuna_fish_can,57,zinf|x2,125,3.8920321985275605,0.05355908,1.1062888290772657,0.10405285334504867,2.785743369450295,-0.05049377357877517,0.37681159420289856,0.16594856526667803,False,True,C:\Users\Owner\Desktop\Fall2023\CSE275\6D Pose\training_data_filtered\training_data\v2.2\1-87-20_color_kinect.png
1-5-19,wood_block,58,z2|y2|x4,501,1.1030911928560942,0.22082673,1.1030911928560942,0.22082673013210297,0.0,0.0,0.0,0.0,False,True,C:\Users\Owner\Desktop\Fall2023\CSE275\6D Pose\training_data_filtered\training_data\v2.2\1-5-19_color_kinect.png
1-49-19,cracker_box,14,z2|x2,166,2.6049857973456496,0.16651687,1.1021540760171444,0.23485027985166293,1.5028317213285052,-0.06833340959142428,0.380327868852459,0.1587552986654713,False,True,C:\Users\Owner\Desktop\Fall2023\CSE275\6D Pose\training_data_filtered\training_data\v2.2\1-49-19_color_kinect.png
1-61-14,wood_block,58,z2|y2|x4,481,0.8465576838528016,0.29743454,1.1012021703492962,0.17745165277398794,-0.2546444864964946,0.11998288582884103,0.3471337579617834,0.15599151614989262,False,True,C:\Users\Owner\Desktop\Fall2023\CSE275\6D Pose\training_data_filtered\training_data\v2.2\1-61-14_color_kinect.png
1-37-4,gelatin_box,30,z2|x2,499,0.918850766090758,0.26081464,1.1003673114729196,0.13187240800780453,-0.18151654538216155,0.12894222893791996,0.34210526315789475,0.17604888537137311,False,True,C:\Users\Owner\Desktop\Fall2023\CSE275\6D Pose\training_data_filtered\training_data\v2.2\1-37-4_color_kinect.png
2-35-7,d_toy_airplane,18,zinf,131,1.0997337498134645,0.15744326,1.0997337498134645,0.15744325518608093,0.0,0.0,0.0,0.0,False,True,C:\Users\Owner\Desktop\Fall2023\CSE275\6D Pose\training_data_filtered\training_data\v2.2\2-35-7_color_kinect.png
2-25-7,wood_block,58,z2|y2|x4,565,1.0989390689620557,0.17772847,1.0989390689620557,0.17772847414016724,0.0,0.0,0.0,0.0,False,True,C:\Users\Owner\Desktop\Fall2023\CSE275\6D Pose\training_data_filtered\training_data\v2.2\2-25-7_color_kinect.png
2-86-18,tuna_fish_can,57,zinf|x2,128,2.260712054416082,0.056163706,1.0965062347076242,0.11667853847953057,1.164205819708458,-0.06051483259412026,0.4057971014492754,0.14705317361717424,False,True,C:\Users\Owner\Desktop\Fall2023\CSE275\6D Pose\training_data_filtered\training_data\v2.2\2-86-18_color_kinect.png
1-38-10,wood_block,58,z2|y2|x4,404,1.2272679318732096,0.5448481,1.0950602392939217,0.10009817415122847,0.13220769257928788,0.4447499102985396,0.29723991507430997,0.1686182351532531,False,True,C:\Users\Owner\Desktop\Fall2023\CSE275\6D Pose\training_data_filtered\training_data\v2.2\1-38-10_color_kinect.png
2-17-9,tuna_fish_can,57,zinf|x2,127,1.9184070844863246,0.13064587,1.092688133712621,0.15149329664434244,0.8257189507737035,-0.02084742548192789,0.45410628019323673,0.1638544599291475,False,True,C:\Users\Owner\Desktop\Fall2023\CSE275\6D Pose\training_data_filtered\training_data\v2.2\2-17-9_color_kinect.png
1-64-7,wood_block,58,z2|y2|x4,350,1.1332726356685505,0.18423586,1.0925347394716094,0.09860572880292198,0.040737896196941126,0.0856301271340821,0.22717622080679406,0.1650514189072109,False,True,C:\Users\Owner\Desktop\Fall2023\CSE275\6D Pose\training_data_filtered\training_data\v2.2\1-64-7_color_kinect.png
1-22-7,pudding_box,51,z2|x2,211,1.6527786041990493,0.11103037,1.0884433033137644,0.12840247599850324,0.5643353008852849,-0.017372106001478704,0.41225626740947074,0.15776615272979264,False,True,C:\Users\Owner\Desktop\Fall2023\CSE275\6D Pose\training_data_filtered\training_data\v2.2\1-22-7_color_kinect.png
2-23-9,pudding_box,51,z2|x2,205,2.0667755800699568,0.12180462,1.0872722556806695,0.1282300853399318,0.9795033243892872,-0.006425467994598699,0.40947075208913647,0.16776386731368803,False,True,C:\Users\Owner\Desktop\Fall2023\CSE275\6D Pose\training_data_filtered\training_data\v2.2\2-23-9_color_kinect.png
1-29-11,tuna_fish_can,57,zinf|x2,135,1.085892222456782,0.20450452,1.085892222456782,0.20450451970100403,0.0,0.0,0.0,0.0,False,True,C:\Users\Owner\Desktop\Fall2023\CSE275\6D Pose\training_data_filtered\training_data\v2.2\1-29-11_color_kinect.png
1-53-6,potted_meat_can,48,z2|x2,682,6.248044252542385,0.34807095,1.0843593907388909,0.10554513649989536,5.163684861803494,0.24252581281612942,0.27866473149492016,0.16678430028546815,False,True,C:\Users\Owner\Desktop\Fall2023\CSE275\6D Pose\training_data_filtered\training_data\v2.2\1-53-6_color_kinect.png
2-54-15,tomato_soup_can,56,zinf|x2,673,1.0837436170441992,0.34440002,1.0837436170441992,0.344400018453598,0.0,0.0,0.0,0.0,False,True,C:\Users\Owner\Desktop\Fall2023\CSE275\6D Pose\training_data_filtered\training_data\v2.2\2-54-15_color_kinect.png
2-11-4,cracker_box,14,z2|x2,191,3.1826196117296246,0.086920775,1.0789648634412572,0.10706548407696033,2.1036547482883674,-0.0201447086038425,0.4506578947368421,0.16033660973519384,False,True,C:\Users\Owner\Desktop\Fall2023\CSE275\6D Pose\training_data_filtered\training_data\v2.2\2-11-4_color_kinect.png
2-12-2,master_chef_can,39,zinf|x2,367,1.0761600561458156,0.07866544,1.0761600561458156,0.07866544276475906,0.0,0.0,0.0,0.0,False,True,C:\Users\Owner\Desktop\Fall2023\CSE275\6D Pose\training_data_filtered\training_data\v2.2\2-12-2_color_kinect.png
2-21-14,foam_brick,26,z2|x4|y2,516,2.739641245083735,0.2672702,1.0756727729550222,0.13176222658312206,1.6639684721287127,0.13550798082196827,0.3192982456140351,0.17525387731459405,False,True,C:\Users\Owner\Desktop\Fall2023\CSE275\6D Pose\training_data_filtered\training_data\v2.2\2-21-14_color_kinect.png
2-68-12,gelatin_box,30,z2|x2,520,1.1075495644025704,0.20204824,1.0754761947039868,0.16120901875796642,0.03207336969858354,0.04083922333416615,0.31648351648351647,0.17133654500132883,False,True,C:\Users\Owner\Desktop\Fall2023\CSE275\6D Pose\training_data_filtered\training_data\v2.2\2-68-12_color_kinect.png
1-6-13,jenga,35,z2|x2,599,0.8643521307878465,0.39356062,1.0750397730619006,0.17772579731524024,-0.21068764227405412,0.2158348208469149,0.3142329020332717,0.15742395496369946,False,True,C:\Users\Owner\Desktop\Fall2023\CSE275\6D Pose\training_data_filtered\training_data\v2.2\1-6-13_color_kinect.png
1-53-13,pudding_box,51,z2|x2,203,1.70186881244864,0.08822182,1.0741361302849732,0.11721064113615338,0.6277326821636668,-0.028988822927458927,0.41225626740947074,0.1607148846704673,False,True,C:\Users\Owner\Desktop\Fall2023\CSE275\6D Pose\training_data_filtered\training_data\v2.2\1-53-13_color_kinect.png
1-24-8,tomato_soup_can,56,zinf|x2,714,1.0720992828928273,0.22471353,1.0720992828928273,0.224713534116745,0.0,0.0,0.0,0.0,False,True,C:\Users\Owner\Desktop\Fall2023\CSE275\6D Pose\training_data_filtered\training_data\v2.2\1-24-8_color_kinect.png
1-44-19,wood_block,58,z2|y2|x4,582,0.6231289100896903,0.26832214,1.0700598297129895,0.12775230343784438,-0.4469309196232992,0.14056983654056443,0.3503184713375796,0.17046973083572253,False,True,C:\Users\Owner\Desktop\Fall2023\CSE275\6D Pose\training_data_filtered\training_data\v2.2\1-44-19_color_kinect.png
2-8-18,gelatin_box,30,z2|x2,532,0.5033414290878551,0.022879524,1.0698369645647106,0.07849648321280954,-0.5664955354768555,-0.055616959056358314,0.3032967032967033,0.17257548857118354,False,True,C:\Users\Owner\Desktop\Fall2023\CSE275\6D Pose\training_data_filtered\training_data\v2.2\2-8-18_color_kinect.png
1-83-6,gelatin_box,30,z2|x2,529,2.9512253692104764,0.07186949,1.0693698093407102,0.13714659117091402,1.8818555598697662,-0.06527709864009126,0.36574585635359114,0.17524837169809795,False,True,C:\Users\Owner\Desktop\Fall2023\CSE275\6D Pose\training_data_filtered\training_data\v2.2\1-83-6_color_kinect.png
2-29-1,master_chef_can,39,zinf|x2,367,2.8466513308076316,0.11773922,1.0688987021730896,0.11194374450597053,1.777752628634542,0.005795478437812279,0.36894586894586895,0.17086083392204712,False,True,C:\Users\Owner\Desktop\Fall2023\CSE275\6D Pose\training_data_filtered\training_data\v2.2\2-29-1_color_kinect.png
1-72-15,wood_block,58,z2|y2|x4,510,2.180117010756465,0.15116605,1.0688057821604695,0.0965982093820953,1.1113112285959956,0.05456784224411014,0.3089171974522293,0.17065042716797374,False,True,C:\Users\Owner\Desktop\Fall2023\CSE275\6D Pose\training_data_filtered\training_data\v2.2\1-72-15_color_kinect.png
1-34-7,tuna_fish_can,57,zinf|x2,135,4.939047938713926,0.07239286,1.0671553134349534,0.12793979437774344,3.8718926252789725,-0.055546935812889775,0.42028985507246375,0.16711442162242154,False,True,C:\Users\Owner\Desktop\Fall2023\CSE275\6D Pose\training_data_filtered\training_data\v2.2\1-34-7_color_kinect.png
1-39-6,gelatin_box,30,z2|x2,526,1.09364918715843,0.13649724,1.066188934562336,0.099665620397387,0.02746025259609386,0.03683162384146646,0.3392070484581498,0.17305407195151243,False,True,C:\Users\Owner\Desktop\Fall2023\CSE275\6D Pose\training_data_filtered\training_data\v2.2\1-39-6_color_kinect.png
2-35-7,tuna_fish_can,57,zinf|x2,125,3.0495143155178983,0.0801505,1.065827188487667,0.12440258332152523,1.9836871270302312,-0.044252083381606716,0.45410628019323673,0.16732110569578604,False,True,C:\Users\Owner\Desktop\Fall2023\CSE275\6D Pose\training_data_filtered\training_data\v2.2\2-35-7_color_kinect.png
1-3-3,wood_block,58,z2|y2|x4,390,1.0606715855343383,0.5223937,1.0606715855343383,0.5223937034606934,0.0,0.0,0.0,0.0,False,True,C:\Users\Owner\Desktop\Fall2023\CSE275\6D Pose\training_data_filtered\training_data\v2.2\1-3-3_color_kinect.png
1-80-12,wood_block,58,z2|y2|x4,561,0.4269440070574928,0.12857072,1.0597832552151432,0.15659669284558886,-0.6328392481576504,-0.028025972292190726,0.32590233545647557,0.1617769351620619,False,True,C:\Users\Owner\Desktop\Fall2023\CSE275\6D Pose\training_data_filtered\training_data\v2.2\1-80-12_color_kinect.png
1-95-11,potted_meat_can,48,z2|x2,660,1.0593192064579637,0.3052069,1.0593192064579637,0.30520689487457275,0.0,0.0,0.0,0.0,False,True,C:\Users\Owner\Desktop\Fall2023\CSE275\6D Pose\training_data_filtered\training_data\v2.2\1-95-11_color_kinect.png
2-63-11,wood_block,58,z2|y2|x4,555,1.0591956183432727,0.27475715,1.0591956183432727,0.27475714683532715,0.0,0.0,0.0,0.0,False,True,C:\Users\Owner\Desktop\Fall2023\CSE275\6D Pose\training_data_filtered\training_data\v2.2\2-63-11_color_kinect.png
2-69-10,wood_block,58,z2|y2|x4,574,1.364917163593424,0.19829406,1.0572104937277176,0.11133497197255805,0.3077066698657065,0.08695908646955773,0.31528662420382164,0.1713208373869739,False,True,C:\Users\Owner\Desktop\Fall2023\CSE275\6D Pose\training_data_filtered\training_data\v2.2\2-69-10_color_kinect.png
1-7-6,jenga,35,z2|x2,699,2.649964469422656,0.09078616,1.0556882647795838,0.1792664330049436,1.5942762046430723,-0.0884802739663999,0.3243992606284658,0.17054419825841308,False,True,C:\Users\Owner\Desktop\Fall2023\CSE275\6D Pose\training_data_filtered\training_data\v2.2\1-7-6_color_kinect.png
2-63-13,wood_block,58,z2|y2|x4,609,0.5396198650031251,0.18698905,1.055465559479686,0.1371662317031964,-0.5158456944765609,0.04982282238062777,0.35562632696390656,0.1689193912496762,False,True,C:\Users\Owner\Desktop\Fall2023\CSE275\6D Pose\training_data_filtered\training_data\v2.2\2-63-13_color_kinect.png
1-20-2,wood_block,58,z2|y2|x4,378,5.306643556904041,0.23655875,1.0549432025841692,0.1086556929560845,4.251700354319873,0.12790305731571266,0.2653927813163482,0.17520788779960933,False,True,C:\Users\Owner\Desktop\Fall2023\CSE275\6D Pose\training_data_filtered\training_data\v2.2\1-20-2_color_kinect.png
2-80-11,pudding_box,51,z2|x2,198,3.2616885689080073,0.047835913,1.054904901991222,0.09767076783153116,2.2067836669167855,-0.049834855276074994,0.38997214484679665,0.16840901213296153,False,True,C:\Users\Owner\Desktop\Fall2023\CSE275\6D Pose\training_data_filtered\training_data\v2.2\2-80-11_color_kinect.png
2-26-15,gelatin_box,30,z2|x2,389,1.0542197749015192,0.5820365,1.0542197749015192,0.5820364952087402,0.0,0.0,0.0,0.0,False,True,C:\Users\Owner\Desktop\Fall2023\CSE275\6D Pose\training_data_filtered\training_data\v2.2\2-26-15_color_kinect.png
1-95-15,wood_block,58,z2|y2|x4,603,1.0506614135880397,0.11607229,1.0506614135880397,0.11607228964567184,0.0,0.0,0.0,0.0,False,True,C:\Users\Owner\Desktop\Fall2023\CSE275\6D Pose\training_data_filtered\training_data\v2.2\1-95-15_color_kinect.png
1-21-5,pudding_box,51,z2|x2,224,0.633854363892684,0.11832393,1.0500138336114466,0.1085581976564498,-0.4161594697187626,0.009765731951418388,0.40668523676880225,0.17203146453462298,False,True,C:\Users\Owner\Desktop\Fall2023\CSE275\6D Pose\training_data_filtered\training_data\v2.2\1-21-5_color_kinect.png
2-35-10,d_toy_airplane,18,zinf,114,1.0498682578863832,0.06656259,1.0498682578863832,0.06656259298324585,0.0,0.0,0.0,0.0,False,True,C:\Users\Owner\Desktop\Fall2023\CSE275\6D Pose\training_data_filtered\training_data\v2.2\2-35-10_color_kinect.png
2-11-1,mustard_bottle,42,z2,1046,1.495428796060779,0.47331122,1.0496572411830556,0.22188691301396318,0.44577155487772346,0.2514243026251512,0.2841292812349252,0.1730645863033568,False,True,C:\Users\Owner\Desktop\Fall2023\CSE275\6D Pose\training_data_filtered\training_data\v2.2\2-11-1_color_kinect.png
2-58-15,rubiks_cube,52,z4|x4|y4,506,1.0492272382066168,0.2176055,1.0492272382066168,0.21760550141334534,0.0,0.0,0.0,0.0,False,True,C:\Users\Owner\Desktop\Fall2023\CSE275\6D Pose\training_data_filtered\training_data\v2.2\2-58-15_color_kinect.png
2-76-9,pudding_box,51,z2|x2,201,0.52229533551572,0.05851213,1.0491652850969144,0.10026669146806892,-0.5268699495811944,-0.04175456257850822,0.3871866295264624,0.16637076820862753,False,True,C:\Users\Owner\Desktop\Fall2023\CSE275\6D Pose\training_data_filtered\training_data\v2.2\2-76-9_color_kinect.png
2-72-13,master_chef_can,39,zinf|x2,368,1.0485161239977248,0.15950751,1.0485161239977248,0.15950751304626465,0.0,0.0,0.0,0.0,False,True,C:\Users\Owner\Desktop\Fall2023\CSE275\6D Pose\training_data_filtered\training_data\v2.2\2-72-13_color_kinect.png
1-99-12,jenga,35,z2|x2,418,1.046431290104436,0.8934041,1.046431290104436,0.8934041261672974,0.0,0.0,0.0,0.0,False,True,C:\Users\Owner\Desktop\Fall2023\CSE275\6D Pose\training_data_filtered\training_data\v2.2\1-99-12_color_kinect.png
2-98-20,nine_hole_peg_test,43,no,329,2.9890253018390274,0.10624401,1.0447025079005432,0.09881841808249729,1.9443227939384842,0.00742559463093502,0.3811129848229342,0.1716928972045911,False,True,C:\Users\Owner\Desktop\Fall2023\CSE275\6D Pose\training_data_filtered\training_data\v2.2\2-98-20_color_kinect.png
2-60-7,rubiks_cube,52,z4|x4|y4,469,1.2616145081908523,0.1897269,1.0427570373332975,0.12867311909949403,0.2188574708575548,0.061053784935120536,0.34030837004405284,0.17182955108389775,False,True,C:\Users\Owner\Desktop\Fall2023\CSE275\6D Pose\training_data_filtered\training_data\v2.2\2-60-7_color_kinect.png
2-63-8,tuna_fish_can,57,zinf|x2,131,3.5084899317896365,0.09012331,1.0421594939336458,0.1259387977900891,2.4663304378559907,-0.03581548710493132,0.4396135265700483,0.15716389576904555,False,True,C:\Users\Owner\Desktop\Fall2023\CSE275\6D Pose\training_data_filtered\training_data\v2.2\2-63-8_color_kinect.png
2-2-2,tuna_fish_can,57,zinf|x2,135,4.415213280867848,0.0727476,1.0409455118694189,0.18206396761495758,3.374267768998429,-0.10931636455614258,0.4975845410628019,0.16320060846582823,False,True,C:\Users\Owner\Desktop\Fall2023\CSE275\6D Pose\training_data_filtered\training_data\v2.2\2-2-2_color_kinect.png
2-73-20,pudding_box,51,z2|x2,210,1.8258909139157569,0.15396357,1.0405348655670006,0.14130874038114968,0.7853560483487563,0.012654825445266332,0.42896935933147634,0.1669235145346078,False,True,C:\Users\Owner\Desktop\Fall2023\CSE275\6D Pose\training_data_filtered\training_data\v2.2\2-73-20_color_kinect.png
1-35-17,wood_block,58,z2|y2|x4,361,2.69911541506111,0.34920296,1.0404611285495422,0.11594936594553602,1.6586542865115677,0.233253594784063,0.2515923566878981,0.1659599815572731,False,True,C:\Users\Owner\Desktop\Fall2023\CSE275\6D Pose\training_data_filtered\training_data\v2.2\1-35-17_color_kinect.png
2-22-1,master_chef_can,39,zinf|x2,373,1.0404218785590917,0.12125955,1.0404218785590917,0.12125954777002335,0.0,0.0,0.0,0.0,False,True,C:\Users\Owner\Desktop\Fall2023\CSE275\6D Pose\training_data_filtered\training_data\v2.2\2-22-1_color_kinect.png
2-32-19,mustard_bottle,42,z2,1061,1.3015844730895705,0.120441765,1.0345572420589357,0.08042766724579939,0.26702723103063475,0.040014097347325,0.30134357005758156,0.16925169075342397,False,True,C:\Users\Owner\Desktop\Fall2023\CSE275\6D Pose\training_data_filtered\training_data\v2.2\2-32-19_color_kinect.png
1-79-2,wood_block,58,z2|y2|x4,552,1.2264454955783248,0.25600818,1.0300811280008502,0.09672085874090776,0.19636436757747466,0.15928731925477402,0.3089171974522293,0.1763147466628205,False,True,C:\Users\Owner\Desktop\Fall2023\CSE275\6D Pose\training_data_filtered\training_data\v2.2\1-79-2_color_kinect.png
2-93-4,gelatin_box,30,z2|x2,483,2.751404470402893,0.25651863,1.0286772708880498,0.16367579359933437,1.7227271995148432,0.09284283857420383,0.3131868131868132,0.16959439730611509,False,True,C:\Users\Owner\Desktop\Fall2023\CSE275\6D Pose\training_data_filtered\training_data\v2.2\2-93-4_color_kinect.png
2-36-8,nine_hole_peg_test,43,no,322,2.6258996633672056,0.07126345,1.0258234652725682,0.1592441688384446,1.6000761980946374,-0.08798072143453683,0.35075885328836426,0.17275311820556263,False,True,C:\Users\Owner\Desktop\Fall2023\CSE275\6D Pose\training_data_filtered\training_data\v2.2\2-36-8_color_kinect.png
2-86-18,sugar_box,55,z2|x2,325,1.025755606273159,0.102384716,1.025755606273159,0.10238471627235413,0.0,0.0,0.0,0.0,False,True,C:\Users\Owner\Desktop\Fall2023\CSE275\6D Pose\training_data_filtered\training_data\v2.2\2-86-18_color_kinect.png
2-34-3,bleach_cleanser,8,z2,1384,4.398773038686114,0.53073883,1.0209677489575937,0.10623537013225201,3.3778052897285207,0.4245034604341542,0.22992700729927007,0.1735524842517313,False,True,C:\Users\Owner\Desktop\Fall2023\CSE275\6D Pose\training_data_filtered\training_data\v2.2\2-34-3_color_kinect.png
2-21-14,d_toy_airplane,18,zinf,120,1.2084116100612556,0.092043266,1.0192306365742239,0.03594635888949375,0.18918097348703178,0.056096906810846524,0.29260450160771706,0.17610242454497943,False,True,C:\Users\Owner\Desktop\Fall2023\CSE275\6D Pose\training_data_filtered\training_data\v2.2\2-21-14_color_kinect.png
1-5-11,potted_meat_can,48,z2|x2,856,1.017985436135943,0.16411778,1.017985436135943,0.16411778330802917,0.0,0.0,0.0,0.0,False,True,C:\Users\Owner\Desktop\Fall2023\CSE275\6D Pose\training_data_filtered\training_data\v2.2\1-5-11_color_kinect.png
1-47-6,wood_block,58,z2|y2|x4,567,1.5908019426013722,0.1922182,1.0156334196636736,0.15217695012913063,0.5751685229376986,0.04004124924316094,0.3503184713375796,0.1711686588383339,False,True,C:\Users\Owner\Desktop\Fall2023\CSE275\6D Pose\training_data_filtered\training_data\v2.2\1-47-6_color_kinect.png
2-84-0,pudding_box,51,z2|x2,207,2.428906959032946,0.16542037,1.0139235425369792,0.10527435139111574,1.4149834164959667,0.06014601692267363,0.3816155988857939,0.1707075507702338,False,True,C:\Users\Owner\Desktop\Fall2023\CSE275\6D Pose\training_data_filtered\training_data\v2.2\2-84-0_color_kinect.png
2-21-14,wood_block,58,z2|y2|x4,562,1.8571868755144074,0.14207242,1.008187151754846,0.11570725136251746,0.8489997237595615,0.026365172930046935,0.3354564755838641,0.16864118733893252,False,True,C:\Users\Owner\Desktop\Fall2023\CSE275\6D Pose\training_data_filtered\training_data\v2.2\2-21-14_color_kinect.png
1-13-19,tuna_fish_can,57,zinf|x2,130,2.013903061412627,0.2349789,1.007335787134331,0.11156648992657256,1.006567274278296,0.1234124094331305,0.4251207729468599,0.16600450876163103,False,True,C:\Users\Owner\Desktop\Fall2023\CSE275\6D Pose\training_data_filtered\training_data\v2.2\1-13-19_color_kinect.png
2-70-5,tuna_fish_can,57,zinf|x2,126,1.973017290234341,0.064503096,1.006697325167698,0.13018788653875726,0.966319965066643,-0.0656847904946937,0.43478260869565216,0.16346798207759314,False,True,C:\Users\Owner\Desktop\Fall2023\CSE275\6D Pose\training_data_filtered\training_data\v2.2\2-70-5_color_kinect.png
2-22-1,tomato_soup_can,56,zinf|x2,605,1.0043656715371716,0.51912326,1.0043656715371716,0.5191232562065125,0.0,0.0,0.0,0.0,False,True,C:\Users\Owner\Desktop\Fall2023\CSE275\6D Pose\training_data_filtered\training_data\v2.2\2-22-1_color_kinect.png
1-67-18,tomato_soup_can,56,zinf|x2,738,1.00325665325387,0.31950322,1.00325665325387,0.31950321793556213,0.0,0.0,0.0,0.0,False,True,C:\Users\Owner\Desktop\Fall2023\CSE275\6D Pose\training_data_filtered\training_data\v2.2\1-67-18_color_kinect.png
1-49-1,wood_block,58,z2|y2|x4,554,1.001787666025478,0.14614944,1.001787666025478,0.1461494415998459,0.0,0.0,0.0,0.0,False,True,C:\Users\Owner\Desktop\Fall2023\CSE275\6D Pose\training_data_filtered\training_data\v2.2\1-49-1_color_kinect.png
1-86-0,tuna_fish_can,57,zinf|x2,131,0.18430840768107767,0.12081677,1.0000676434845623,0.1040587174512512,-0.8157592358034846,0.01675804976447756,0.4782608695652174,0.16940065001406493,False,True,C:\Users\Owner\Desktop\Fall2023\CSE275\6D Pose\training_data_filtered\training_data\v2.2\1-86-0_color_kinect.png
2-63-8,gelatin_box,30,z2|x2,533,1.3092691533669298,0.28053635,0.9955462573282586,0.08714055256230523,0.3137228960386712,0.193395801025799,0.4164835164835165,0.15363182961452188,False,True,C:\Users\Owner\Desktop\Fall2023\CSE275\6D Pose\training_data_filtered\training_data\v2.2\2-63-8_color_kinect.png
1-30-2,tomato_soup_can,56,zinf|x2,679,0.9948051378516318,0.22378208,0.9948051378516318,0.22378207743167877,0.0,0.0,0.0,0.0,False,True,C:\Users\Owner\Desktop\Fall2023\CSE275\6D Pose\training_data_filtered\training_data\v2.2\1-30-2_color_kinect.png
1-65-16,wood_block,58,z2|y2|x4,396,5.830654911496937,0.34974164,0.9935098150921146,0.10723306804392392,4.837145096404822,0.24250856966283268,0.23991507430997877,0.16891257947903215,False,True,C:\Users\Owner\Desktop\Fall2023\CSE275\6D Pose\training_data_filtered\training_data\v2.2\1-65-16_color_kinect.png
2-13-16,c_toy_airplane,13,zinf,176,0.9934302108048342,0.0937148,0.9934302108048342,0.09371480345726013,0.0,0.0,0.0,0.0,False,True,C:\Users\Owner\Desktop\Fall2023\CSE275\6D Pose\training_data_filtered\training_data\v2.2\2-13-16_color_kinect.png
2-7-6,sugar_box,55,z2|x2,329,2.3430644915082777,0.20021155,0.9897371927049624,0.2211445952317528,1.3533272988033151,-0.020933040466051517,0.3412844036697248,0.1673600509663523,False,True,C:\Users\Owner\Desktop\Fall2023\CSE275\6D Pose\training_data_filtered\training_data\v2.2\2-7-6_color_kinect.png
1-41-5,tuna_fish_can,57,zinf|x2,127,2.939002603202613,0.11346628,0.9874743309772147,0.16852276880588687,1.9515282722253984,-0.05505649108734287,0.45893719806763283,0.1717829927051171,False,True,C:\Users\Owner\Desktop\Fall2023\CSE275\6D Pose\training_data_filtered\training_data\v2.2\1-41-5_color_kinect.png
1-87-20,pudding_box,51,z2|x2,216,3.2469496874647614,0.09032603,0.9872770254754485,0.13466131012318092,2.259672661989313,-0.04433527659056144,0.39275766016713093,0.16555341509954777,False,True,C:\Users\Owner\Desktop\Fall2023\CSE275\6D Pose\training_data_filtered\training_data\v2.2\1-87-20_color_kinect.png
1-90-2,tuna_fish_can,57,zinf|x2,133,0.9872180116076855,0.0996843,0.9872180116076855,0.09968429803848267,0.0,0.0,0.0,0.0,False,True,C:\Users\Owner\Desktop\Fall2023\CSE275\6D Pose\training_data_filtered\training_data\v2.2\1-90-2_color_kinect.png
1-99-12,potted_meat_can,48,z2|x2,801,3.297382471298845,0.14058281,0.9871536403293093,0.13006349793931216,2.310228830969536,0.010519316873348061,0.29753265602322204,0.1689471278128006,False,True,C:\Users\Owner\Desktop\Fall2023\CSE275\6D Pose\training_data_filtered\training_data\v2.2\1-99-12_color_kinect.png
2-100-13,tuna_fish_can,57,zinf|x2,127,1.783898265405543,0.11020369,0.9843683007334326,0.1439921173776141,0.7995299646721105,-0.03378842655072126,0.42995169082125606,0.14220942867276332,False,True,C:\Users\Owner\Desktop\Fall2023\CSE275\6D Pose\training_data_filtered\training_data\v2.2\2-100-13_color_kinect.png
1-29-11,sugar_box,55,z2|x2,322,3.2897966534612384,0.12333116,0.9837905819965863,0.13774559848636111,2.306006071464652,-0.01441443913310489,0.3761467889908257,0.16956067604380884,False,True,C:\Users\Owner\Desktop\Fall2023\CSE275\6D Pose\training_data_filtered\training_data\v2.2\1-29-11_color_kinect.png
2-26-12,master_chef_can,39,zinf|x2,369,5.703114744622322,0.16089985,0.9836196409742806,0.10609985431916001,4.7194951036480415,0.054799993426735374,0.37606837606837606,0.16807126451243218,False,True,C:\Users\Owner\Desktop\Fall2023\CSE275\6D Pose\training_data_filtered\training_data\v2.2\2-26-12_color_kinect.png
1-86-0,wood_block,58,z2|y2|x4,578,3.1597870885570263,0.17289475,0.9810481702994489,0.11319897261211773,2.1787389182575776,0.059695773453022044,0.3227176220806794,0.17456714353229283,False,True,C:\Users\Owner\Desktop\Fall2023\CSE275\6D Pose\training_data_filtered\training_data\v2.2\1-86-0_color_kinect.png
1-12-2,tuna_fish_can,57,zinf|x2,138,1.5627623382851776,0.1831757,0.9802962090005453,0.1587535679292784,0.5824661292846324,0.024422129993428215,0.42995169082125606,0.16803608435161768,False,True,C:\Users\Owner\Desktop\Fall2023\CSE275\6D Pose\training_data_filtered\training_data\v2.2\1-12-2_color_kinect.png
2-7-18,tuna_fish_can,57,zinf|x2,125,2.52194082129829,0.09909491,0.9790224858670081,0.13046016403954694,1.542918335431282,-0.03136525162976453,0.3961352657004831,0.15477016358050422,False,True,C:\Users\Owner\Desktop\Fall2023\CSE275\6D Pose\training_data_filtered\training_data\v2.2\2-7-18_color_kinect.png
2-13-3,rubiks_cube,52,z4|x4|y4,504,2.0564147900545198,0.07417991,0.9785412274309722,0.12351070256914332,1.0778735626235476,-0.04933079244579508,0.32048458149779735,0.1712121937692975,False,True,C:\Users\Owner\Desktop\Fall2023\CSE275\6D Pose\training_data_filtered\training_data\v2.2\2-13-3_color_kinect.png
2-32-19,tuna_fish_can,57,zinf|x2,129,0.43485041445029465,0.15917559,0.9759819707837678,0.13396842598624334,-0.5411315563334731,0.025207163694428353,0.463768115942029,0.16349023003879581,False,True,C:\Users\Owner\Desktop\Fall2023\CSE275\6D Pose\training_data_filtered\training_data\v2.2\2-32-19_color_kinect.png
2-78-13,gelatin_box,30,z2|x2,473,0.6375901929323813,0.118850045,0.9727043233269065,0.18014249351974804,-0.3351141303945252,-0.06129244861360866,0.31868131868131866,0.1698052911612597,False,True,C:\Users\Owner\Desktop\Fall2023\CSE275\6D Pose\training_data_filtered\training_data\v2.2\2-78-13_color_kinect.png
1-91-8,tomato_soup_can,56,zinf|x2,683,0.9710477643057736,0.21428478,0.9710477643057736,0.2142847776412964,0.0,0.0,0.0,0.0,False,True,C:\Users\Owner\Desktop\Fall2023\CSE275\6D Pose\training_data_filtered\training_data\v2.2\1-91-8_color_kinect.png
1-5-19,jenga,35,z2|x2,618,0.9538934987517101,0.31873,0.9707518250610816,0.14014251215228676,-0.016858326309371452,0.17858748452892662,0.3031423290203327,0.16495359269038504,False,True,C:\Users\Owner\Desktop\Fall2023\CSE275\6D Pose\training_data_filtered\training_data\v2.2\1-5-19_color_kinect.png
2-7-10,cracker_box,14,z2|x2,185,4.613559734385227,0.078290634,0.9702257306801623,0.2186905225445386,3.6433340037050645,-0.1403998886872884,0.40460526315789475,0.16427921374202037,False,True,C:\Users\Owner\Desktop\Fall2023\CSE275\6D Pose\training_data_filtered\training_data\v2.2\2-7-10_color_kinect.png
2-55-10,rubiks_cube,52,z4|x4|y4,408,1.577808903060448,0.49419206,0.9700918503316034,0.11102477641460445,0.6077170527288447,0.3831672873938367,0.30176211453744495,0.1729053526188845,False,True,C:\Users\Owner\Desktop\Fall2023\CSE275\6D Pose\training_data_filtered\training_data\v2.2\2-55-10_color_kinect.png
2-94-3,master_chef_can,39,zinf|x2,379,2.561655904361094,0.062468614,0.9686934244259447,0.14857793567227506,1.5929624799351494,-0.0861093212430396,0.3162393162393162,0.1669184236118015,False,True,C:\Users\Owner\Desktop\Fall2023\CSE275\6D Pose\training_data_filtered\training_data\v2.2\2-94-3_color_kinect.png
2-7-6,cracker_box,14,z2|x2,191,2.7907893340096757,0.08038237,0.9670544693972278,0.14167182744096693,1.8237348646124478,-0.061289457982291545,0.506578947368421,0.15549506983222006,False,True,C:\Users\Owner\Desktop\Fall2023\CSE275\6D Pose\training_data_filtered\training_data\v2.2\2-7-6_color_kinect.png
1-26-17,cracker_box,14,z2|x2,178,2.7172946190404685,0.11607788,0.9651499583769111,0.13702629253267018,1.7521446606635576,-0.020948414951550642,0.4491803278688525,0.15838606946668082,False,True,C:\Users\Owner\Desktop\Fall2023\CSE275\6D Pose\training_data_filtered\training_data\v2.2\1-26-17_color_kinect.png
2-77-11,wood_block,58,z2|y2|x4,425,0.8339995541785274,0.18166585,0.9594051032707521,0.1171257692687527,-0.12540554909222468,0.06454008339714848,0.27176220806794055,0.17553945707907603,False,True,C:\Users\Owner\Desktop\Fall2023\CSE275\6D Pose\training_data_filtered\training_data\v2.2\2-77-11_color_kinect.png
2-11-1,rubiks_cube,52,z4|x4|y4,517,2.2791511728296037,0.104412235,0.9593721914108082,0.1432035652669692,1.3197789814187955,-0.03879132994735479,0.368942731277533,0.17173862787665953,False,True,C:\Users\Owner\Desktop\Fall2023\CSE275\6D Pose\training_data_filtered\training_data\v2.2\2-11-1_color_kinect.png
1-34-7,gelatin_box,30,z2|x2,483,1.8902471775732868,0.31948498,0.9591682576163563,0.15200020698797548,0.9310789199569305,0.1674847719262854,0.3292547274749722,0.174130686582345,False,True,C:\Users\Owner\Desktop\Fall2023\CSE275\6D Pose\training_data_filtered\training_data\v2.2\1-34-7_color_kinect.png
2-1-6,e_lego_duplo,20,z2,401,2.2984488768611038,0.22961436,0.9584919182292909,0.1830820881343045,1.339956958631813,0.04653227398632387,0.33414634146341465,0.17735446970238364,False,True,C:\Users\Owner\Desktop\Fall2023\CSE275\6D Pose\training_data_filtered\training_data\v2.2\2-1-6_color_kinect.png
1-13-7,wood_block,58,z2|y2|x4,589,0.9566325945944132,0.1453593,0.9566325945944132,0.14535929262638092,0.0,0.0,0.0,0.0,False,True,C:\Users\Owner\Desktop\Fall2023\CSE275\6D Pose\training_data_filtered\training_data\v2.2\1-13-7_color_kinect.png
1-61-12,wood_block,58,z2|y2|x4,553,0.9556904437492846,0.11307276,0.9556904437492846,0.11307276040315628,0.0,0.0,0.0,0.0,False,True,C:\Users\Owner\Desktop\Fall2023\CSE275\6D Pose\training_data_filtered\training_data\v2.2\1-61-12_color_kinect.png
1-44-19,master_chef_can,39,zinf|x2,381,1.7445209549064842,0.19319087,0.9541237030299421,0.11515418520230078,0.7903972518765421,0.07803668746691919,0.3262108262108262,0.16726289982430165,False,True,C:\Users\Owner\Desktop\Fall2023\CSE275\6D Pose\training_data_filtered\training_data\v2.2\1-44-19_color_kinect.png
2-23-6,gelatin_box,30,z2|x2,538,1.6835912047146708,0.186338,0.9512364447690157,0.11064457496942025,0.7323547599456551,0.07569343248068351,0.35274725274725277,0.1679280104078004,False,True,C:\Users\Owner\Desktop\Fall2023\CSE275\6D Pose\training_data_filtered\training_data\v2.2\2-23-6_color_kinect.png
2-7-6,bleach_cleanser,8,z2,1255,2.8915382090407014,0.18415745,0.9479553521456611,0.11879744184633842,1.9435828568950404,0.06536000418046364,0.24633967789165448,0.1721539127327151,False,True,C:\Users\Owner\Desktop\Fall2023\CSE275\6D Pose\training_data_filtered\training_data\v2.2\2-7-6_color_kinect.png
2-52-12,mustard_bottle,42,z2,820,0.6476658325924783,0.33937615,0.9452736739659903,0.14316481901432168,-0.2976078413735119,0.19621133254741538,0.19817658349328215,0.16764375546785473,False,True,C:\Users\Owner\Desktop\Fall2023\CSE275\6D Pose\training_data_filtered\training_data\v2.2\2-52-12_color_kinect.png
1-82-18,tuna_fish_can,57,zinf|x2,131,0.9441907447661195,0.13171224,0.9441907447661195,0.13171224296092987,0.0,0.0,0.0,0.0,False,True,C:\Users\Owner\Desktop\Fall2023\CSE275\6D Pose\training_data_filtered\training_data\v2.2\1-82-18_color_kinect.png
1-19-18,tuna_fish_can,57,zinf|x2,126,3.3901060071620908,0.15368895,0.9436648939683977,0.13477133030202615,2.446441113193693,0.01891762202474845,0.47115384615384615,0.16543855873350033,False,True,C:\Users\Owner\Desktop\Fall2023\CSE275\6D Pose\training_data_filtered\training_data\v2.2\1-19-18_color_kinect.png
1-3-11,potted_meat_can,48,z2|x2,654,2.3385209761735353,0.61231613,0.9401650253505259,0.1296405920799378,1.3983559508230092,0.48267553951185904,0.2702702702702703,0.17085771252534265,False,True,C:\Users\Owner\Desktop\Fall2023\CSE275\6D Pose\training_data_filtered\training_data\v2.2\1-3-11_color_kinect.png
1-46-6,tuna_fish_can,57,zinf|x2,130,2.1627470005241376,0.11412996,0.9398738036572764,0.10324417059463639,1.2228731968668614,0.010885789942320395,0.46859903381642515,0.1674760370273048,False,True,C:\Users\Owner\Desktop\Fall2023\CSE275\6D Pose\training_data_filtered\training_data\v2.2\1-46-6_color_kinect.png
1-51-4,gelatin_box,30,z2|x2,547,3.9650396967412855,0.16189775,0.9388617401488331,0.11470479257846736,3.0261779565924525,0.04719295613025762,0.3487858719646799,0.17065999981816554,False,True,C:\Users\Owner\Desktop\Fall2023\CSE275\6D Pose\training_data_filtered\training_data\v2.2\1-51-4_color_kinect.png
1-39-3,wood_block,58,z2|y2|x4,538,4.691361457674431,0.21361704,0.9379080384264371,0.14383158954660585,3.753453419247994,0.06978545216043303,0.34394904458598724,0.16941002469813865,False,True,C:\Users\Owner\Desktop\Fall2023\CSE275\6D Pose\training_data_filtered\training_data\v2.2\1-39-3_color_kinect.png
2-23-8,wood_block,58,z2|y2|x4,246,7.078547632021035,0.73222333,0.9364602512268404,0.13910998472847336,6.1420873807941945,0.5931133471997798,0.19002123142250532,0.16401295540855895,False,True,C:\Users\Owner\Desktop\Fall2023\CSE275\6D Pose\training_data_filtered\training_data\v2.2\2-23-8_color_kinect.png
2-8-18,tuna_fish_can,57,zinf|x2,104,3.6269317024289878,0.18751003,0.9345833077080312,0.1305108184172204,2.6923483947209563,0.05699921006426306,0.36231884057971014,0.15279384716918712,False,True,C:\Users\Owner\Desktop\Fall2023\CSE275\6D Pose\training_data_filtered\training_data\v2.2\2-8-18_color_kinect.png
1-42-6,wood_block,58,z2|y2|x4,520,1.8133906611144133,0.148858,0.9341296919882602,0.09424768537950488,0.879260969126153,0.0546103104882243,0.3609341825902335,0.17299506277006904,False,True,C:\Users\Owner\Desktop\Fall2023\CSE275\6D Pose\training_data_filtered\training_data\v2.2\1-42-6_color_kinect.png
2-38-17,nine_hole_peg_test,43,no,319,1.8140545247206372,0.1020528,0.9326248474341526,0.1763673884505778,0.8814296772864846,-0.07431458809323604,0.35185185185185186,0.1636560274794772,False,True,C:\Users\Owner\Desktop\Fall2023\CSE275\6D Pose\training_data_filtered\training_data\v2.2\2-38-17_color_kinect.png
1-3-11,wood_block,58,z2|y2|x4,530,1.297170102877331,0.09378197,0.9321783179743355,0.09621668207406493,0.36499178490299555,-0.0024347116327235324,0.38176033934252385,0.17200238120476088,False,True,C:\Users\Owner\Desktop\Fall2023\CSE275\6D Pose\training_data_filtered\training_data\v2.2\1-3-11_color_kinect.png
1-49-20,wood_block,58,z2|y2|x4,544,1.3496783864354,0.24152896,0.9301402810988698,0.15520840870824357,0.41953810533653024,0.08632054937395553,0.3471337579617834,0.16028392548703857,False,True,C:\Users\Owner\Desktop\Fall2023\CSE275\6D Pose\training_data_filtered\training_data\v2.2\1-49-20_color_kinect.png
2-36-8,tuna_fish_can,57,zinf|x2,124,2.4556571538756238,0.37307736,0.9280127648247504,0.2979538059803774,1.5276443890508733,0.0751235567954252,0.3285024154589372,0.1556715542318294,False,True,C:\Users\Owner\Desktop\Fall2023\CSE275\6D Pose\training_data_filtered\training_data\v2.2\2-36-8_color_kinect.png
2-59-12,jenga,35,z2|x2,519,6.178307784239396,0.41656065,0.9274031639460243,0.10317117251744494,5.2509046202933725,0.3133894773543812,0.2208872458410351,0.16725894350603282,False,True,C:\Users\Owner\Desktop\Fall2023\CSE275\6D Pose\training_data_filtered\training_data\v2.2\2-59-12_color_kinect.png
2-26-12,pudding_box,51,z2|x2,210,0.7924838906993747,0.20245723,0.9268709533218015,0.10983268029841384,-0.13438706262242672,0.09262455396500627,0.403899721448468,0.16703190321136263,False,True,C:\Users\Owner\Desktop\Fall2023\CSE275\6D Pose\training_data_filtered\training_data\v2.2\2-26-12_color_kinect.png
1-14-12,pudding_box,51,z2|x2,221,2.6527563974860975,0.05137758,0.9264777220149966,0.1400631598157687,1.726278675471101,-0.0886855802459521,0.36768802228412256,0.17224929652314597,False,True,C:\Users\Owner\Desktop\Fall2023\CSE275\6D Pose\training_data_filtered\training_data\v2.2\1-14-12_color_kinect.png
2-38-4,sugar_box,55,z2|x2,316,1.1560240546105371,0.0811783,0.9242757116512769,0.1368688452362187,0.23174834295926028,-0.05569054515353514,0.4055045871559633,0.171554520590454,False,True,C:\Users\Owner\Desktop\Fall2023\CSE275\6D Pose\training_data_filtered\training_data\v2.2\2-38-4_color_kinect.png
2-12-2,tuna_fish_can,57,zinf|x2,134,1.7936517362410982,0.06566371,0.9230581506412792,0.12423974782382126,0.870593585599819,-0.05857603758727188,0.43478260869565216,0.15353074801906516,False,True,C:\Users\Owner\Desktop\Fall2023\CSE275\6D Pose\training_data_filtered\training_data\v2.2\2-12-2_color_kinect.png
1-23-6,sugar_box,55,z2|x2,325,1.1268373088167878,0.15180004,0.9214799035033948,0.16232416476720551,0.20535740531339297,-0.010524128336846628,0.42047531992687387,0.1662060071690394,False,True,C:\Users\Owner\Desktop\Fall2023\CSE275\6D Pose\training_data_filtered\training_data\v2.2\1-23-6_color_kinect.png
1-36-9,tuna_fish_can,57,zinf|x2,126,2.191856866515214,0.06114913,0.9151371472583267,0.13525759253632585,1.276719719256887,-0.07410846102964441,0.4444444444444444,0.1663433565995733,False,True,C:\Users\Owner\Desktop\Fall2023\CSE275\6D Pose\training_data_filtered\training_data\v2.2\1-36-9_color_kinect.png
2-7-18,master_chef_can,39,zinf|x2,373,0.9149286025141646,0.17483978,0.9149286025141646,0.1748397797346115,0.0,0.0,0.0,0.0,False,True,C:\Users\Owner\Desktop\Fall2023\CSE275\6D Pose\training_data_filtered\training_data\v2.2\2-7-18_color_kinect.png
2-63-11,potted_meat_can,48,z2|x2,762,1.1910073995904467,0.19667591,0.9145554089777386,0.12468523874032172,0.2764519906127081,0.07199067280543175,0.28374455732946297,0.17062905239229087,False,True,C:\Users\Owner\Desktop\Fall2023\CSE275\6D Pose\training_data_filtered\training_data\v2.2\2-63-11_color_kinect.png
2-6-14,gelatin_box,30,z2|x2,517,1.9611006174960206,0.12580052,0.9140207276050375,0.13680224176052688,1.0470798898909832,-0.011001721578870999,0.34395604395604396,0.16899869922175362,False,True,C:\Users\Owner\Desktop\Fall2023\CSE275\6D Pose\training_data_filtered\training_data\v2.2\2-6-14_color_kinect.png
2-70-5,gelatin_box,30,z2|x2,418,2.5185592176777063,0.30501193,0.9129217833198483,0.1158314376178417,1.6056374343578579,0.18918049046367075,0.31648351648351647,0.15966781868306418,False,True,C:\Users\Owner\Desktop\Fall2023\CSE275\6D Pose\training_data_filtered\training_data\v2.2\2-70-5_color_kinect.png
1-27-10,pudding_box,51,z2|x2,209,2.9700931615658366,0.122609444,0.9115466005281855,0.10896876778443017,2.058546561037651,0.013640676178143837,0.42896935933147634,0.17318960636336975,False,True,C:\Users\Owner\Desktop\Fall2023\CSE275\6D Pose\training_data_filtered\training_data\v2.2\1-27-10_color_kinect.png
1-22-20,cracker_box,14,z2|x2,188,0.9111119730064712,0.083454154,0.9111119730064712,0.08345415443181992,0.0,0.0,0.0,0.0,False,True,C:\Users\Owner\Desktop\Fall2023\CSE275\6D Pose\training_data_filtered\training_data\v2.2\1-22-20_color_kinect.png
2-12-2,rubiks_cube,52,z4|x4|y4,487,0.9110019592639812,0.22102825,0.9110019592639812,0.22102825343608856,0.0,0.0,0.0,0.0,False,True,C:\Users\Owner\Desktop\Fall2023\CSE275\6D Pose\training_data_filtered\training_data\v2.2\2-12-2_color_kinect.png
2-80-6,bleach_cleanser,8,z2,1535,0.909133896247719,0.3388379,0.909133896247719,0.3388378918170929,0.0,0.0,0.0,0.0,False,True,C:\Users\Owner\Desktop\Fall2023\CSE275\6D Pose\training_data_filtered\training_data\v2.2\2-80-6_color_kinect.png
2-11-4,master_chef_can,39,zinf|x2,382,0.9083302241525949,0.20211783,0.9083302241525949,0.20211783051490784,0.0,0.0,0.0,0.0,False,True,C:\Users\Owner\Desktop\Fall2023\CSE275\6D Pose\training_data_filtered\training_data\v2.2\2-11-4_color_kinect.png
1-84-16,pudding_box,51,z2|x2,215,2.9982428976230873,0.10861082,0.904337076712161,0.11378368863760803,2.0939058209109263,-0.005172872337692716,0.4373259052924791,0.1543276013589982,False,True,C:\Users\Owner\Desktop\Fall2023\CSE275\6D Pose\training_data_filtered\training_data\v2.2\1-84-16_color_kinect.png
1-21-8,sugar_box,55,z2|x2,282,2.8441660544104685,0.12125483,0.9039855978696304,0.11553748129240671,1.9401804565408383,0.005717350260098786,0.36213235294117646,0.16735603502484295,False,True,C:\Users\Owner\Desktop\Fall2023\CSE275\6D Pose\training_data_filtered\training_data\v2.2\1-21-8_color_kinect.png
2-18-8,c_toy_airplane,13,zinf,166,1.3838223963946206,0.057223387,0.9031491985334749,0.1913787697192533,0.4806731978611457,-0.1341553826567037,0.3128205128205128,0.17267713568712542,False,True,C:\Users\Owner\Desktop\Fall2023\CSE275\6D Pose\training_data_filtered\training_data\v2.2\2-18-8_color_kinect.png
2-100-13,jenga,35,z2|x2,676,1.1361645770086233,0.34992757,0.9014174587502704,0.09416383307345262,0.23474711825835293,0.2557637413226808,0.34935304990757854,0.16990702371422714,False,True,C:\Users\Owner\Desktop\Fall2023\CSE275\6D Pose\training_data_filtered\training_data\v2.2\2-100-13_color_kinect.png
2-91-11,pudding_box,51,z2|x2,218,1.8804246272774314,0.013283516,0.9000346764012546,0.11202826497225923,0.9803899508761769,-0.09874474869190616,0.4011142061281337,0.16987284422658797,False,True,C:\Users\Owner\Desktop\Fall2023\CSE275\6D Pose\training_data_filtered\training_data\v2.2\2-91-11_color_kinect.png
1-9-9,wood_block,58,z2|y2|x4,523,0.9456052337168321,0.12165503,0.8978364633163107,0.10730163663302929,0.04776877040052141,0.014353395405659372,0.3492569002123142,0.17196674389350045,False,True,C:\Users\Owner\Desktop\Fall2023\CSE275\6D Pose\training_data_filtered\training_data\v2.2\1-9-9_color_kinect.png
1-44-3,wood_block,58,z2|y2|x4,540,2.5674950127942235,0.106318854,0.8969776807697349,0.10584858020684038,1.6705173320244886,0.00047027358868803604,0.37261146496815284,0.175459962432944,False,True,C:\Users\Owner\Desktop\Fall2023\CSE275\6D Pose\training_data_filtered\training_data\v2.2\1-44-3_color_kinect.png
2-26-13,rubiks_cube,52,z4|x4|y4,468,2.072350903382941,0.1942165,0.8945963905057362,0.13275997759151922,1.177754512877205,0.06145652710151209,0.36123348017621143,0.16176995129614138,False,True,C:\Users\Owner\Desktop\Fall2023\CSE275\6D Pose\training_data_filtered\training_data\v2.2\2-26-13_color_kinect.png
1-92-8,jenga,35,z2|x2,685,1.1502383233896025,0.2133732,0.8927578244525664,0.08339394752662901,0.2574804989370362,0.12997925157863374,0.3170055452865065,0.16507935396268225,False,True,C:\Users\Owner\Desktop\Fall2023\CSE275\6D Pose\training_data_filtered\training_data\v2.2\1-92-8_color_kinect.png
2-46-0,gelatin_box,30,z2|x2,537,1.3979143028879863,0.104235075,0.8907006878228847,0.12055592378741894,0.5072136150651017,-0.01632084837323819,0.34615384615384615,0.17028817031495178,False,True,C:\Users\Owner\Desktop\Fall2023\CSE275\6D Pose\training_data_filtered\training_data\v2.2\2-46-0_color_kinect.png
1-45-15,wood_block,58,z2|y2|x4,525,0.35880061933483676,0.24928708,0.8901484017161181,0.09997146819389538,-0.5313477823812813,0.14931561555110737,0.3248407643312102,0.173749329252946,False,True,C:\Users\Owner\Desktop\Fall2023\CSE275\6D Pose\training_data_filtered\training_data\v2.2\1-45-15_color_kinect.png
1-50-8,wood_block,58,z2|y2|x4,503,0.8163355089040172,0.29953587,0.8884055019001509,0.12507972858300648,-0.0720699929961337,0.1744561419690565,0.33970276008492567,0.16851418208056823,False,True,C:\Users\Owner\Desktop\Fall2023\CSE275\6D Pose\training_data_filtered\training_data\v2.2\1-50-8_color_kinect.png
2-4-5,mustard_bottle,42,z2,944,3.507826018654839,0.37804204,0.8880778251564891,0.057685953833187475,2.61974819349835,0.32035608842221414,0.21359223300970873,0.17071891993157168,False,True,C:\Users\Owner\Desktop\Fall2023\CSE275\6D Pose\training_data_filtered\training_data\v2.2\2-4-5_color_kinect.png
1-53-6,pudding_box,51,z2|x2,209,1.198705370077467,0.12409079,0.8876004283557546,0.09109546522478303,0.31110494172171244,0.032995325523813165,0.40947075208913647,0.17159773171808668,False,True,C:\Users\Owner\Desktop\Fall2023\CSE275\6D Pose\training_data_filtered\training_data\v2.2\1-53-6_color_kinect.png
1-86-9,wood_block,58,z2|y2|x4,543,1.91130012414523,0.1774016,0.887477871704352,0.1502765594086952,1.023822252440878,0.0271250428595238,0.3227176220806794,0.1760285544387326,False,True,C:\Users\Owner\Desktop\Fall2023\CSE275\6D Pose\training_data_filtered\training_data\v2.2\1-86-9_color_kinect.png
2-93-9,prism,50,z2,276,3.556796971729251,0.14631778,0.8870240488019484,0.11258599195468946,2.6697729229273026,0.03373178806316332,0.46534653465346537,0.16714624806492287,False,True,C:\Users\Owner\Desktop\Fall2023\CSE275\6D Pose\training_data_filtered\training_data\v2.2\2-93-9_color_kinect.png
1-86-1,pudding_box,51,z2|x2,208,0.8845897649058194,0.1331981,0.8845897649058194,0.1331980973482132,0.0,0.0,0.0,0.0,False,True,C:\Users\Owner\Desktop\Fall2023\CSE275\6D Pose\training_data_filtered\training_data\v2.2\1-86-1_color_kinect.png
2-34-12,gelatin_box,30,z2|x2,525,0.9271834968548059,0.25697425,0.8839176627696365,0.13635683816288804,0.043265834085169486,0.12061741191531325,0.367032967032967,0.1639140489211769,False,True,C:\Users\Owner\Desktop\Fall2023\CSE275\6D Pose\training_data_filtered\training_data\v2.2\2-34-12_color_kinect.png
2-74-5,pudding_box,51,z2|x2,173,1.7680363558954164,0.039151385,0.8835391826742067,0.11076436946997135,0.8844971732212097,-0.07161298404345005,0.3342618384401114,0.16538880695121477,False,True,C:\Users\Owner\Desktop\Fall2023\CSE275\6D Pose\training_data_filtered\training_data\v2.2\2-74-5_color_kinect.png
1-87-19,wood_block,58,z2|y2|x4,289,5.142186134216191,0.47446454,0.8821477651928626,0.1106358085237218,4.260038369023328,0.363828727189474,0.19745222929936307,0.17526193068091736,False,True,C:\Users\Owner\Desktop\Fall2023\CSE275\6D Pose\training_data_filtered\training_data\v2.2\1-87-19_color_kinect.png
1-3-11,master_chef_can,39,zinf|x2,355,3.1024152154558857,0.14658748,0.8786183615339236,0.12817296443147913,2.223796853921962,0.0184145117028211,0.3530239099859353,0.16823931190357344,False,True,C:\Users\Owner\Desktop\Fall2023\CSE275\6D Pose\training_data_filtered\training_data\v2.2\1-3-11_color_kinect.png
2-8-3,mustard_bottle,42,z2,877,3.2479213936958122,0.34645364,0.878114235465334,0.14177806578916916,2.3698071582304783,0.20467557109552018,0.22817173178967678,0.17453896925907425,False,True,C:\Users\Owner\Desktop\Fall2023\CSE275\6D Pose\training_data_filtered\training_data\v2.2\2-8-3_color_kinect.png
1-19-18,rubiks_cube,52,z4|x4|y4,459,2.147615713682944,0.26982057,0.8771833907288943,0.11233237995634718,1.2704323229540497,0.15748819098939257,0.31004366812227074,0.1713408785275406,False,True,C:\Users\Owner\Desktop\Fall2023\CSE275\6D Pose\training_data_filtered\training_data\v2.2\1-19-18_color_kinect.png
2-73-20,d_toy_airplane,18,zinf,117,3.0020835412198523,0.09165269,0.8768389631987035,0.20391329080648862,2.1252445780211486,-0.11226059944220029,0.28753993610223644,0.17485438681502288,False,True,C:\Users\Owner\Desktop\Fall2023\CSE275\6D Pose\training_data_filtered\training_data\v2.2\2-73-20_color_kinect.png
2-23-8,mustard_bottle,42,z2,830,3.973062821442574,0.26673993,0.8766748531628525,0.1708086383995219,3.0963879682797213,0.09593129628332417,0.21463178294573643,0.17938556046623577,False,True,C:\Users\Owner\Desktop\Fall2023\CSE275\6D Pose\training_data_filtered\training_data\v2.2\2-23-8_color_kinect.png
2-26-12,gelatin_box,30,z2|x2,464,3.19507562595308,0.09837245,0.8763903363399477,0.13427258026031963,2.3186852896131325,-0.03590012829927913,0.34285714285714286,0.16693340919857236,False,True,C:\Users\Owner\Desktop\Fall2023\CSE275\6D Pose\training_data_filtered\training_data\v2.2\2-26-12_color_kinect.png
1-36-9,wood_block,58,z2|y2|x4,522,1.059334067029056,0.21744266,0.8716221734585793,0.08440018593649704,0.1877118935704768,0.13304247558732193,0.35456475583864117,0.16756443371972496,False,True,C:\Users\Owner\Desktop\Fall2023\CSE275\6D Pose\training_data_filtered\training_data\v2.2\1-36-9_color_kinect.png
1-38-10,gelatin_box,30,z2|x2,518,1.6352027145778332,0.126678,0.871292350776566,0.12564822253431843,0.7639103638012672,0.001029782326559564,0.34035476718403546,0.1720740259301357,False,True,C:\Users\Owner\Desktop\Fall2023\CSE275\6D Pose\training_data_filtered\training_data\v2.2\1-38-10_color_kinect.png
1-37-18,tuna_fish_can,57,zinf|x2,130,0.876997825895576,0.12275475,0.8710836296958934,0.12680255591608997,0.0059141961996825865,-0.004047803280134155,0.4106280193236715,0.16912804764414782,False,True,C:\Users\Owner\Desktop\Fall2023\CSE275\6D Pose\training_data_filtered\training_data\v2.2\1-37-18_color_kinect.png
2-63-13,potted_meat_can,48,z2|x2,627,4.874485097993298,0.48593646,0.8703443116839674,0.12695566712084974,4.00414078630933,0.3589807957583312,0.2576197387518142,0.1713315791593831,False,True,C:\Users\Owner\Desktop\Fall2023\CSE275\6D Pose\training_data_filtered\training_data\v2.2\2-63-13_color_kinect.png
2-19-6,master_chef_can,39,zinf|x2,382,5.068493800498708,0.1945415,0.8690107668105976,0.1186670130258338,4.199483033688111,0.07587448599283533,0.3603988603988604,0.16989787458505093,False,True,C:\Users\Owner\Desktop\Fall2023\CSE275\6D Pose\training_data_filtered\training_data\v2.2\2-19-6_color_kinect.png
2-34-3,gelatin_box,30,z2|x2,465,4.2968445543133855,0.1727413,0.8672424351637532,0.14334134091530165,3.4296021191496324,0.029399952991863876,0.30439560439560437,0.1684011685968279,False,True,C:\Users\Owner\Desktop\Fall2023\CSE275\6D Pose\training_data_filtered\training_data\v2.2\2-34-3_color_kinect.png
1-72-15,tuna_fish_can,57,zinf|x2,128,2.668609923561932,0.13619807,0.8660222752463915,0.11740286483945318,1.8025876483155403,0.018795208786111392,0.4444444444444444,0.16224211776100073,False,True,C:\Users\Owner\Desktop\Fall2023\CSE275\6D Pose\training_data_filtered\training_data\v2.2\1-72-15_color_kinect.png
1-32-5,tuna_fish_can,57,zinf|x2,136,3.3512670614160087,0.020702034,0.8639948163872274,0.12041218001941464,2.487272245028781,-0.09971014578441403,0.4396135265700483,0.15925868657504302,False,True,C:\Users\Owner\Desktop\Fall2023\CSE275\6D Pose\training_data_filtered\training_data\v2.2\1-32-5_color_kinect.png
2-52-12,g_lego_duplo,29,z2,407,5.269955990686829,0.25740704,0.8583422564710306,0.15702135547970092,4.411613734215798,0.10038568392421449,0.33783783783783783,0.16715888890166467,False,True,C:\Users\Owner\Desktop\Fall2023\CSE275\6D Pose\training_data_filtered\training_data\v2.2\2-52-12_color_kinect.png
2-56-0,foam_brick,26,z2|x4|y2,553,3.952543346969598,0.2300474,0.8577837769839733,0.1735171046567407,3.0947595699856247,0.05653030010934207,0.318448883666275,0.178560911558351,False,True,C:\Users\Owner\Desktop\Fall2023\CSE275\6D Pose\training_data_filtered\training_data\v2.2\2-56-0_color_kinect.png
2-2-6,tuna_fish_can,57,zinf|x2,116,1.4528774304920897,0.17873624,0.8564984023204322,0.16472773790332515,0.5963790281716576,0.014008501768382003,0.3961352657004831,0.158498825534719,False,True,C:\Users\Owner\Desktop\Fall2023\CSE275\6D Pose\training_data_filtered\training_data\v2.2\2-2-6_color_kinect.png
2-56-0,sugar_box,55,z2|x2,334,1.527996086665713,0.2602439,0.8542244940489185,0.14830871108878788,0.6737715926167944,0.11193518158088986,0.4073394495412844,0.1735372444640581,False,True,C:\Users\Owner\Desktop\Fall2023\CSE275\6D Pose\training_data_filtered\training_data\v2.2\2-56-0_color_kinect.png
2-26-13,master_chef_can,39,zinf|x2,379,3.520816810663442,0.09682422,0.8541010697766094,0.13367759365035223,2.6667157408868327,-0.0368533723373525,0.37037037037037035,0.16992369260189255,False,True,C:\Users\Owner\Desktop\Fall2023\CSE275\6D Pose\training_data_filtered\training_data\v2.2\2-26-13_color_kinect.png
1-57-11,jenga,35,z2|x2,600,0.851702517527469,0.16571575,0.851702517527469,0.165715754032135,0.0,0.0,0.0,0.0,False,True,C:\Users\Owner\Desktop\Fall2023\CSE275\6D Pose\training_data_filtered\training_data\v2.2\1-57-11_color_kinect.png
2-26-17,d_toy_airplane,18,zinf,126,1.445521348838389,0.05591107,0.8445200515890434,0.18645548499621178,0.6010012972493455,-0.13054441339768197,0.26517571884984026,0.16853802221414607,False,True,C:\Users\Owner\Desktop\Fall2023\CSE275\6D Pose\training_data_filtered\training_data\v2.2\2-26-17_color_kinect.png
1-9-4,wood_block,58,z2|y2|x4,543,0.8442578634504649,0.2775629,0.8442578634504649,0.2775628864765167,0.0,0.0,0.0,0.0,False,True,C:\Users\Owner\Desktop\Fall2023\CSE275\6D Pose\training_data_filtered\training_data\v2.2\1-9-4_color_kinect.png
1-88-8,wood_block,58,z2|y2|x4,573,1.2851312335099563,0.1426852,0.8425560265743153,0.1464460573968372,0.442575206935641,-0.0037608526524982033,0.3641188959660297,0.17204436952043456,False,True,C:\Users\Owner\Desktop\Fall2023\CSE275\6D Pose\training_data_filtered\training_data\v2.2\1-88-8_color_kinect.png
2-65-11,bleach_cleanser,8,z2,1559,0.8412530151275294,0.19466688,0.8412530151275294,0.19466687738895416,0.0,0.0,0.0,0.0,False,True,C:\Users\Owner\Desktop\Fall2023\CSE275\6D Pose\training_data_filtered\training_data\v2.2\2-65-11_color_kinect.png
2-14-14,master_chef_can,39,zinf|x2,360,1.0797722048991987,0.19142884,0.8397418234338185,0.12908030443377433,0.24003038146538014,0.062348535726595544,0.3575498575498576,0.17008562136334374,False,True,C:\Users\Owner\Desktop\Fall2023\CSE275\6D Pose\training_data_filtered\training_data\v2.2\2-14-14_color_kinect.png
2-75-4,d_toy_airplane,18,zinf,127,0.8396856128437956,0.1197056,0.8396856128437956,0.11970560252666473,0.0,0.0,0.0,0.0,False,True,C:\Users\Owner\Desktop\Fall2023\CSE275\6D Pose\training_data_filtered\training_data\v2.2\2-75-4_color_kinect.png
1-7-7,jenga,35,z2|x2,638,1.6742226104943554,0.24259661,0.83741219505357,0.1215362227097699,0.8368104154407854,0.12106038867080719,0.32070240295748614,0.1670369243128718,False,True,C:\Users\Owner\Desktop\Fall2023\CSE275\6D Pose\training_data_filtered\training_data\v2.2\1-7-7_color_kinect.png
2-63-11,a_lego_duplo,1,z2,201,0.8372922149495026,0.13967428,0.8372922149495026,0.13967427611351013,0.0,0.0,0.0,0.0,False,True,C:\Users\Owner\Desktop\Fall2023\CSE275\6D Pose\training_data_filtered\training_data\v2.2\2-63-11_color_kinect.png
2-52-0,mustard_bottle,42,z2,1077,0.8057221616103675,0.19411193,0.8327871205694143,0.10067575838595992,-0.027064958959046814,0.09343616995781297,0.33829174664107486,0.1705860174257423,False,True,C:\Users\Owner\Desktop\Fall2023\CSE275\6D Pose\training_data_filtered\training_data\v2.2\2-52-0_color_kinect.png
2-47-11,g_lego_duplo,29,z2,372,1.7978709772462973,0.3055133,0.8325111811291656,0.1516093521999287,0.9653597961171317,0.15390394035111196,0.273955773955774,0.17757432839289022,False,True,C:\Users\Owner\Desktop\Fall2023\CSE275\6D Pose\training_data_filtered\training_data\v2.2\2-47-11_color_kinect.png
2-32-19,sugar_box,55,z2|x2,306,4.030017294396713,0.1335,0.8321691026555963,0.14382956844762174,3.197848191741117,-0.010329573573621187,0.3834862385321101,0.17007178519516364,False,True,C:\Users\Owner\Desktop\Fall2023\CSE275\6D Pose\training_data_filtered\training_data\v2.2\2-32-19_color_kinect.png
2-11-3,master_chef_can,39,zinf|x2,384,0.8314359036083595,0.09863366,0.8314359036083595,0.09863366186618805,0.0,0.0,0.0,0.0,False,True,C:\Users\Owner\Desktop\Fall2023\CSE275\6D Pose\training_data_filtered\training_data\v2.2\2-11-3_color_kinect.png
2-1-6,jenga,35,z2|x2,657,1.75091586187469,0.36244565,0.831242222606117,0.11943245599485043,0.919673639268573,0.24301319649004338,0.3678373382624769,0.15110595091182402,False,True,C:\Users\Owner\Desktop\Fall2023\CSE275\6D Pose\training_data_filtered\training_data\v2.2\2-1-6_color_kinect.png
1-46-7,pudding_box,51,z2|x2,207,0.8308818796335865,0.053670093,0.8308818796335865,0.053670093417167664,0.0,0.0,0.0,0.0,False,True,C:\Users\Owner\Desktop\Fall2023\CSE275\6D Pose\training_data_filtered\training_data\v2.2\1-46-7_color_kinect.png
1-51-11,jenga,35,z2|x2,405,1.0595676643592267,0.5995841,0.8307067714564453,0.15557927686529077,0.22886089290278133,0.44400482576532446,0.2199630314232902,0.16986974790139697,False,True,C:\Users\Owner\Desktop\Fall2023\CSE275\6D Pose\training_data_filtered\training_data\v2.2\1-51-11_color_kinect.png
1-56-13,potted_meat_can,48,z2|x2,812,2.4294546702905464,0.21135041,0.8295959313851664,0.14661613604419155,1.59985873890538,0.06473427513248997,0.28592162554426703,0.17205851931257665,False,True,C:\Users\Owner\Desktop\Fall2023\CSE275\6D Pose\training_data_filtered\training_data\v2.2\1-56-13_color_kinect.png
2-63-11,jenga,35,z2|x2,676,2.049820675818455,0.3063882,0.828837778104722,0.09762902243610162,1.220982897713733,0.2087591768932746,0.3299445471349353,0.16390469175753927,False,True,C:\Users\Owner\Desktop\Fall2023\CSE275\6D Pose\training_data_filtered\training_data\v2.2\2-63-11_color_kinect.png
2-74-5,potted_meat_can,48,z2|x2,801,2.0121108194545974,0.19614498,0.8286982888695444,0.09025059171487222,1.183412530585053,0.10589439145754447,0.28664731494920176,0.1683413322624804,False,True,C:\Users\Owner\Desktop\Fall2023\CSE275\6D Pose\training_data_filtered\training_data\v2.2\2-74-5_color_kinect.png
2-26-17,gelatin_box,30,z2|x2,451,2.0685284323342543,0.36055604,0.8271265748892227,0.15553371244321423,1.2414018574450316,0.20502232379068774,0.31978021978021975,0.1740685043180183,False,True,C:\Users\Owner\Desktop\Fall2023\CSE275\6D Pose\training_data_filtered\training_data\v2.2\2-26-17_color_kinect.png
2-36-8,wood_block,58,z2|y2|x4,574,0.8253726992184142,0.2584364,0.8253726992184142,0.2584364116191864,0.0,0.0,0.0,0.0,False,True,C:\Users\Owner\Desktop\Fall2023\CSE275\6D Pose\training_data_filtered\training_data\v2.2\2-36-8_color_kinect.png
2-75-4,potted_meat_can,48,z2|x2,595,0.8252829941043266,0.36601487,0.8252829941043266,0.36601486802101135,0.0,0.0,0.0,0.0,False,True,C:\Users\Owner\Desktop\Fall2023\CSE275\6D Pose\training_data_filtered\training_data\v2.2\2-75-4_color_kinect.png
1-50-8,master_chef_can,39,zinf|x2,382,0.8246932659189242,0.14014217,0.8246932659189242,0.14014217257499695,0.0,0.0,0.0,0.0,False,True,C:\Users\Owner\Desktop\Fall2023\CSE275\6D Pose\training_data_filtered\training_data\v2.2\1-50-8_color_kinect.png
2-7-8,e_toy_airplane,21,z2,116,0.8244019594752274,0.12453184,0.8244019594752274,0.12453184276819229,0.0,0.0,0.0,0.0,False,True,C:\Users\Owner\Desktop\Fall2023\CSE275\6D Pose\training_data_filtered\training_data\v2.2\2-7-8_color_kinect.png
2-65-11,gelatin_box,30,z2|x2,515,1.570376905349742,0.117184,0.823787319220829,0.10358208294205197,0.746589586128913,0.013601915285067476,0.34505494505494505,0.16949363572743226,False,True,C:\Users\Owner\Desktop\Fall2023\CSE275\6D Pose\training_data_filtered\training_data\v2.2\2-65-11_color_kinect.png
2-80-6,d_toy_airplane,18,zinf,116,0.822280435347741,0.055172887,0.822280435347741,0.055172886699438095,0.0,0.0,0.0,0.0,False,True,C:\Users\Owner\Desktop\Fall2023\CSE275\6D Pose\training_data_filtered\training_data\v2.2\2-80-6_color_kinect.png
2-100-13,prism,50,z2,255,0.8168596185158531,0.19740544,0.8213560670370507,0.12831621295471998,-0.004496448521197571,0.06908922964076189,0.3811881188118812,0.17171442346544954,False,True,C:\Users\Owner\Desktop\Fall2023\CSE275\6D Pose\training_data_filtered\training_data\v2.2\2-100-13_color_kinect.png
1-3-1,jenga,35,z2|x2,720,1.6453434116589811,0.093757644,0.8207166966198534,0.0880116480575625,0.8246267150391278,0.0057459962381299495,0.34842883548983367,0.1677094864508284,False,True,C:\Users\Owner\Desktop\Fall2023\CSE275\6D Pose\training_data_filtered\training_data\v2.2\1-3-1_color_kinect.png
2-13-10,tuna_fish_can,57,zinf|x2,130,0.7154096988900779,0.16889799,0.8185582527785373,0.11682182153807687,-0.10314855388845945,0.05207616487397147,0.4251207729468599,0.158965291798,False,True,C:\Users\Owner\Desktop\Fall2023\CSE275\6D Pose\training_data_filtered\training_data\v2.2\2-13-10_color_kinect.png
2-42-15,jenga,35,z2|x2,706,1.4908316341447512,0.18313839,0.8170534148052105,0.09603892405754343,0.6737782193395406,0.08709946135753378,0.34935304990757854,0.1646629468521085,False,True,C:\Users\Owner\Desktop\Fall2023\CSE275\6D Pose\training_data_filtered\training_data\v2.2\2-42-15_color_kinect.png
1-44-3,tuna_fish_can,57,zinf|x2,81,0.2562028090997477,0.030434873,0.8158493816551181,0.14280676918748567,-0.5596465725553704,-0.11237189623240182,0.2946859903381642,0.16078274208805338,False,True,C:\Users\Owner\Desktop\Fall2023\CSE275\6D Pose\training_data_filtered\training_data\v2.2\1-44-3_color_kinect.png
2-69-10,gelatin_box,30,z2|x2,482,0.8923667759282136,0.17102991,0.8155998463748418,0.16225718008063325,0.07676692955337172,0.008772730364580067,0.34175824175824177,0.1686465903707659,False,True,C:\Users\Owner\Desktop\Fall2023\CSE275\6D Pose\training_data_filtered\training_data\v2.2\2-69-10_color_kinect.png
1-5-19,potted_meat_can,48,z2|x2,822,1.4828989928547827,0.25726616,0.8155382937610183,0.10403174092157205,0.6673606990937644,0.15323442290441672,0.2768444119795471,0.1730301079881341,False,True,C:\Users\Owner\Desktop\Fall2023\CSE275\6D Pose\training_data_filtered\training_data\v2.2\1-5-19_color_kinect.png
2-76-9,gelatin_box,30,z2|x2,487,2.53643779378489,0.16291592,0.8153647648853326,0.11243082751585497,1.7210730288995575,0.05048508773492323,0.3384615384615385,0.1682875572441607,False,True,C:\Users\Owner\Desktop\Fall2023\CSE275\6D Pose\training_data_filtered\training_data\v2.2\2-76-9_color_kinect.png
2-36-15,gelatin_box,30,z2|x2,501,1.6482617842027663,0.11944057,0.81388983818354,0.1263011070280814,0.8343719460192263,-0.006860536554410435,0.34725274725274724,0.17106675273206592,False,True,C:\Users\Owner\Desktop\Fall2023\CSE275\6D Pose\training_data_filtered\training_data\v2.2\2-36-15_color_kinect.png
1-1-15,potted_meat_can,48,z2|x2,653,4.299358694310239,0.26183325,0.8102065549128536,0.12026896378322105,3.489152139397386,0.14156428673939248,0.27910339840925524,0.1733923230693291,False,True,C:\Users\Owner\Desktop\Fall2023\CSE275\6D Pose\training_data_filtered\training_data\v2.2\1-1-15_color_kinect.png
1-19-1,tuna_fish_can,57,zinf|x2,130,3.426610873399032,0.05677891,0.8060229805869807,0.1455063211003676,2.6205878928120514,-0.08872740959919839,0.4423076923076923,0.1578311600891933,False,True,C:\Users\Owner\Desktop\Fall2023\CSE275\6D Pose\training_data_filtered\training_data\v2.2\1-19-1_color_kinect.png
2-21-18,wood_block,58,z2|y2|x4,474,2.513238951283724,0.28576082,0.8028942410624134,0.27739350484009007,1.7103447102213107,0.008367315071866721,0.2961783439490446,0.16154596864782503,False,True,C:\Users\Owner\Desktop\Fall2023\CSE275\6D Pose\training_data_filtered\training_data\v2.2\2-21-18_color_kinect.png
2-56-0,tomato_soup_can,56,zinf|x2,678,0.8015781032325239,0.15638426,0.8015781032325239,0.15638425946235657,0.0,0.0,0.0,0.0,False,True,C:\Users\Owner\Desktop\Fall2023\CSE275\6D Pose\training_data_filtered\training_data\v2.2\2-56-0_color_kinect.png
2-64-20,gelatin_box,30,z2|x2,444,3.280163355802919,0.14775063,0.8012084874224542,0.1643246558101626,2.4789548683804647,-0.016574024835392998,0.31758241758241756,0.17164774896844112,False,True,C:\Users\Owner\Desktop\Fall2023\CSE275\6D Pose\training_data_filtered\training_data\v2.2\2-64-20_color_kinect.png
2-96-0,pudding_box,51,z2|x2,185,2.656631606119215,0.20713839,0.8003058554397533,0.1527001420226611,1.8563257506794615,0.05443824732632266,0.3286908077994429,0.17195964889388252,False,True,C:\Users\Owner\Desktop\Fall2023\CSE275\6D Pose\training_data_filtered\training_data\v2.2\2-96-0_color_kinect.png
2-26-15,d_toy_airplane,18,zinf,137,0.7950067284548532,0.10860566,0.7950067284548532,0.10860566049814224,0.0,0.0,0.0,0.0,False,True,C:\Users\Owner\Desktop\Fall2023\CSE275\6D Pose\training_data_filtered\training_data\v2.2\2-26-15_color_kinect.png
2-80-6,mustard_bottle,42,z2,1090,2.4065267660616456,0.16673392,0.7944427861778222,0.1552093679641737,1.6120839798838236,0.011524552610014532,0.3330134357005758,0.17242678130478534,False,True,C:\Users\Owner\Desktop\Fall2023\CSE275\6D Pose\training_data_filtered\training_data\v2.2\2-80-6_color_kinect.png
2-23-6,mustard_bottle,42,z2,1055,1.609665174395656,0.16740873,0.7940934600677013,0.12255717270945791,0.8155717143279547,0.0448515618505549,0.3330087633885102,0.16870243295919962,False,True,C:\Users\Owner\Desktop\Fall2023\CSE275\6D Pose\training_data_filtered\training_data\v2.2\2-23-6_color_kinect.png
1-27-6,tuna_fish_can,57,zinf|x2,138,3.247592861151166,0.18739095,0.7920037253558261,0.1432881908297737,2.45558913579534,0.04410276247260972,0.4519230769230769,0.16329596976672828,False,True,C:\Users\Owner\Desktop\Fall2023\CSE275\6D Pose\training_data_filtered\training_data\v2.2\1-27-6_color_kinect.png
2-64-20,potted_meat_can,48,z2|x2,847,3.394364244092188,0.32471275,0.7917287595135214,0.1689819607097029,2.602635484578667,0.15573079258619554,0.2757619738751814,0.17185580840268197,False,True,C:\Users\Owner\Desktop\Fall2023\CSE275\6D Pose\training_data_filtered\training_data\v2.2\2-64-20_color_kinect.png
2-35-7,bleach_cleanser,8,z2,1484,1.3962517052235297,0.14789474,0.791339385019196,0.11161503181023064,0.6049123202043337,0.03627970829444466,0.26605839416058397,0.1716947043417447,False,True,C:\Users\Owner\Desktop\Fall2023\CSE275\6D Pose\training_data_filtered\training_data\v2.2\2-35-7_color_kinect.png
1-50-2,master_chef_can,39,zinf|x2,368,1.1312640699194272,0.080814786,0.7911528305038057,0.15462106776797002,0.3401112394156215,-0.07380628151261037,0.3433048433048433,0.16843033856115283,False,True,C:\Users\Owner\Desktop\Fall2023\CSE275\6D Pose\training_data_filtered\training_data\v2.2\1-50-2_color_kinect.png
2-73-20,wood_block,58,z2|y2|x4,382,0.9596255567091616,0.40557352,0.7910265771526281,0.11935278710140491,0.16859897955653347,0.2862207299827168,0.27070063694267515,0.16006726629691276,False,True,C:\Users\Owner\Desktop\Fall2023\CSE275\6D Pose\training_data_filtered\training_data\v2.2\2-73-20_color_kinect.png
1-56-17,tomato_soup_can,56,zinf|x2,687,0.7907321829989252,0.17605732,0.7907321829989252,0.17605732381343842,0.0,0.0,0.0,0.0,False,True,C:\Users\Owner\Desktop\Fall2023\CSE275\6D Pose\training_data_filtered\training_data\v2.2\1-56-17_color_kinect.png
1-91-8,jenga,35,z2|x2,477,1.7393241366446455,0.18788007,0.789458987264044,0.09052190665799073,0.9498651493806015,0.09735816235941955,0.2874306839186691,0.16078019713581573,False,True,C:\Users\Owner\Desktop\Fall2023\CSE275\6D Pose\training_data_filtered\training_data\v2.2\1-91-8_color_kinect.png
1-14-7,tuna_fish_can,57,zinf|x2,132,6.152056923498795,0.13089614,0.78663700952173,0.13445748294731258,5.365419913977065,-0.0035613467826473566,0.4688995215311005,0.15660926890335006,False,True,C:\Users\Owner\Desktop\Fall2023\CSE275\6D Pose\training_data_filtered\training_data\v2.2\1-14-7_color_kinect.png
2-11-1,g_lego_duplo,29,z2,405,3.7950469566649057,0.23423718,0.7846719619547363,0.1767758626742256,3.0103749947101694,0.057461316485892505,0.3739130434782609,0.1650550072652878,False,True,C:\Users\Owner\Desktop\Fall2023\CSE275\6D Pose\training_data_filtered\training_data\v2.2\2-11-1_color_kinect.png
2-60-7,tuna_fish_can,57,zinf|x2,130,2.5558283083825404,0.18313603,0.7830739475946729,0.14996807635643222,1.7727543607878675,0.03316795467517636,0.47342995169082125,0.1669691525932655,False,True,C:\Users\Owner\Desktop\Fall2023\CSE275\6D Pose\training_data_filtered\training_data\v2.2\2-60-7_color_kinect.png
2-78-13,potted_meat_can,48,z2|x2,798,2.0385423493229875,0.36706266,0.7827644354230298,0.12020737093636667,1.2557779138999576,0.24685528713515126,0.29390420899854863,0.17109234536394446,False,True,C:\Users\Owner\Desktop\Fall2023\CSE275\6D Pose\training_data_filtered\training_data\v2.2\2-78-13_color_kinect.png
2-26-13,d_toy_airplane,18,zinf,129,0.7815547701047508,0.036704395,0.7815547701047508,0.03670439496636391,0.0,0.0,0.0,0.0,False,True,C:\Users\Owner\Desktop\Fall2023\CSE275\6D Pose\training_data_filtered\training_data\v2.2\2-26-13_color_kinect.png
2-63-8,sugar_box,55,z2|x2,309,1.628245052244607,0.13394868,0.7796443133768999,0.13622027767976996,0.8486007388677071,-0.002271593941061467,0.41284403669724773,0.17212291365482113,False,True,C:\Users\Owner\Desktop\Fall2023\CSE275\6D Pose\training_data_filtered\training_data\v2.2\2-63-8_color_kinect.png
2-46-0,g_lego_duplo,29,z2,411,1.8448531654784044,0.7896842,0.7778047977665545,0.1621893785212763,1.0670483677118499,0.6274947979237311,0.36732186732186733,0.17114297818988528,False,True,C:\Users\Owner\Desktop\Fall2023\CSE275\6D Pose\training_data_filtered\training_data\v2.2\2-46-0_color_kinect.png
1-6-13,wood_block,58,z2|y2|x4,523,1.9190480037368884,0.12011423,0.7773272496235404,0.10142294332992383,1.141720754113348,0.018691286289579195,0.3697033898305085,0.17030946713957384,False,True,C:\Users\Owner\Desktop\Fall2023\CSE275\6D Pose\training_data_filtered\training_data\v2.2\1-6-13_color_kinect.png
2-59-12,g_lego_duplo,29,z2,379,1.6352163387633327,0.2172218,0.7772402198827402,0.13680038578521417,0.8579761188805926,0.08042141072738959,0.3181818181818182,0.16825135700958357,False,True,C:\Users\Owner\Desktop\Fall2023\CSE275\6D Pose\training_data_filtered\training_data\v2.2\2-59-12_color_kinect.png
2-58-11,mustard_bottle,42,z2,890,3.726657561434662,0.2284137,0.7764345777961814,0.15937264008575372,2.950222983638481,0.06904106097168036,0.20489443378119002,0.1734063479213792,False,True,C:\Users\Owner\Desktop\Fall2023\CSE275\6D Pose\training_data_filtered\training_data\v2.2\2-58-11_color_kinect.png
1-64-7,potted_meat_can,48,z2|x2,839,2.1222286705088016,0.40224153,0.776050126382866,0.09234448236409183,1.3461785441259355,0.3098970456701184,0.2677793904208999,0.170293737333392,False,True,C:\Users\Owner\Desktop\Fall2023\CSE275\6D Pose\training_data_filtered\training_data\v2.2\1-64-7_color_kinect.png
2-93-4,wood_block,58,z2|y2|x4,505,1.1983437844975264,0.16460991,0.7759545314145456,0.11093774108262822,0.4223892530829808,0.05367216797498897,0.33970276008492567,0.164365864985203,False,True,C:\Users\Owner\Desktop\Fall2023\CSE275\6D Pose\training_data_filtered\training_data\v2.2\2-93-4_color_kinect.png
2-13-10,jenga,35,z2|x2,589,2.508404379555989,0.23020285,0.7746061469941438,0.09575346424420254,1.733798232561845,0.13444938943545443,0.28927911275415896,0.17007257558320377,False,True,C:\Users\Owner\Desktop\Fall2023\CSE275\6D Pose\training_data_filtered\training_data\v2.2\2-13-10_color_kinect.png
2-2-6,jenga,35,z2|x2,730,1.1582982448262988,0.1565096,0.7737255202746179,0.09476068827312795,0.3845727245516809,0.061748904856030074,0.3170055452865065,0.16910228746151262,False,True,C:\Users\Owner\Desktop\Fall2023\CSE275\6D Pose\training_data_filtered\training_data\v2.2\2-2-6_color_kinect.png
1-37-18,potted_meat_can,48,z2|x2,839,5.733133120541192,0.25021744,0.7707519391867085,0.1337162076728389,4.962381181354483,0.11650123007130173,0.28519593613933236,0.17371864499315848,False,True,C:\Users\Owner\Desktop\Fall2023\CSE275\6D Pose\training_data_filtered\training_data\v2.2\1-37-18_color_kinect.png
1-54-6,potted_meat_can,48,z2|x2,807,2.403572929018059,0.12980811,0.76873484775945,0.08387650580735573,1.634838081258609,0.045931607171579514,0.30406386066763424,0.17397039349145157,False,True,C:\Users\Owner\Desktop\Fall2023\CSE275\6D Pose\training_data_filtered\training_data\v2.2\1-54-6_color_kinect.png
2-25-7,d_toy_airplane,18,zinf,138,0.7675745702276221,0.12670904,0.7675745702276221,0.12670904397964478,0.0,0.0,0.0,0.0,False,True,C:\Users\Owner\Desktop\Fall2023\CSE275\6D Pose\training_data_filtered\training_data\v2.2\2-25-7_color_kinect.png
2-38-17,mustard_bottle,42,z2,939,3.571525093754135,0.3210428,0.7664346316786086,0.134416311349203,2.805090462075526,0.18662649456090746,0.1952975047984645,0.17431254542767033,False,True,C:\Users\Owner\Desktop\Fall2023\CSE275\6D Pose\training_data_filtered\training_data\v2.2\2-38-17_color_kinect.png
2-36-15,wood_block,58,z2|y2|x4,546,1.5290773474143213,0.25686988,0.7662367578611866,0.16837258210576184,0.7628405895531347,0.08849730023943775,0.32802547770700635,0.17648448922919138,False,True,C:\Users\Owner\Desktop\Fall2023\CSE275\6D Pose\training_data_filtered\training_data\v2.2\2-36-15_color_kinect.png
2-80-6,gelatin_box,30,z2|x2,542,0.7014580319309575,0.12172249,0.7660594015884865,0.10089657972144456,-0.06460136965752905,0.02082590987396865,0.3230769230769231,0.17209528169971677,False,True,C:\Users\Owner\Desktop\Fall2023\CSE275\6D Pose\training_data_filtered\training_data\v2.2\2-80-6_color_kinect.png
2-37-7,nine_hole_peg_test,43,no,296,3.7982563147408963,0.18469138,0.7651923004782218,0.17175220942552172,3.0330640142626746,0.012939175009178294,0.31596638655462184,0.17067742466511446,False,True,C:\Users\Owner\Desktop\Fall2023\CSE275\6D Pose\training_data_filtered\training_data\v2.2\2-37-7_color_kinect.png
2-76-9,potted_meat_can,48,z2|x2,773,0.8405247980024916,0.5229433,0.7640728842872154,0.12367452517868788,0.07645191371527615,0.39926879271147936,0.29680696661828737,0.17349415078519262,False,True,C:\Users\Owner\Desktop\Fall2023\CSE275\6D Pose\training_data_filtered\training_data\v2.2\2-76-9_color_kinect.png
2-82-14,tuna_fish_can,57,zinf|x2,131,1.0049039723569184,0.06949067,0.7636560326003552,0.18683499311943316,0.24124793975656322,-0.11734432196159625,0.4396135265700483,0.16891517697474218,False,True,C:\Users\Owner\Desktop\Fall2023\CSE275\6D Pose\training_data_filtered\training_data\v2.2\2-82-14_color_kinect.png
2-26-17,master_chef_can,39,zinf|x2,372,0.762936452638002,0.17370914,0.762936452638002,0.17370913922786713,0.0,0.0,0.0,0.0,False,True,C:\Users\Owner\Desktop\Fall2023\CSE275\6D Pose\training_data_filtered\training_data\v2.2\2-26-17_color_kinect.png
2-26-12,foam_brick,26,z2|x4|y2,530,2.784135472008873,0.21859746,0.7626957411948619,0.16560946866001314,2.021439730814011,0.052987988152845444,0.3051643192488263,0.17493870872457593,False,True,C:\Users\Owner\Desktop\Fall2023\CSE275\6D Pose\training_data_filtered\training_data\v2.2\2-26-12_color_kinect.png
1-13-11,tuna_fish_can,57,zinf|x2,128,3.9523905976898117,0.14417163,0.7609097842833765,0.12610536942387537,3.191480813406435,0.018066255951872306,0.45933014354066987,0.1555262202798659,False,True,C:\Users\Owner\Desktop\Fall2023\CSE275\6D Pose\training_data_filtered\training_data\v2.2\1-13-11_color_kinect.png
2-82-14,e_lego_duplo,20,z2,359,0.7590943900274436,0.2687493,0.7590943900274436,0.26874929666519165,0.0,0.0,0.0,0.0,False,True,C:\Users\Owner\Desktop\Fall2023\CSE275\6D Pose\training_data_filtered\training_data\v2.2\2-82-14_color_kinect.png
2-2-6,cracker_box,14,z2|x2,142,2.096030130976574,0.5109179,0.7585873000866021,0.10575434024114533,1.3374428308899717,0.4051635617516525,0.2894736842105263,0.1624312822115086,False,True,C:\Users\Owner\Desktop\Fall2023\CSE275\6D Pose\training_data_filtered\training_data\v2.2\2-2-6_color_kinect.png
2-30-8,mustard_bottle,42,z2,924,3.473651286344591,0.4467311,0.7555034803837194,0.1651168700232711,2.7181478059608715,0.28161422052238316,0.2236084452975048,0.17429369708680703,False,True,C:\Users\Owner\Desktop\Fall2023\CSE275\6D Pose\training_data_filtered\training_data\v2.2\2-30-8_color_kinect.png
2-17-9,bleach_cleanser,8,z2,1417,2.634500293203054,0.18325363,0.7542322668935281,0.11932508319426169,1.8802680263095257,0.06392854780148874,0.22777369581190302,0.16762440041617324,False,True,C:\Users\Owner\Desktop\Fall2023\CSE275\6D Pose\training_data_filtered\training_data\v2.2\2-17-9_color_kinect.png
1-6-2,jenga,35,z2|x2,459,1.7885208863862057,0.8834744,0.7540291581034796,0.16010892342551158,1.0344917282827262,0.7233654861547192,0.2634011090573013,0.15650326415703805,False,True,C:\Users\Owner\Desktop\Fall2023\CSE275\6D Pose\training_data_filtered\training_data\v2.2\1-6-2_color_kinect.png
2-74-5,gelatin_box,30,z2|x2,545,0.9975105820012138,0.07800476,0.752571208114621,0.13026140795841626,0.24493937388659281,-0.052256645428089415,0.33296703296703295,0.1702702788224749,False,True,C:\Users\Owner\Desktop\Fall2023\CSE275\6D Pose\training_data_filtered\training_data\v2.2\2-74-5_color_kinect.png
2-11-4,g_lego_duplo,29,z2,440,1.6233024286315232,0.4397442,0.751955435100259,0.17804810669920657,0.8713469935312642,0.26169609758355405,0.34239802224969096,0.1659189773143384,False,True,C:\Users\Owner\Desktop\Fall2023\CSE275\6D Pose\training_data_filtered\training_data\v2.2\2-11-4_color_kinect.png
2-91-11,mustard_bottle,42,z2,1036,2.5314153249277394,0.26740226,0.7507564976008301,0.11684080439011951,1.7806588273269093,0.1505614571054707,0.32821497120921306,0.177526181524553,False,True,C:\Users\Owner\Desktop\Fall2023\CSE275\6D Pose\training_data_filtered\training_data\v2.2\2-91-11_color_kinect.png
2-18-8,mustard_bottle,42,z2,845,2.044926555087879,0.2902237,0.7501434329085055,0.1407766414896878,1.2947831221793735,0.14944704639750397,0.22479498311625662,0.17004543200223335,False,True,C:\Users\Owner\Desktop\Fall2023\CSE275\6D Pose\training_data_filtered\training_data\v2.2\2-18-8_color_kinect.png
2-7-18,e_lego_duplo,20,z2,413,2.1274740786690454,0.21168771,0.748020392445482,0.14492235550668883,1.3794536862235633,0.06676535835477662,0.30609756097560975,0.1708879131328109,False,True,C:\Users\Owner\Desktop\Fall2023\CSE275\6D Pose\training_data_filtered\training_data\v2.2\2-7-18_color_kinect.png
1-46-0,wood_block,58,z2|y2|x4,573,1.3272870630024565,0.07795211,0.7474776538517297,0.14798627285941884,0.5798094091507268,-0.07003416358217046,0.35987261146496813,0.17139765318674702,False,True,C:\Users\Owner\Desktop\Fall2023\CSE275\6D Pose\training_data_filtered\training_data\v2.2\1-46-0_color_kinect.png
2-86-18,wood_block,58,z2|y2|x4,524,2.707120380158191,0.10548385,0.7469276795206995,0.09818734050936523,1.9601927006374913,0.007296511817504736,0.3503184713375796,0.16756462481435774,False,True,C:\Users\Owner\Desktop\Fall2023\CSE275\6D Pose\training_data_filtered\training_data\v2.2\2-86-18_color_kinect.png
2-7-8,sugar_box,55,z2|x2,306,1.243756653028005,0.036134027,0.7456772586967195,0.13741707270728173,0.49807939433128556,-0.10128304576264444,0.3467889908256881,0.1660187910150613,False,True,C:\Users\Owner\Desktop\Fall2023\CSE275\6D Pose\training_data_filtered\training_data\v2.2\2-7-8_color_kinect.png
2-58-15,tuna_fish_can,57,zinf|x2,131,0.46790762213272136,0.12517926,0.7444867061334797,0.16146539807986737,-0.2765790840007583,-0.036286137110705385,0.48792270531400966,0.12948785245764255,False,True,C:\Users\Owner\Desktop\Fall2023\CSE275\6D Pose\training_data_filtered\training_data\v2.2\2-58-15_color_kinect.png
2-51-3,jenga,35,z2|x2,440,8.871543000105582,0.9616675,0.7438547879771522,0.3131426018912605,8.12768821212843,0.6485248761933038,0.27171903881700554,0.16918062153357083,False,True,C:\Users\Owner\Desktop\Fall2023\CSE275\6D Pose\training_data_filtered\training_data\v2.2\2-51-3_color_kinect.png
2-37-7,gelatin_box,30,z2|x2,506,0.8034683868360286,0.055246674,0.7434842031026652,0.13479273119154064,0.05998418373336345,-0.07954605766716091,0.33296703296703295,0.17068435066373588,False,True,C:\Users\Owner\Desktop\Fall2023\CSE275\6D Pose\training_data_filtered\training_data\v2.2\2-37-7_color_kinect.png
2-36-8,pudding_box,51,z2|x2,199,1.5114928654821977,0.12563358,0.7433341757763287,0.1075679784402571,0.7681586897058691,0.018065604032544105,0.37604456824512533,0.1579370783308731,False,True,C:\Users\Owner\Desktop\Fall2023\CSE275\6D Pose\training_data_filtered\training_data\v2.2\2-36-8_color_kinect.png
1-14-7,wood_block,58,z2|y2|x4,522,2.0135866904476045,0.38640025,0.741343027102086,0.09178358075187772,1.2722436633455185,0.294616671828765,0.31601272534464475,0.17184615796486938,False,True,C:\Users\Owner\Desktop\Fall2023\CSE275\6D Pose\training_data_filtered\training_data\v2.2\1-14-7_color_kinect.png
2-70-5,bleach_cleanser,8,z2,1252,2.5053287780641327,0.4822466,0.7412432774308647,0.12490429052769408,1.7640855006332679,0.3573423170143439,0.2456204379562044,0.1745689012763811,False,True,C:\Users\Owner\Desktop\Fall2023\CSE275\6D Pose\training_data_filtered\training_data\v2.2\2-70-5_color_kinect.png
2-55-10,tuna_fish_can,57,zinf|x2,132,2.1704952336028795,0.1468863,0.7397431054977222,0.1267835270023377,1.4307521281051574,0.02010277701854396,0.5072463768115942,0.14190563774702472,False,True,C:\Users\Owner\Desktop\Fall2023\CSE275\6D Pose\training_data_filtered\training_data\v2.2\2-55-10_color_kinect.png
2-21-18,mustard_bottle,42,z2,1081,0.630100762295576,0.06039412,0.7392766198657137,0.16507153433462549,-0.1091758575701377,-0.10467741486331392,0.33895853423336547,0.16767595538352575,False,True,C:\Users\Owner\Desktop\Fall2023\CSE275\6D Pose\training_data_filtered\training_data\v2.2\2-21-18_color_kinect.png
2-93-9,master_chef_can,39,zinf|x2,378,1.7399111703047867,0.1856257,0.7375278438249623,0.11918692561185826,1.0023833264798245,0.0664387765308572,0.3319088319088319,0.17112916517348942,False,True,C:\Users\Owner\Desktop\Fall2023\CSE275\6D Pose\training_data_filtered\training_data\v2.2\2-93-9_color_kinect.png
2-21-14,gelatin_box,30,z2|x2,539,0.42583485228596096,0.12968315,0.7372575884789898,0.10147250667567494,-0.31142273619302885,0.0282106451654887,0.34065934065934067,0.17569912717940053,False,True,C:\Users\Owner\Desktop\Fall2023\CSE275\6D Pose\training_data_filtered\training_data\v2.2\2-21-14_color_kinect.png
1-74-12,master_chef_can,39,zinf|x2,364,0.7365190325681181,0.08130785,0.7365190325681181,0.08130785077810287,0.0,0.0,0.0,0.0,False,True,C:\Users\Owner\Desktop\Fall2023\CSE275\6D Pose\training_data_filtered\training_data\v2.2\1-74-12_color_kinect.png
2-70-3,gelatin_box,30,z2|x2,400,1.934182551783319,0.41039935,0.7351587269050184,0.11332131950552554,1.1990238248783007,0.2970780280381909,0.26593406593406593,0.16705336341275853,False,True,C:\Users\Owner\Desktop\Fall2023\CSE275\6D Pose\training_data_filtered\training_data\v2.2\2-70-3_color_kinect.png
1-46-0,tuna_fish_can,57,zinf|x2,143,5.343849518886912,0.11788431,0.730620373583686,0.12380753814559194,4.613229145303226,-0.005923230045845232,0.4492753623188406,0.1567723272346387,False,True,C:\Users\Owner\Desktop\Fall2023\CSE275\6D Pose\training_data_filtered\training_data\v2.2\1-46-0_color_kinect.png
2-29-1,rubiks_cube,52,z4|x4|y4,452,2.0659453198159063,0.31204346,0.7300369077469803,0.1479484209635043,1.335908412068926,0.1640950372598386,0.31497797356828194,0.16961950176006288,False,True,C:\Users\Owner\Desktop\Fall2023\CSE275\6D Pose\training_data_filtered\training_data\v2.2\2-29-1_color_kinect.png
2-1-6,gelatin_box,30,z2|x2,458,2.5621992848577677,0.1237468,0.7294362866217741,0.13164330785718956,1.8327629982359936,-0.007896510414753338,0.32146829810901,0.1666407048261128,False,True,C:\Users\Owner\Desktop\Fall2023\CSE275\6D Pose\training_data_filtered\training_data\v2.2\2-1-6_color_kinect.png
1-92-8,potted_meat_can,48,z2|x2,573,2.206611000768585,0.3278021,0.7283587544803559,0.14655966076546995,1.4782522462882288,0.18124243107145938,0.2155297532656023,0.17271152672653564,False,True,C:\Users\Owner\Desktop\Fall2023\CSE275\6D Pose\training_data_filtered\training_data\v2.2\1-92-8_color_kinect.png
2-9-10,tuna_fish_can,57,zinf|x2,124,1.0047467073509366,0.3075315,0.7266067505219361,0.20953398662030198,0.2781399568290005,0.0979975192028334,0.3719806763285024,0.16712649165479737,False,True,C:\Users\Owner\Desktop\Fall2023\CSE275\6D Pose\training_data_filtered\training_data\v2.2\2-9-10_color_kinect.png
1-32-1,tuna_fish_can,57,zinf|x2,130,0.8417738946047959,0.24308789,0.7265378987389027,0.12263931675097883,0.11523599586589317,0.12044857101299822,0.4492753623188406,0.1632697292308786,False,True,C:\Users\Owner\Desktop\Fall2023\CSE275\6D Pose\training_data_filtered\training_data\v2.2\1-32-1_color_kinect.png
1-83-6,pudding_box,51,z2|x2,202,3.6181789875528083,0.3211759,0.7238532231745195,0.11124297000500342,2.894325764378289,0.20993293307689048,0.46518105849582175,0.16667469663918436,False,True,C:\Users\Owner\Desktop\Fall2023\CSE275\6D Pose\training_data_filtered\training_data\v2.2\1-83-6_color_kinect.png
1-7-7,master_chef_can,39,zinf|x2,367,3.031906257356496,0.06343986,0.7225635985312144,0.13651835123287676,2.3093426588252814,-0.0730784902928972,0.3362193362193362,0.16732372350268748,False,True,C:\Users\Owner\Desktop\Fall2023\CSE275\6D Pose\training_data_filtered\training_data\v2.2\1-7-7_color_kinect.png
1-6-5,wood_block,58,z2|y2|x4,582,5.516737033822789,0.30663106,0.7223066319979491,0.14939588328063108,4.79443040182484,0.15723517517388247,0.336864406779661,0.17187925555236222,False,True,C:\Users\Owner\Desktop\Fall2023\CSE275\6D Pose\training_data_filtered\training_data\v2.2\1-6-5_color_kinect.png
2-2-2,master_chef_can,39,zinf|x2,366,1.3941749277212363,0.2186701,0.7222140994167028,0.10178090448213395,0.6719608283045335,0.11688919549154464,0.36894586894586895,0.1675705254347587,False,True,C:\Users\Owner\Desktop\Fall2023\CSE275\6D Pose\training_data_filtered\training_data\v2.2\2-2-2_color_kinect.png
1-8-1,potted_meat_can,48,z2|x2,805,2.3642589470812063,0.37769032,0.7218070811115361,0.1944986432420903,1.64245186596967,0.18319167200449174,0.28674873280231716,0.17255174102027257,False,True,C:\Users\Owner\Desktop\Fall2023\CSE275\6D Pose\training_data_filtered\training_data\v2.2\1-8-1_color_kinect.png
2-76-9,wood_block,58,z2|y2|x4,575,1.7620039478821972,0.14089417,0.7216593117340502,0.13918998273143718,1.040344636148147,0.0017041918443684856,0.3641188959660297,0.17481279753820536,False,True,C:\Users\Owner\Desktop\Fall2023\CSE275\6D Pose\training_data_filtered\training_data\v2.2\2-76-9_color_kinect.png
1-35-17,potted_meat_can,48,z2|x2,842,2.0129493677649566,0.34664267,0.7186438962105484,0.16656248803684295,1.2943054715544082,0.18008018497875153,0.2946298984034833,0.17130091796890462,False,True,C:\Users\Owner\Desktop\Fall2023\CSE275\6D Pose\training_data_filtered\training_data\v2.2\1-35-17_color_kinect.png
2-38-17,tuna_fish_can,57,zinf|x2,129,4.650331548153723,0.07549949,0.717843657472996,0.10262176347096538,3.9324878906807266,-0.02712227356751537,0.4251207729468599,0.1663569937740833,False,True,C:\Users\Owner\Desktop\Fall2023\CSE275\6D Pose\training_data_filtered\training_data\v2.2\2-38-17_color_kinect.png
2-23-6,wood_block,58,z2|y2|x4,496,1.6977135719821628,0.3120622,0.7175117432084209,0.2529766011334695,0.9802018287737418,0.059085602750655275,0.2770700636942675,0.1710130176659898,False,True,C:\Users\Owner\Desktop\Fall2023\CSE275\6D Pose\training_data_filtered\training_data\v2.2\2-23-6_color_kinect.png
2-58-11,g_lego_duplo,29,z2,406,4.437763315961717,0.11624168,0.7172588779447266,0.16636682660708144,3.72050443801699,-0.05012514801153853,0.32063882063882065,0.1742366175425763,False,True,C:\Users\Owner\Desktop\Fall2023\CSE275\6D Pose\training_data_filtered\training_data\v2.2\2-58-11_color_kinect.png
2-82-9,tuna_fish_can,57,zinf|x2,123,4.254313681175444,0.12093089,0.7171625994991436,0.11674791203367052,3.5371510816763,0.004182975725061322,0.3961352657004831,0.16562241673151035,False,True,C:\Users\Owner\Desktop\Fall2023\CSE275\6D Pose\training_data_filtered\training_data\v2.2\2-82-9_color_kinect.png
2-19-6,jenga,35,z2|x2,503,4.267926873856795,0.7024822,0.715334636667848,0.1134585206122222,3.552592237188947,0.58902370289852,0.2412199630314233,0.16729370499064053,False,True,C:\Users\Owner\Desktop\Fall2023\CSE275\6D Pose\training_data_filtered\training_data\v2.2\2-19-6_color_kinect.png
2-82-9,e_lego_duplo,20,z2,375,0.7146964797405702,0.26989585,0.7146964797405702,0.26989585161209106,0.0,0.0,0.0,0.0,False,True,C:\Users\Owner\Desktop\Fall2023\CSE275\6D Pose\training_data_filtered\training_data\v2.2\2-82-9_color_kinect.png
1-36-9,potted_meat_can,48,z2|x2,811,2.0932310150255367,0.17671685,0.714221885522618,0.13850567930117932,1.3790091295029185,0.03821116990669879,0.3127721335268505,0.1765773741651891,False,True,C:\Users\Owner\Desktop\Fall2023\CSE275\6D Pose\training_data_filtered\training_data\v2.2\1-36-9_color_kinect.png
1-13-7,master_chef_can,39,zinf|x2,380,3.9694578681546906,0.09149722,0.7141838078210362,0.14346254822359059,3.2552740603336545,-0.051965328124618265,0.33905579399141633,0.170618063295533,False,True,C:\Users\Owner\Desktop\Fall2023\CSE275\6D Pose\training_data_filtered\training_data\v2.2\1-13-7_color_kinect.png
1-15-15,rubiks_cube,52,z4|x4|y4,482,1.4632127405231323,0.13467877,0.711521699786749,0.11638935266221065,0.7516910407363834,0.018289413469190413,0.3392070484581498,0.16888553816516483,False,True,C:\Users\Owner\Desktop\Fall2023\CSE275\6D Pose\training_data_filtered\training_data\v2.2\1-15-15_color_kinect.png
1-1-16,potted_meat_can,48,z2|x2,635,3.086426724054446,0.29974693,0.7079727716631543,0.1367318680844787,2.3784539523912915,0.16301506251473394,0.24457308248914617,0.17154230136243523,False,True,C:\Users\Owner\Desktop\Fall2023\CSE275\6D Pose\training_data_filtered\training_data\v2.2\1-1-16_color_kinect.png
2-4-10,gelatin_box,30,z2|x2,525,1.6547298462749775,0.1450805,0.7057778499368489,0.08043019654791873,0.9489519963381287,0.06465031025368649,0.3551912568306011,0.17494413585350657,False,True,C:\Users\Owner\Desktop\Fall2023\CSE275\6D Pose\training_data_filtered\training_data\v2.2\2-4-10_color_kinect.png
2-7-10,bleach_cleanser,8,z2,1451,0.6995332434961429,0.19755839,0.6995332434961429,0.19755838811397552,0.0,0.0,0.0,0.0,False,True,C:\Users\Owner\Desktop\Fall2023\CSE275\6D Pose\training_data_filtered\training_data\v2.2\2-7-10_color_kinect.png
2-23-8,rubiks_cube,52,z4|x4|y4,497,2.9833299876137223,0.14227813,0.6992356981860615,0.12250198681827175,2.284094289427661,0.01977614800457371,0.3579295154185022,0.1709132403620046,False,True,C:\Users\Owner\Desktop\Fall2023\CSE275\6D Pose\training_data_filtered\training_data\v2.2\2-23-8_color_kinect.png
1-14-12,wood_block,58,z2|y2|x4,578,1.1890565492313452,0.20318131,0.6982290018195666,0.11706237953526095,0.4908275474117786,0.0861189319528906,0.35100742311770944,0.1672091047249773,False,True,C:\Users\Owner\Desktop\Fall2023\CSE275\6D Pose\training_data_filtered\training_data\v2.2\1-14-12_color_kinect.png
2-45-5,gelatin_box,30,z2|x2,482,2.5576985551542295,0.11575924,0.6972903655179615,0.10491860071630574,1.860408189636268,0.010840637884425158,0.33296703296703295,0.1721391023748962,False,True,C:\Users\Owner\Desktop\Fall2023\CSE275\6D Pose\training_data_filtered\training_data\v2.2\2-45-5_color_kinect.png
1-54-18,potted_meat_can,48,z2|x2,670,0.4466787427428747,0.40371934,0.6955231155214563,0.12511417342942327,-0.24884437277858157,0.2786051623650256,0.2757619738751814,0.17842415072306037,False,True,C:\Users\Owner\Desktop\Fall2023\CSE275\6D Pose\training_data_filtered\training_data\v2.2\1-54-18_color_kinect.png
1-57-10,tomato_soup_can,56,zinf|x2,693,2.6391548797770357,0.16753753,0.6941430095059444,0.13374725345754326,1.9450118702710912,0.03379027183866798,0.29524539877300615,0.16778445954120003,False,True,C:\Users\Owner\Desktop\Fall2023\CSE275\6D Pose\training_data_filtered\training_data\v2.2\1-57-10_color_kinect.png
2-47-11,d_toy_airplane,18,zinf,128,1.064395436535628,0.059273973,0.6936649129461828,0.18486435660642084,0.37073052358944525,-0.12559038349908289,0.33974358974358976,0.1646597464162538,False,True,C:\Users\Owner\Desktop\Fall2023\CSE275\6D Pose\training_data_filtered\training_data\v2.2\2-47-11_color_kinect.png
2-56-0,tuna_fish_can,57,zinf|x2,131,0.8888812247167825,0.045939315,0.6925804705966266,0.11105489474755408,0.1963007541201559,-0.06511557963710905,0.41545893719806765,0.16400170011318807,False,True,C:\Users\Owner\Desktop\Fall2023\CSE275\6D Pose\training_data_filtered\training_data\v2.2\2-56-0_color_kinect.png
1-34-7,potted_meat_can,48,z2|x2,611,0.6812727849182234,0.25040022,0.6924050310808268,0.12559551924263918,-0.011132246162603443,0.12480469614470519,0.27866473149492016,0.17404563369683448,False,True,C:\Users\Owner\Desktop\Fall2023\CSE275\6D Pose\training_data_filtered\training_data\v2.2\1-34-7_color_kinect.png
1-14-7,rubiks_cube,52,z4|x4|y4,496,0.6921092290480817,0.12621936,0.6921092290480817,0.12621936202049255,0.0,0.0,0.0,0.0,False,True,C:\Users\Owner\Desktop\Fall2023\CSE275\6D Pose\training_data_filtered\training_data\v2.2\1-14-7_color_kinect.png
2-17-9,c_toy_airplane,13,zinf,183,0.23877297627688765,0.098375775,0.6912245929252113,0.2010703317707906,-0.4524516166483237,-0.10269455685080386,0.35658914728682173,0.16410624831412585,False,True,C:\Users\Owner\Desktop\Fall2023\CSE275\6D Pose\training_data_filtered\training_data\v2.2\2-17-9_color_kinect.png
1-86-9,tuna_fish_can,57,zinf|x2,123,4.837569227932643,0.071808666,0.6901884987010497,0.15065250800529845,4.147380729231593,-0.07884384201446898,0.41545893719806765,0.16567292398823963,False,True,C:\Users\Owner\Desktop\Fall2023\CSE275\6D Pose\training_data_filtered\training_data\v2.2\1-86-9_color_kinect.png
2-60-7,tomato_soup_can,56,zinf|x2,699,0.2436703670169034,0.13054709,0.689486991844187,0.24897299516050161,-0.4458166248272837,-0.11842590379564108,0.2790335151987529,0.18059821307320367,False,True,C:\Users\Owner\Desktop\Fall2023\CSE275\6D Pose\training_data_filtered\training_data\v2.2\2-60-7_color_kinect.png
1-53-6,gelatin_box,30,z2|x2,529,1.1775166921301428,0.19625434,0.6849890311708573,0.10785853919748853,0.49252766095928546,0.0883958035969298,0.3964757709251101,0.1675369021923689,False,True,C:\Users\Owner\Desktop\Fall2023\CSE275\6D Pose\training_data_filtered\training_data\v2.2\1-53-6_color_kinect.png
1-15-15,tuna_fish_can,57,zinf|x2,132,3.973304508026834,0.0860571,0.6833786677052213,0.1107699026695784,3.289925840321613,-0.024712805949836575,0.4567307692307692,0.16950811584198472,False,True,C:\Users\Owner\Desktop\Fall2023\CSE275\6D Pose\training_data_filtered\training_data\v2.2\1-15-15_color_kinect.png
1-1-4,wood_block,58,z2|y2|x4,553,1.0307150891152699,0.1690702,0.6832053351927129,0.09456552075428723,0.347509753922557,0.07450467837767841,0.3336875664187035,0.1725597268286812,False,True,C:\Users\Owner\Desktop\Fall2023\CSE275\6D Pose\training_data_filtered\training_data\v2.2\1-1-4_color_kinect.png
1-14-12,rubiks_cube,52,z4|x4|y4,493,2.4460935965476036,0.14587517,0.683141171760026,0.13890239510383984,1.7629524247875776,0.006972775723072089,0.312707182320442,0.17515208153406298,False,True,C:\Users\Owner\Desktop\Fall2023\CSE275\6D Pose\training_data_filtered\training_data\v2.2\1-14-12_color_kinect.png
1-99-12,wood_block,58,z2|y2|x4,519,0.5563685044080398,0.12904777,0.6821503632376015,0.13951861464515167,-0.12578185882956172,-0.010470848317293696,0.31210191082802546,0.17515101048932777,False,True,C:\Users\Owner\Desktop\Fall2023\CSE275\6D Pose\training_data_filtered\training_data\v2.2\1-99-12_color_kinect.png
1-1-16,master_chef_can,39,zinf|x2,367,3.777187523561403,0.04878465,0.6820743760975619,0.0995195914279931,3.095113147463841,-0.050734940565776154,0.37945791726105566,0.16368764586824935,False,True,C:\Users\Owner\Desktop\Fall2023\CSE275\6D Pose\training_data_filtered\training_data\v2.2\1-1-16_color_kinect.png
1-58-16,potted_meat_can,48,z2|x2,803,3.310385718730246,0.2279722,0.681952071473986,0.12927034823453096,2.6284336472562604,0.09870184631789061,0.2880986937590711,0.17298834773867403,False,True,C:\Users\Owner\Desktop\Fall2023\CSE275\6D Pose\training_data_filtered\training_data\v2.2\1-58-16_color_kinect.png
2-63-13,mustard_bottle,42,z2,1098,1.0175661589160603,0.10654442,0.6815377733198508,0.20403963667214928,0.3360283855962095,-0.097495216549049,0.3272552783109405,0.16914766790733549,False,True,C:\Users\Owner\Desktop\Fall2023\CSE275\6D Pose\training_data_filtered\training_data\v2.2\2-63-13_color_kinect.png
2-71-10,mustard_bottle,42,z2,1091,1.7246869933576152,0.10322101,0.6807635373650947,0.17039099545964115,1.0439234559925206,-0.06716998876818531,0.2989443378119002,0.16855510233830284,False,True,C:\Users\Owner\Desktop\Fall2023\CSE275\6D Pose\training_data_filtered\training_data\v2.2\2-71-10_color_kinect.png
1-31-0,wood_block,58,z2|y2|x4,567,1.35258241723683,0.157259,0.680018542341478,0.11591681473177631,0.672563874895352,0.04134218759614269,0.35668789808917195,0.16702545166853086,False,True,C:\Users\Owner\Desktop\Fall2023\CSE275\6D Pose\training_data_filtered\training_data\v2.2\1-31-0_color_kinect.png
2-29-1,tomato_soup_can,56,zinf|x2,545,0.6786377636558284,0.25246555,0.6786377636558284,0.25246554613113403,0.0,0.0,0.0,0.0,False,True,C:\Users\Owner\Desktop\Fall2023\CSE275\6D Pose\training_data_filtered\training_data\v2.2\2-29-1_color_kinect.png
1-60-16,gelatin_box,30,z2|x2,492,1.2590477609307658,0.066736884,0.6785662048427216,0.0961164810892726,0.5804815560880442,-0.029379596674122918,0.34065934065934067,0.16499489111713111,False,True,C:\Users\Owner\Desktop\Fall2023\CSE275\6D Pose\training_data_filtered\training_data\v2.2\1-60-16_color_kinect.png
2-23-6,foam_brick,26,z2|x4|y2,531,1.006570875072469,0.2854783,0.6784857282596211,0.14016274563819814,0.32808514681284784,0.1453155482575233,0.32941176470588235,0.1758698556677913,False,True,C:\Users\Owner\Desktop\Fall2023\CSE275\6D Pose\training_data_filtered\training_data\v2.2\2-23-6_color_kinect.png
1-95-11,tomato_soup_can,56,zinf|x2,713,0.6779700467891379,0.26049465,0.6779700467891379,0.2604946494102478,0.0,0.0,0.0,0.0,False,True,C:\Users\Owner\Desktop\Fall2023\CSE275\6D Pose\training_data_filtered\training_data\v2.2\1-95-11_color_kinect.png
2-45-5,d_toy_airplane,18,zinf,134,1.9852605021250074,0.2498344,0.6778447176913468,0.0946588867185083,1.3074157844336605,0.15517551667714446,0.34294871794871795,0.17942808255575962,False,True,C:\Users\Owner\Desktop\Fall2023\CSE275\6D Pose\training_data_filtered\training_data\v2.2\2-45-5_color_kinect.png
2-13-16,mustard_bottle,42,z2,871,0.4155783048102969,0.16471432,0.6775768463384174,0.1145753542110779,-0.2619985415281205,0.05013896728302458,0.20388349514563106,0.17552869757228964,False,True,C:\Users\Owner\Desktop\Fall2023\CSE275\6D Pose\training_data_filtered\training_data\v2.2\2-13-16_color_kinect.png
2-35-10,wood_block,58,z2|y2|x4,544,1.3684294468462261,0.16414978,0.6770971308896465,0.16497194077820157,0.6913323159565796,-0.0008221646770892044,0.3205944798301486,0.17167403110172672,False,True,C:\Users\Owner\Desktop\Fall2023\CSE275\6D Pose\training_data_filtered\training_data\v2.2\2-35-10_color_kinect.png
1-5-19,pudding_box,51,z2|x2,210,0.6751031273505502,0.09437014,0.6751031273505502,0.09437014162540436,0.0,0.0,0.0,0.0,False,True,C:\Users\Owner\Desktop\Fall2023\CSE275\6D Pose\training_data_filtered\training_data\v2.2\1-5-19_color_kinect.png
1-84-16,wood_block,58,z2|y2|x4,479,0.6717589424664387,0.17308688,0.6717589424664387,0.17308688163757324,0.0,0.0,0.0,0.0,False,True,C:\Users\Owner\Desktop\Fall2023\CSE275\6D Pose\training_data_filtered\training_data\v2.2\1-84-16_color_kinect.png
1-32-5,potted_meat_can,48,z2|x2,850,3.9468964901079095,0.16528688,0.6686961266675218,0.15623692242145581,3.278200363440388,0.009049961290359065,0.2880986937590711,0.17244491526865988,False,True,C:\Users\Owner\Desktop\Fall2023\CSE275\6D Pose\training_data_filtered\training_data\v2.2\1-32-5_color_kinect.png
2-91-11,jenga,35,z2|x2,659,1.292650974678182,0.18892781,0.668308401146129,0.10758666687224756,0.624342573532053,0.08134114749218573,0.34288354898336415,0.16759705565254338,False,True,C:\Users\Owner\Desktop\Fall2023\CSE275\6D Pose\training_data_filtered\training_data\v2.2\2-91-11_color_kinect.png
1-31-0,tuna_fish_can,57,zinf|x2,135,1.3263581924045909,0.099595554,0.66512191682784,0.1201573999973805,0.6612362755767508,-0.02056184582438779,0.4057971014492754,0.1638957730893529,False,True,C:\Users\Owner\Desktop\Fall2023\CSE275\6D Pose\training_data_filtered\training_data\v2.2\1-31-0_color_kinect.png
2-34-12,wood_block,58,z2|y2|x4,565,1.7041114500346437,0.05551798,0.6617296940759061,0.13860714044876174,1.0423817559587376,-0.08308916148252563,0.36836518046709127,0.16695554282383834,False,True,C:\Users\Owner\Desktop\Fall2023\CSE275\6D Pose\training_data_filtered\training_data\v2.2\2-34-12_color_kinect.png
1-47-6,tuna_fish_can,57,zinf|x2,130,3.1451123241074352,0.09595025,0.6611170869158011,0.14880666898453565,2.483995237191634,-0.052856415676716284,0.41545893719806765,0.1644439854400828,False,True,C:\Users\Owner\Desktop\Fall2023\CSE275\6D Pose\training_data_filtered\training_data\v2.2\1-47-6_color_kinect.png
1-65-10,wood_block,58,z2|y2|x4,561,2.1923279106596816,0.15865178,0.6608595142636754,0.09925210178298885,1.531468396396006,0.05939968227939671,0.3492569002123142,0.1706514808821203,False,True,C:\Users\Owner\Desktop\Fall2023\CSE275\6D Pose\training_data_filtered\training_data\v2.2\1-65-10_color_kinect.png
1-1-4,master_chef_can,39,zinf|x2,369,0.4924005929049747,0.07949699,0.6595338662826269,0.1289750908818413,-0.16713327337765221,-0.04947810371782077,0.3522727272727273,0.16876066663227815,False,True,C:\Users\Owner\Desktop\Fall2023\CSE275\6D Pose\training_data_filtered\training_data\v2.2\1-1-4_color_kinect.png
2-98-20,wood_block,58,z2|y2|x4,246,3.5455638798289666,0.4894462,0.6584835240893154,0.12287490644760325,2.887080355739651,0.3665712865322094,0.19957537154989385,0.169232826168174,False,True,C:\Users\Owner\Desktop\Fall2023\CSE275\6D Pose\training_data_filtered\training_data\v2.2\2-98-20_color_kinect.png
2-12-2,cracker_box,14,z2|x2,192,1.9280495606363321,0.033109844,0.6507442853459102,0.13164572491946833,1.277305275290422,-0.09853588118854181,0.4375,0.16962750635671078,False,True,C:\Users\Owner\Desktop\Fall2023\CSE275\6D Pose\training_data_filtered\training_data\v2.2\2-12-2_color_kinect.png
1-60-16,jenga,35,z2|x2,694,1.0452594874302934,0.20847854,0.6498348304941837,0.11716319944912916,0.39542465693610973,0.09131534073298449,0.2902033271719039,0.17749986441981416,False,True,C:\Users\Owner\Desktop\Fall2023\CSE275\6D Pose\training_data_filtered\training_data\v2.2\1-60-16_color_kinect.png
2-63-13,jenga,35,z2|x2,528,3.6471407518268215,0.28978863,0.6483635611855255,0.15150178095473746,2.998777190641296,0.13828685263023874,0.29944547134935307,0.13988763450803243,False,True,C:\Users\Owner\Desktop\Fall2023\CSE275\6D Pose\training_data_filtered\training_data\v2.2\2-63-13_color_kinect.png
2-68-12,wood_block,58,z2|y2|x4,539,0.6453143320684014,0.22969449,0.6453143320684014,0.22969448566436768,0.0,0.0,0.0,0.0,False,True,C:\Users\Owner\Desktop\Fall2023\CSE275\6D Pose\training_data_filtered\training_data\v2.2\2-68-12_color_kinect.png
2-98-20,tuna_fish_can,57,zinf|x2,127,2.725763099937528,0.08073213,0.6440883418136079,0.10952474318234044,2.0816747581239206,-0.028792613668123065,0.42995169082125606,0.16816466208309316,False,True,C:\Users\Owner\Desktop\Fall2023\CSE275\6D Pose\training_data_filtered\training_data\v2.2\2-98-20_color_kinect.png
2-45-5,g_lego_duplo,29,z2,427,2.3151712614821727,0.20977475,0.643683689890051,0.1581408371505309,1.6714875715921216,0.051633910340351974,0.3464373464373464,0.17194503180478685,False,True,C:\Users\Owner\Desktop\Fall2023\CSE275\6D Pose\training_data_filtered\training_data\v2.2\2-45-5_color_kinect.png
2-67-12,potted_meat_can,48,z2|x2,791,0.8961083829029323,0.2609463,0.6410251618124008,0.13318528374105004,0.2550832210905315,0.12776101986498328,0.31422351233671986,0.17354937157678127,False,True,C:\Users\Owner\Desktop\Fall2023\CSE275\6D Pose\training_data_filtered\training_data\v2.2\2-67-12_color_kinect.png
2-98-18,prism,50,z2,241,2.149748526474492,0.14822352,0.6405817641875208,0.13785591125160598,1.5091667622869713,0.010367608073650364,0.38366336633663367,0.16260685518711826,False,True,C:\Users\Owner\Desktop\Fall2023\CSE275\6D Pose\training_data_filtered\training_data\v2.2\2-98-18_color_kinect.png
1-12-2,rubiks_cube,52,z4|x4|y4,489,2.470107215488582,0.10523632,0.6402441053618396,0.1395656903701604,1.8298631101267424,-0.03432936868246203,0.34497816593886466,0.17088732582280391,False,True,C:\Users\Owner\Desktop\Fall2023\CSE275\6D Pose\training_data_filtered\training_data\v2.2\1-12-2_color_kinect.png
2-17-9,jenga,35,z2|x2,691,2.4270786957245907,0.20501097,0.6398873028671096,0.1888109111397978,1.7871913928574812,0.01620005432670152,0.33271719038817005,0.17850280279030642,False,True,C:\Users\Owner\Desktop\Fall2023\CSE275\6D Pose\training_data_filtered\training_data\v2.2\2-17-9_color_kinect.png
1-49-20,tuna_fish_can,57,zinf|x2,132,2.693533538920498,0.04873799,0.6396060432202272,0.166732039353666,2.053927495700271,-0.1179940477524373,0.47342995169082125,0.16151376187079916,False,True,C:\Users\Owner\Desktop\Fall2023\CSE275\6D Pose\training_data_filtered\training_data\v2.2\1-49-20_color_kinect.png
1-86-1,tomato_soup_can,56,zinf|x2,726,0.6393627703188692,0.1966491,0.6393627703188692,0.19664910435676575,0.0,0.0,0.0,0.0,False,True,C:\Users\Owner\Desktop\Fall2023\CSE275\6D Pose\training_data_filtered\training_data\v2.2\1-86-1_color_kinect.png
1-19-18,pudding_box,51,z2|x2,210,0.5576355745346807,0.018321898,0.6369373739749914,0.09297383218199809,-0.07930179944031068,-0.07465193434745868,0.38997214484679665,0.1643857716939071,False,True,C:\Users\Owner\Desktop\Fall2023\CSE275\6D Pose\training_data_filtered\training_data\v2.2\1-19-18_color_kinect.png
1-8-1,jenga,35,z2|x2,685,1.3700669067055866,0.19382773,0.6367150730125991,0.11416942423575313,0.7333518336929875,0.0796583091617307,0.355822550831793,0.1585808952778175,False,True,C:\Users\Owner\Desktop\Fall2023\CSE275\6D Pose\training_data_filtered\training_data\v2.2\1-8-1_color_kinect.png
1-93-18,tomato_soup_can,56,zinf|x2,669,0.6324801123248696,0.24626976,0.6324801123248696,0.24626976251602173,0.0,0.0,0.0,0.0,False,True,C:\Users\Owner\Desktop\Fall2023\CSE275\6D Pose\training_data_filtered\training_data\v2.2\1-93-18_color_kinect.png
2-93-1,jenga,35,z2|x2,668,0.33309754776750544,0.12161821,0.6313597862139385,0.21172369316278336,-0.29826223844643307,-0.0901054818934047,0.28188539741219965,0.17140798157723583,False,True,C:\Users\Owner\Desktop\Fall2023\CSE275\6D Pose\training_data_filtered\training_data\v2.2\2-93-1_color_kinect.png
1-4-17,potted_meat_can,48,z2|x2,743,1.0868445708308436,0.47823992,0.6292003490603657,0.152144768953093,0.4576442217704779,0.3260951547624984,0.2680788897005113,0.16861764978452906,False,True,C:\Users\Owner\Desktop\Fall2023\CSE275\6D Pose\training_data_filtered\training_data\v2.2\1-4-17_color_kinect.png
2-59-12,rubiks_cube,52,z4|x4|y4,514,1.027404326310056,0.08940964,0.6288083699953754,0.12014946391618632,0.3985959563146807,-0.030739821994666086,0.3634361233480176,0.16913970368823109,False,True,C:\Users\Owner\Desktop\Fall2023\CSE275\6D Pose\training_data_filtered\training_data\v2.2\2-59-12_color_kinect.png
1-4-17,wood_block,58,z2|y2|x4,606,1.50987997551506,0.15586945,0.626045824317941,0.11105729622799057,0.8838341511971191,0.04481215791744095,0.3503184713375796,0.17123024940683507,False,True,C:\Users\Owner\Desktop\Fall2023\CSE275\6D Pose\training_data_filtered\training_data\v2.2\1-4-17_color_kinect.png
1-22-20,tuna_fish_can,57,zinf|x2,127,1.265619894599228,0.10971265,0.624839975473561,0.23098667956736027,0.6407799191256671,-0.12127402670528828,0.3588516746411483,0.1519009300570541,False,True,C:\Users\Owner\Desktop\Fall2023\CSE275\6D Pose\training_data_filtered\training_data\v2.2\1-22-20_color_kinect.png
1-40-17,potted_meat_can,48,z2|x2,832,1.7416468162103091,0.25349927,0.6228513313189996,0.13864168928914813,1.1187954848913095,0.1148575801963255,0.30551523947750364,0.17188874744342386,False,True,C:\Users\Owner\Desktop\Fall2023\CSE275\6D Pose\training_data_filtered\training_data\v2.2\1-40-17_color_kinect.png
1-32-5,wood_block,58,z2|y2|x4,490,0.8276347139033111,0.26634425,0.6209229189879731,0.10080618474492539,0.20671179491533798,0.16553806450357925,0.2951167728237792,0.17197644466470666,False,True,C:\Users\Owner\Desktop\Fall2023\CSE275\6D Pose\training_data_filtered\training_data\v2.2\1-32-5_color_kinect.png
2-4-5,master_chef_can,39,zinf|x2,378,1.8745151904298658,0.118862405,0.6192717039939843,0.1385785272787793,1.2552434864358815,-0.01971612185942964,0.36324786324786323,0.1669508523175405,False,True,C:\Users\Owner\Desktop\Fall2023\CSE275\6D Pose\training_data_filtered\training_data\v2.2\2-4-5_color_kinect.png
2-23-9,gelatin_box,30,z2|x2,562,1.7985477245646062,0.14606398,0.6181237054778171,0.097792588015764,1.180424019086789,0.04827139542463517,0.3516483516483517,0.17097636022684293,False,True,C:\Users\Owner\Desktop\Fall2023\CSE275\6D Pose\training_data_filtered\training_data\v2.2\2-23-9_color_kinect.png
2-6-3,jenga,35,z2|x2,642,1.4989814270178894,0.08526989,0.6175366383806806,0.13804460146538508,0.8814447886372088,-0.05277471073977244,0.32624768946395566,0.1631065837964505,False,True,C:\Users\Owner\Desktop\Fall2023\CSE275\6D Pose\training_data_filtered\training_data\v2.2\2-6-3_color_kinect.png
1-40-17,gelatin_box,30,z2|x2,389,0.6164179035753773,0.16534068,0.6164179035753773,0.16534067690372467,0.0,0.0,0.0,0.0,False,True,C:\Users\Owner\Desktop\Fall2023\CSE275\6D Pose\training_data_filtered\training_data\v2.2\1-40-17_color_kinect.png
2-35-4,nine_hole_peg_test,43,no,345,2.018026486853079,0.16518542,0.6145296331654774,0.11663281623250617,1.4034968536876016,0.048552605472739804,0.4027072758037225,0.16334937073996386,False,True,C:\Users\Owner\Desktop\Fall2023\CSE275\6D Pose\training_data_filtered\training_data\v2.2\2-35-4_color_kinect.png
1-24-8,tuna_fish_can,57,zinf|x2,128,1.4315518036503694,0.075737394,0.6140271371229337,0.150296842609037,0.8175246665274357,-0.07455944821654661,0.4375,0.15666555137947938,False,True,C:\Users\Owner\Desktop\Fall2023\CSE275\6D Pose\training_data_filtered\training_data\v2.2\1-24-8_color_kinect.png
2-42-15,g_lego_duplo,29,z2,395,2.3429868133305956,0.082752176,0.6120922262003948,0.15495133630824945,1.7308945871302006,-0.0721991606791105,0.32432432432432434,0.16115370404994922,False,True,C:\Users\Owner\Desktop\Fall2023\CSE275\6D Pose\training_data_filtered\training_data\v2.2\2-42-15_color_kinect.png
1-49-19,wood_block,58,z2|y2|x4,541,0.610678282602079,0.24476586,0.610678282602079,0.24476586282253265,0.0,0.0,0.0,0.0,False,True,C:\Users\Owner\Desktop\Fall2023\CSE275\6D Pose\training_data_filtered\training_data\v2.2\1-49-19_color_kinect.png
2-11-1,bleach_cleanser,8,z2,1503,1.4674197165399374,0.39835268,0.6100931621264138,0.0666597062866773,0.8573265544135236,0.33169297630380734,0.26463104325699743,0.17238731290334666,False,True,C:\Users\Owner\Desktop\Fall2023\CSE275\6D Pose\training_data_filtered\training_data\v2.2\2-11-1_color_kinect.png
1-7-6,wood_block,58,z2|y2|x4,559,1.3383989390600106,0.2005736,0.6100264971037312,0.1251933842407246,0.7283724419562794,0.07538020913734242,0.3601694915254237,0.16930318798974592,False,True,C:\Users\Owner\Desktop\Fall2023\CSE275\6D Pose\training_data_filtered\training_data\v2.2\1-7-6_color_kinect.png
2-14-17,c_toy_airplane,13,zinf,168,0.6027857857543371,0.087636724,0.6027857857543371,0.08763672411441803,0.0,0.0,0.0,0.0,False,True,C:\Users\Owner\Desktop\Fall2023\CSE275\6D Pose\training_data_filtered\training_data\v2.2\2-14-17_color_kinect.png
2-23-6,d_toy_airplane,18,zinf,130,1.4331766977561398,0.03233451,0.602708258939032,0.13501274581099568,0.8304684388171077,-0.10267823557401715,0.3557692307692308,0.16195582118277035,False,True,C:\Users\Owner\Desktop\Fall2023\CSE275\6D Pose\training_data_filtered\training_data\v2.2\2-23-6_color_kinect.png
1-41-5,wood_block,58,z2|y2|x4,544,1.3221201213857865,0.2842417,0.6002589736241022,0.1379798003434877,0.7218611477616843,0.1462619057894011,0.31210191082802546,0.169127479389955,False,True,C:\Users\Owner\Desktop\Fall2023\CSE275\6D Pose\training_data_filtered\training_data\v2.2\1-41-5_color_kinect.png
2-26-17,wood_block,58,z2|y2|x4,537,1.707437765121944,0.17008387,0.6001473296221701,0.10958111387478182,1.107290435499774,0.060502751648556494,0.3386411889596603,0.1765979970140935,False,True,C:\Users\Owner\Desktop\Fall2023\CSE275\6D Pose\training_data_filtered\training_data\v2.2\2-26-17_color_kinect.png
2-12-2,g_lego_duplo,29,z2,455,6.31084483589101,0.22173905,0.599867015929797,0.18467793711506544,5.710977819961213,0.037061116611130845,0.37125,0.16918755323453247,False,True,C:\Users\Owner\Desktop\Fall2023\CSE275\6D Pose\training_data_filtered\training_data\v2.2\2-12-2_color_kinect.png
2-77-11,potted_meat_can,48,z2|x2,744,1.2996905424643772,0.5145572,0.5991865762498964,0.10467317397764121,0.7005039662144809,0.4098840088112077,0.29680696661828737,0.1674733058207829,False,True,C:\Users\Owner\Desktop\Fall2023\CSE275\6D Pose\training_data_filtered\training_data\v2.2\2-77-11_color_kinect.png
2-26-17,mustard_bottle,42,z2,1078,0.6887979593225813,0.06178862,0.5987324717493959,0.14567426829541993,0.09006548757318533,-0.08388564973081422,0.3378119001919386,0.1690565472023513,False,True,C:\Users\Owner\Desktop\Fall2023\CSE275\6D Pose\training_data_filtered\training_data\v2.2\2-26-17_color_kinect.png
1-87-20,gelatin_box,30,z2|x2,497,5.019842629050715,0.0833201,0.5981857846186618,0.10172435412169221,4.421656844432054,-0.018404250535972153,0.35027624309392263,0.17258280531042594,False,True,C:\Users\Owner\Desktop\Fall2023\CSE275\6D Pose\training_data_filtered\training_data\v2.2\1-87-20_color_kinect.png
2-7-10,master_chef_can,39,zinf|x2,368,5.192998612267559,0.11238982,0.596696156366583,0.15510797188946515,4.596302455900975,-0.0427181540555647,0.30484330484330485,0.16716404805625973,False,True,C:\Users\Owner\Desktop\Fall2023\CSE275\6D Pose\training_data_filtered\training_data\v2.2\2-7-10_color_kinect.png
2-45-5,mustard_bottle,42,z2,888,8.572659935745854,0.27367347,0.5957310415477605,0.11932592751623887,7.976928894198093,0.1543475472724269,0.2010556621880998,0.16909684005932338,False,True,C:\Users\Owner\Desktop\Fall2023\CSE275\6D Pose\training_data_filtered\training_data\v2.2\2-45-5_color_kinect.png
2-29-1,wood_block,58,z2|y2|x4,461,2.0684490691657196,0.45396635,0.5911222710210781,0.11659782496544874,1.4773267981446416,0.3373685243978783,0.27282377919320594,0.16890032206097133,False,True,C:\Users\Owner\Desktop\Fall2023\CSE275\6D Pose\training_data_filtered\training_data\v2.2\2-29-1_color_kinect.png
1-3-1,potted_meat_can,48,z2|x2,674,3.2937417655911956,0.38203537,0.5886647107842119,0.08668351186104567,2.7050770548069836,0.2953518627803728,0.2710007304601899,0.16969381545569756,False,True,C:\Users\Owner\Desktop\Fall2023\CSE275\6D Pose\training_data_filtered\training_data\v2.2\1-3-1_color_kinect.png
1-56-1,potted_meat_can,48,z2|x2,844,2.498336100274063,0.18551055,0.5872640880229657,0.11203300765275859,1.9110720122510974,0.07347753831625081,0.29245283018867924,0.1713203638384497,False,True,C:\Users\Owner\Desktop\Fall2023\CSE275\6D Pose\training_data_filtered\training_data\v2.2\1-56-1_color_kinect.png
1-29-2,sugar_box,55,z2|x2,336,1.9973473989182282,0.14586356,0.5864502689125453,0.11598498163276749,1.410897130005683,0.029878581189574427,0.3486238532110092,0.1715123824584896,False,True,C:\Users\Owner\Desktop\Fall2023\CSE275\6D Pose\training_data_filtered\training_data\v2.2\1-29-2_color_kinect.png
1-30-6,tomato_soup_can,56,zinf|x2,676,0.585722620031784,0.18327996,0.585722620031784,0.18327996134757996,0.0,0.0,0.0,0.0,False,True,C:\Users\Owner\Desktop\Fall2023\CSE275\6D Pose\training_data_filtered\training_data\v2.2\1-30-6_color_kinect.png
2-29-1,gelatin_box,30,z2|x2,314,3.2370983063673435,0.37799722,0.5845559223469656,0.10181059820703056,2.6525423840203777,0.2761866213555,0.21978021978021978,0.1607032889119577,False,True,C:\Users\Owner\Desktop\Fall2023\CSE275\6D Pose\training_data_filtered\training_data\v2.2\2-29-1_color_kinect.png
1-20-2,tuna_fish_can,57,zinf|x2,133,3.283062660524631,0.05335805,0.5840385972782406,0.13496287590115,2.6990240632463904,-0.0816048277005427,0.43478260869565216,0.15803602040315143,False,True,C:\Users\Owner\Desktop\Fall2023\CSE275\6D Pose\training_data_filtered\training_data\v2.2\1-20-2_color_kinect.png
2-38-4,tuna_fish_can,57,zinf|x2,127,2.63943208026582,0.037558276,0.5836444379662665,0.16744918488809543,2.0557876422995536,-0.12989090868184047,0.4830917874396135,0.14210117694577198,False,True,C:\Users\Owner\Desktop\Fall2023\CSE275\6D Pose\training_data_filtered\training_data\v2.2\2-38-4_color_kinect.png
2-93-13,jenga,35,z2|x2,683,0.8668261700834109,0.07858326,0.5834534331177708,0.10770027995379124,0.28337273696564014,-0.029117017093016243,0.3410351201478743,0.16955820880518482,False,True,C:\Users\Owner\Desktop\Fall2023\CSE275\6D Pose\training_data_filtered\training_data\v2.2\2-93-13_color_kinect.png
1-48-15,wood_block,58,z2|y2|x4,550,2.4204741227813984,0.32594123,0.5832824976464925,0.1557113195813452,1.8371916251349059,0.17022991524569642,0.27388535031847133,0.17528528540166713,False,True,C:\Users\Owner\Desktop\Fall2023\CSE275\6D Pose\training_data_filtered\training_data\v2.2\1-48-15_color_kinect.png
2-74-10,bleach_cleanser,8,z2,1391,2.6860311859503017,0.16725133,0.5831583425968158,0.09199461007396421,2.102872843353486,0.07525672352035799,0.2591240875912409,0.17460669437655618,False,True,C:\Users\Owner\Desktop\Fall2023\CSE275\6D Pose\training_data_filtered\training_data\v2.2\2-74-10_color_kinect.png
2-71-10,potted_meat_can,48,z2|x2,809,3.663900087750511,0.4367913,0.5825968141451862,0.09040361187891535,3.0813032736053247,0.3463876888947053,0.30406386066763424,0.1696420134637536,False,True,C:\Users\Owner\Desktop\Fall2023\CSE275\6D Pose\training_data_filtered\training_data\v2.2\2-71-10_color_kinect.png
1-63-18,wood_block,58,z2|y2|x4,573,2.15439366456823,0.13984258,0.5815871825867742,0.11804399304887246,1.5728064819814558,0.02179859168032218,0.37154989384288745,0.17263105729791078,False,True,C:\Users\Owner\Desktop\Fall2023\CSE275\6D Pose\training_data_filtered\training_data\v2.2\1-63-18_color_kinect.png
1-57-12,tomato_soup_can,56,zinf|x2,720,2.888307474815166,0.2572956,0.5810683282771377,0.12942532651100563,2.3072391465380284,0.12787028200950218,0.3282208588957055,0.16939391007510238,False,True,C:\Users\Owner\Desktop\Fall2023\CSE275\6D Pose\training_data_filtered\training_data\v2.2\1-57-12_color_kinect.png
2-69-12,potted_meat_can,48,z2|x2,861,2.4797483566403735,0.23194209,0.581050139810844,0.11286708112196878,1.8986982168295294,0.11907500628991172,0.28737300435413643,0.16687584059613475,False,True,C:\Users\Owner\Desktop\Fall2023\CSE275\6D Pose\training_data_filtered\training_data\v2.2\2-69-12_color_kinect.png
1-3-1,wood_block,58,z2|y2|x4,495,1.5544808729152464,0.19808638,0.57887096955246,0.124469909918087,0.9756099033627864,0.07361647104047013,0.3255567338282078,0.17356204709269243,False,True,C:\Users\Owner\Desktop\Fall2023\CSE275\6D Pose\training_data_filtered\training_data\v2.2\1-3-1_color_kinect.png
1-56-17,potted_meat_can,48,z2|x2,504,5.638674733400721,0.73673856,0.5782980685347927,0.11583481194454756,5.060376664865927,0.6209037506393758,0.22859216255442671,0.16700458300213705,False,True,C:\Users\Owner\Desktop\Fall2023\CSE275\6D Pose\training_data_filtered\training_data\v2.2\1-56-17_color_kinect.png
2-11-1,jenga,35,z2|x2,647,1.1164783765386928,0.27297124,0.5738537699892275,0.15486437429215275,0.5426246065494652,0.11810686837409176,0.3687615526802218,0.15360468299096083,False,True,C:\Users\Owner\Desktop\Fall2023\CSE275\6D Pose\training_data_filtered\training_data\v2.2\2-11-1_color_kinect.png
2-96-0,tuna_fish_can,57,zinf|x2,99,2.386400187875748,0.16390982,0.5724406077375646,0.2481654424284302,1.8139595801381834,-0.08425561972602236,0.3140096618357488,0.13704629287119255,False,True,C:\Users\Owner\Desktop\Fall2023\CSE275\6D Pose\training_data_filtered\training_data\v2.2\2-96-0_color_kinect.png
1-74-12,tuna_fish_can,57,zinf|x2,131,3.3254818418357326,0.15586184,0.5703848759373013,0.12334405823470213,2.7550969658984314,0.03251778141735934,0.43478260869565216,0.1635961627246454,False,True,C:\Users\Owner\Desktop\Fall2023\CSE275\6D Pose\training_data_filtered\training_data\v2.2\1-74-12_color_kinect.png
1-22-20,pudding_box,51,z2|x2,225,2.0577830119453484,0.12739442,0.569588654000149,0.1647895314442784,1.4881943579451993,-0.03739510855552261,0.41225626740947074,0.16485400120625732,False,True,C:\Users\Owner\Desktop\Fall2023\CSE275\6D Pose\training_data_filtered\training_data\v2.2\1-22-20_color_kinect.png
2-35-4,wood_block,58,z2|y2|x4,568,0.7960062965762971,0.052306388,0.568690363906996,0.146981679051457,0.22731593266930106,-0.0946752914779764,0.3343949044585987,0.17051407922079473,False,True,C:\Users\Owner\Desktop\Fall2023\CSE275\6D Pose\training_data_filtered\training_data\v2.2\2-35-4_color_kinect.png
2-82-9,mustard_bottle,42,z2,1140,1.1144124620990195,0.19999868,0.5672072896523095,0.11998644516000884,0.54720517244671,0.08001223161687715,0.31573896353166986,0.1696869648297219,False,True,C:\Users\Owner\Desktop\Fall2023\CSE275\6D Pose\training_data_filtered\training_data\v2.2\2-82-9_color_kinect.png
1-54-6,gelatin_box,30,z2|x2,556,1.1830381687176938,0.2266204,0.5670024243145146,0.09094462695938516,0.6160357444031792,0.13567577895301414,0.34486607142857145,0.17267723059433948,False,True,C:\Users\Owner\Desktop\Fall2023\CSE275\6D Pose\training_data_filtered\training_data\v2.2\1-54-6_color_kinect.png
1-9-4,potted_meat_can,48,z2|x2,800,1.1968238330155125,0.34170264,0.5663715123088324,0.14671307083311813,0.6304523207066801,0.19498956922349198,0.30629978276611153,0.17133669775971375,False,True,C:\Users\Owner\Desktop\Fall2023\CSE275\6D Pose\training_data_filtered\training_data\v2.2\1-9-4_color_kinect.png
2-74-5,d_toy_airplane,18,zinf,123,0.8341169082832387,0.07466909,0.5660930495281856,0.11428757658304599,0.2680238587550531,-0.039618483689445524,0.29449838187702265,0.1633423811996673,False,True,C:\Users\Owner\Desktop\Fall2023\CSE275\6D Pose\training_data_filtered\training_data\v2.2\2-74-5_color_kinect.png
2-90-11,wood_block,58,z2|y2|x4,479,3.0575086839043863,0.103355855,0.5653727968236782,0.12753173039449076,2.492135887080708,-0.02417587564481119,0.33014861995753714,0.16643613367992557,False,True,C:\Users\Owner\Desktop\Fall2023\CSE275\6D Pose\training_data_filtered\training_data\v2.2\2-90-11_color_kinect.png
1-53-13,gelatin_box,30,z2|x2,527,2.7250997856092334,0.15820006,0.5643035902436649,0.16562049311340915,2.1607961953655686,-0.007420437752615083,0.3487348734873487,0.16593740979873883,False,True,C:\Users\Owner\Desktop\Fall2023\CSE275\6D Pose\training_data_filtered\training_data\v2.2\1-53-13_color_kinect.png
2-4-10,bleach_cleanser,8,z2,1592,1.56726209188408,0.31568858,0.5641651211471019,0.12347716273928147,1.0030969707369781,0.19221141753530044,0.23585598824393827,0.1685340998321489,False,True,C:\Users\Owner\Desktop\Fall2023\CSE275\6D Pose\training_data_filtered\training_data\v2.2\2-4-10_color_kinect.png
2-52-12,foam_brick,26,z2|x4|y2,271,6.055825103167874,0.30882028,0.5636386725398721,0.1443068554690716,5.492186430628002,0.16451342198339727,0.1844888366627497,0.1695134495905773,False,True,C:\Users\Owner\Desktop\Fall2023\CSE275\6D Pose\training_data_filtered\training_data\v2.2\2-52-12_color_kinect.png
1-56-1,gelatin_box,30,z2|x2,558,2.8163782004307496,0.30597326,0.5633019012830752,0.10866321741597648,2.2530762991476743,0.19731004417879586,0.3440265486725664,0.17502347485617872,False,True,C:\Users\Owner\Desktop\Fall2023\CSE275\6D Pose\training_data_filtered\training_data\v2.2\1-56-1_color_kinect.png
2-93-13,mustard_bottle,42,z2,1102,1.2142606096502846,0.13286506,0.5627770352496729,0.18816897214680492,0.6514835744006117,-0.05530391575127422,0.32773512476007677,0.16980362976304786,False,True,C:\Users\Owner\Desktop\Fall2023\CSE275\6D Pose\training_data_filtered\training_data\v2.2\2-93-13_color_kinect.png
2-6-14,jenga,35,z2|x2,683,1.4920798017730652,0.18683474,0.5614247217052393,0.09995734876877288,0.9306550800678259,0.08687738888972779,0.3465804066543438,0.1642384866631725,False,True,C:\Users\Owner\Desktop\Fall2023\CSE275\6D Pose\training_data_filtered\training_data\v2.2\2-6-14_color_kinect.png
2-7-9,gelatin_box,30,z2|x2,548,2.0240365123903494,0.16914965,0.5609865577629682,0.1192730113443016,1.4630499546273812,0.049876640779149634,0.3813186813186813,0.1736572566191911,False,True,C:\Users\Owner\Desktop\Fall2023\CSE275\6D Pose\training_data_filtered\training_data\v2.2\2-7-9_color_kinect.png
2-29-1,mustard_bottle,42,z2,1036,4.43100653552789,0.38012862,0.5603280665104307,0.07409265502509853,3.870678469017459,0.30603596702995517,0.3310940499040307,0.17173873835018397,False,True,C:\Users\Owner\Desktop\Fall2023\CSE275\6D Pose\training_data_filtered\training_data\v2.2\2-29-1_color_kinect.png
1-97-13,jenga,35,z2|x2,674,2.1273069869710155,0.051855173,0.5599764832869231,0.11159446018987217,1.5673305036840923,-0.059739287227921864,0.333641404805915,0.17123058186243642,False,True,C:\Users\Owner\Desktop\Fall2023\CSE275\6D Pose\training_data_filtered\training_data\v2.2\1-97-13_color_kinect.png
2-13-16,jenga,35,z2|x2,608,0.9707262905324353,0.36034226,0.5598930589704916,0.10878417454943062,0.41083323156194373,0.2515580896259844,0.28188539741219965,0.1728251892946373,False,True,C:\Users\Owner\Desktop\Fall2023\CSE275\6D Pose\training_data_filtered\training_data\v2.2\2-13-16_color_kinect.png
1-97-9,potted_meat_can,48,z2|x2,603,2.282936705435001,0.1943011,0.5568219530092925,0.12607421028628857,1.7261147524257083,0.06822688829884022,0.2467343976777939,0.16925016520967512,False,True,C:\Users\Owner\Desktop\Fall2023\CSE275\6D Pose\training_data_filtered\training_data\v2.2\1-97-9_color_kinect.png
2-9-10,e_toy_airplane,21,z2,134,4.757742209102583,0.13934806,0.5550224540574182,0.10973325755622428,4.202719755045164,0.029614802336430143,0.3246753246753247,0.1690939470870129,False,True,C:\Users\Owner\Desktop\Fall2023\CSE275\6D Pose\training_data_filtered\training_data\v2.2\2-9-10_color_kinect.png
1-37-4,tuna_fish_can,57,zinf|x2,131,3.9513930544698685,0.04248536,0.5548864111851646,0.12926359908942187,3.396506643284704,-0.08677823903325999,0.4106280193236715,0.15798671683004112,False,True,C:\Users\Owner\Desktop\Fall2023\CSE275\6D Pose\training_data_filtered\training_data\v2.2\1-37-4_color_kinect.png
1-65-10,potted_meat_can,48,z2|x2,824,3.2329516134875416,0.459524,0.553884563892453,0.12891056270618712,2.679067049595089,0.3306134429452869,0.3084179970972424,0.1700336173136555,False,True,C:\Users\Owner\Desktop\Fall2023\CSE275\6D Pose\training_data_filtered\training_data\v2.2\1-65-10_color_kinect.png
2-63-11,tuna_fish_can,57,zinf|x2,125,3.032030042733764,0.1099149,0.5536520323946851,0.15797232334952263,2.4783780103390787,-0.04805742447714714,0.42028985507246375,0.15906641701425292,False,True,C:\Users\Owner\Desktop\Fall2023\CSE275\6D Pose\training_data_filtered\training_data\v2.2\2-63-11_color_kinect.png
1-39-6,tuna_fish_can,57,zinf|x2,128,2.0569571488242455,0.025905311,0.5523796471976387,0.14813518652910704,1.5045775016266068,-0.12222987542147154,0.42995169082125606,0.1625916314674184,False,True,C:\Users\Owner\Desktop\Fall2023\CSE275\6D Pose\training_data_filtered\training_data\v2.2\1-39-6_color_kinect.png
1-13-11,wood_block,58,z2|y2|x4,599,1.1109101024069563,0.10206757,0.5523424601677176,0.1044732573056751,0.5585676422392387,-0.002405689897590227,0.31668437832093516,0.17094538263237014,False,True,C:\Users\Owner\Desktop\Fall2023\CSE275\6D Pose\training_data_filtered\training_data\v2.2\1-13-11_color_kinect.png
1-9-9,pudding_box,51,z2|x2,205,2.5392630164975776,0.08983211,0.5518405644165095,0.1450574054099708,1.9874224520810682,-0.0552252932168632,0.38095238095238093,0.16372589049229253,False,True,C:\Users\Owner\Desktop\Fall2023\CSE275\6D Pose\training_data_filtered\training_data\v2.2\1-9-9_color_kinect.png
2-64-20,tuna_fish_can,57,zinf|x2,129,0.8924402288595937,0.11658182,0.5494348125827404,0.13639398227669838,0.3430054162768533,-0.019812162325164112,0.48792270531400966,0.14755545154401098,False,True,C:\Users\Owner\Desktop\Fall2023\CSE275\6D Pose\training_data_filtered\training_data\v2.2\2-64-20_color_kinect.png
2-26-12,rubiks_cube,52,z4|x4|y4,496,2.316446588012664,0.13432732,0.5488597652873928,0.12055303686307338,1.7675868227252711,0.013774285381570786,0.3502202643171806,0.17256933301824545,False,True,C:\Users\Owner\Desktop\Fall2023\CSE275\6D Pose\training_data_filtered\training_data\v2.2\2-26-12_color_kinect.png
2-63-8,potted_meat_can,48,z2|x2,804,2.829894341225362,0.2491001,0.5479716940640038,0.07091001032509518,2.281922647161358,0.17819009364924715,0.27866473149492016,0.17444878562969485,False,True,C:\Users\Owner\Desktop\Fall2023\CSE275\6D Pose\training_data_filtered\training_data\v2.2\2-63-8_color_kinect.png
1-53-14,potted_meat_can,48,z2|x2,776,2.9341981211270713,0.27311066,0.5478190890606583,0.10601441850901082,2.386379032066413,0.1670962394213633,0.29753265602322204,0.17433414882073808,False,True,C:\Users\Owner\Desktop\Fall2023\CSE275\6D Pose\training_data_filtered\training_data\v2.2\1-53-14_color_kinect.png
1-97-1,jenga,35,z2|x2,698,0.8784519962529972,0.077256545,0.5472912514855195,0.11316713890019393,0.3311607447674777,-0.03591059347573257,0.2975970425138632,0.16917523162884035,False,True,C:\Users\Owner\Desktop\Fall2023\CSE275\6D Pose\training_data_filtered\training_data\v2.2\1-97-1_color_kinect.png
2-6-11,jenga,35,z2|x2,749,1.6553029644540596,0.103934996,0.5469378569086536,0.13748276253768751,1.108365107545406,-0.03354776670762846,0.3243992606284658,0.17036652908393923,False,True,C:\Users\Owner\Desktop\Fall2023\CSE275\6D Pose\training_data_filtered\training_data\v2.2\2-6-11_color_kinect.png
1-83-6,tuna_fish_can,57,zinf|x2,133,2.634748201864373,0.2374197,0.5466809656300197,0.14598890525746747,2.088067236234353,0.09143078940462665,0.4396135265700483,0.16108091479359557,False,True,C:\Users\Owner\Desktop\Fall2023\CSE275\6D Pose\training_data_filtered\training_data\v2.2\1-83-6_color_kinect.png
2-94-19,master_chef_can,39,zinf|x2,370,3.4711588441892625,0.06393036,0.5458285892711853,0.11172743621329301,2.925330254918077,-0.04779707375029557,0.36324786324786323,0.16750497880639897,False,True,C:\Users\Owner\Desktop\Fall2023\CSE275\6D Pose\training_data_filtered\training_data\v2.2\2-94-19_color_kinect.png
2-25-7,mustard_bottle,42,z2,910,2.3437375688108504,0.14711198,0.5449512894952583,0.1416171934891162,1.7987862793155922,0.005494788618046281,0.22408829174664108,0.1708217033249182,False,True,C:\Users\Owner\Desktop\Fall2023\CSE275\6D Pose\training_data_filtered\training_data\v2.2\2-25-7_color_kinect.png
1-34-7,wood_block,58,z2|y2|x4,560,0.4168833064793006,0.2408935,0.5427553260560573,0.11337265475257138,-0.12587201957675664,0.12752084331051608,0.3237791932059448,0.1729970909109829,False,True,C:\Users\Owner\Desktop\Fall2023\CSE275\6D Pose\training_data_filtered\training_data\v2.2\1-34-7_color_kinect.png
2-17-9,g_lego_duplo,29,z2,423,1.4286512880790427,0.03560098,0.5394704330479875,0.18011391044858543,0.8891808550310553,-0.14451293156746475,0.3437110834371108,0.17508260686413346,False,True,C:\Users\Owner\Desktop\Fall2023\CSE275\6D Pose\training_data_filtered\training_data\v2.2\2-17-9_color_kinect.png
1-36-9,gelatin_box,30,z2|x2,521,0.7802583884127242,0.10259949,0.5392809336229745,0.08673750463377122,0.24097745478974975,0.01586198207486983,0.3590308370044053,0.17460107415910264,False,True,C:\Users\Owner\Desktop\Fall2023\CSE275\6D Pose\training_data_filtered\training_data\v2.2\1-36-9_color_kinect.png
1-49-19,tuna_fish_can,57,zinf|x2,124,3.6224582057651245,0.22401732,0.5389275958293138,0.12344457448749745,3.083530609935811,0.1005727475759486,0.4782608695652174,0.15024690812184424,False,True,C:\Users\Owner\Desktop\Fall2023\CSE275\6D Pose\training_data_filtered\training_data\v2.2\1-49-19_color_kinect.png
2-1-6,mustard_bottle,42,z2,1028,1.4319162381695842,0.09705425,0.5380297251296039,0.10490812261570012,0.8938865130399803,-0.00785387207735097,0.326579835986493,0.17001121959546037,False,True,C:\Users\Owner\Desktop\Fall2023\CSE275\6D Pose\training_data_filtered\training_data\v2.2\2-1-6_color_kinect.png
2-26-12,wood_block,58,z2|y2|x4,470,2.9421263298650704,0.3415502,0.537129515768322,0.09595565865346363,2.4049968140967484,0.24559454252413343,0.25477707006369427,0.17115809834748513,False,True,C:\Users\Owner\Desktop\Fall2023\CSE275\6D Pose\training_data_filtered\training_data\v2.2\2-26-12_color_kinect.png
2-11-4,jenga,35,z2|x2,665,2.102942954640331,0.15618327,0.5369009749946926,0.1168224228722663,1.5660419796456382,0.039360849727907654,0.32532347504621073,0.17121213399781546,False,True,C:\Users\Owner\Desktop\Fall2023\CSE275\6D Pose\training_data_filtered\training_data\v2.2\2-11-4_color_kinect.png
1-34-8,potted_meat_can,48,z2|x2,864,0.4020305064263273,0.20277189,0.5360640958569812,0.11300405260566368,-0.1340335894306539,0.08976783457752571,0.29825834542815677,0.17333750170610565,False,True,C:\Users\Owner\Desktop\Fall2023\CSE275\6D Pose\training_data_filtered\training_data\v2.2\1-34-8_color_kinect.png
2-90-11,pudding_box,51,z2|x2,185,0.5356283081654784,0.06993803,0.5356283081654784,0.06993802636861801,0.0,0.0,0.0,0.0,False,True,C:\Users\Owner\Desktop\Fall2023\CSE275\6D Pose\training_data_filtered\training_data\v2.2\2-90-11_color_kinect.png
1-57-10,jenga,35,z2|x2,717,1.7096540922033763,0.13892472,0.5356171619787912,0.09578669524363301,1.174036930224585,0.0431380226595042,0.36229205175600737,0.16134434812203408,False,True,C:\Users\Owner\Desktop\Fall2023\CSE275\6D Pose\training_data_filtered\training_data\v2.2\1-57-10_color_kinect.png
2-82-9,tomato_soup_can,56,zinf|x2,690,0.5324297662040072,0.1562595,0.5324297662040072,0.15625950694084167,0.0,0.0,0.0,0.0,False,True,C:\Users\Owner\Desktop\Fall2023\CSE275\6D Pose\training_data_filtered\training_data\v2.2\2-82-9_color_kinect.png
2-21-18,tomato_soup_can,56,zinf|x2,684,5.142116091804295,0.41527912,0.5317787996695091,0.13924962216940642,4.610337292134786,0.2760294980374265,0.3141075604053001,0.16822967865630006,False,True,C:\Users\Owner\Desktop\Fall2023\CSE275\6D Pose\training_data_filtered\training_data\v2.2\2-21-18_color_kinect.png
2-7-18,mustard_bottle,42,z2,1027,3.096552976388279,0.20255847,0.5310680339521366,0.1453521997742859,2.5654849424361426,0.057206272978285205,0.3506994693680656,0.16986995278363765,False,True,C:\Users\Owner\Desktop\Fall2023\CSE275\6D Pose\training_data_filtered\training_data\v2.2\2-7-18_color_kinect.png
1-13-19,master_chef_can,39,zinf|x2,364,1.4202667834320983,0.076870725,0.5295394303715457,0.07814403381112588,0.8907273530605526,-0.0012733092522956152,0.32905982905982906,0.16800165179509186,False,True,C:\Users\Owner\Desktop\Fall2023\CSE275\6D Pose\training_data_filtered\training_data\v2.2\1-13-19_color_kinect.png
2-19-6,g_lego_duplo,29,z2,425,1.3711216068470065,0.2094511,0.52861096398011,0.17800377211517968,0.8425106428668965,0.03144732215457283,0.3464373464373464,0.16872635498827473,False,True,C:\Users\Owner\Desktop\Fall2023\CSE275\6D Pose\training_data_filtered\training_data\v2.2\2-19-6_color_kinect.png
2-49-11,g_lego_duplo,29,z2,427,3.6630825537074405,0.2864476,0.5284775797480511,0.13784058009283756,3.1346049739593895,0.14860703433854366,0.32800982800982803,0.17342848484530293,False,True,C:\Users\Owner\Desktop\Fall2023\CSE275\6D Pose\training_data_filtered\training_data\v2.2\2-49-11_color_kinect.png
1-86-1,wood_block,58,z2|y2|x4,520,0.5283223798330143,0.15305601,0.5283223798330143,0.15305601060390472,0.0,0.0,0.0,0.0,False,True,C:\Users\Owner\Desktop\Fall2023\CSE275\6D Pose\training_data_filtered\training_data\v2.2\1-86-1_color_kinect.png
1-27-10,tuna_fish_can,57,zinf|x2,133,0.6918356425265049,0.16030523,0.5280871426942996,0.14670244279065475,0.1637484998322053,0.013602789018961337,0.4519230769230769,0.16647934139436282,False,True,C:\Users\Owner\Desktop\Fall2023\CSE275\6D Pose\training_data_filtered\training_data\v2.2\1-27-10_color_kinect.png
2-34-3,nine_hole_peg_test,43,no,268,3.9251391742906248,0.28065988,0.5266471421114682,0.11900970820740717,3.3984920321791563,0.16165017600699408,0.3148148148148148,0.16985243274191617,False,True,C:\Users\Owner\Desktop\Fall2023\CSE275\6D Pose\training_data_filtered\training_data\v2.2\2-34-3_color_kinect.png
2-98-18,jenga,35,z2|x2,648,1.8425295718432173,0.24969761,0.5261984106518672,0.10676964114702936,1.31633116119135,0.1429279695888639,0.3539741219963031,0.16318164191565426,False,True,C:\Users\Owner\Desktop\Fall2023\CSE275\6D Pose\training_data_filtered\training_data\v2.2\2-98-18_color_kinect.png
1-53-13,jenga,35,z2|x2,690,1.9119933183026134,0.13614362,0.5259122681121576,0.1579888992242511,1.3860810501904557,-0.02184527444168885,0.3391866913123845,0.1709414954426158,False,True,C:\Users\Owner\Desktop\Fall2023\CSE275\6D Pose\training_data_filtered\training_data\v2.2\1-53-13_color_kinect.png
2-75-4,mustard_bottle,42,z2,1038,1.4252073019607645,0.10649201,0.5250066478755695,0.16000959416209104,0.900200654085195,-0.05351758142290952,0.31381957773512476,0.1713233604908101,False,True,C:\Users\Owner\Desktop\Fall2023\CSE275\6D Pose\training_data_filtered\training_data\v2.2\2-75-4_color_kinect.png
2-22-1,gelatin_box,30,z2|x2,472,1.0427380949495666,0.08313707,0.5249738048206812,0.10239098398280388,0.5177642901288854,-0.019253911360027853,0.321978021978022,0.16577850650515033,False,True,C:\Users\Owner\Desktop\Fall2023\CSE275\6D Pose\training_data_filtered\training_data\v2.2\2-22-1_color_kinect.png
1-35-17,tuna_fish_can,57,zinf|x2,129,2.4184367716781097,0.092510596,0.5214501212030008,0.12053138350266543,1.896986650475109,-0.028020787584963708,0.43478260869565216,0.16569532733836262,False,True,C:\Users\Owner\Desktop\Fall2023\CSE275\6D Pose\training_data_filtered\training_data\v2.2\1-35-17_color_kinect.png
1-37-4,wood_block,58,z2|y2|x4,577,2.2123153512490714,0.23700726,0.5209168154629842,0.16380218562037818,1.6913985357860872,0.07320507470219262,0.3503184713375796,0.16975623028602013,False,True,C:\Users\Owner\Desktop\Fall2023\CSE275\6D Pose\training_data_filtered\training_data\v2.2\1-37-4_color_kinect.png
2-94-3,jenga,35,z2|x2,660,1.3174602320632918,0.40343395,0.5203429947478942,0.15406419912439256,0.7971172373153975,0.24936974963087172,0.34473197781885395,0.15802757319086527,False,True,C:\Users\Owner\Desktop\Fall2023\CSE275\6D Pose\training_data_filtered\training_data\v2.2\2-94-3_color_kinect.png
1-5-11,master_chef_can,39,zinf|x2,372,1.1802444762504984,0.16002811,0.5189454527856481,0.10388543187001896,0.6612990234648504,0.056142683044875144,0.31734837799717913,0.1684066881024114,False,True,C:\Users\Owner\Desktop\Fall2023\CSE275\6D Pose\training_data_filtered\training_data\v2.2\1-5-11_color_kinect.png
1-4-10,wood_block,58,z2|y2|x4,568,0.5183279420458274,0.11676174,0.5183279420458274,0.11676173657178879,0.0,0.0,0.0,0.0,False,True,C:\Users\Owner\Desktop\Fall2023\CSE275\6D Pose\training_data_filtered\training_data\v2.2\1-4-10_color_kinect.png
2-56-0,jenga,35,z2|x2,633,2.4672094607348916,0.62378424,0.5179542708181307,0.11304268606711827,1.949255189916761,0.510741557993398,0.2920517560073937,0.1698200620577948,False,True,C:\Users\Owner\Desktop\Fall2023\CSE275\6D Pose\training_data_filtered\training_data\v2.2\2-56-0_color_kinect.png
2-38-4,mustard_bottle,42,z2,824,2.321799272997075,0.5189451,0.517612167634773,0.20687362611729854,1.8041871053623022,0.31207147180598027,0.22408829174664108,0.16828431839642524,False,True,C:\Users\Owner\Desktop\Fall2023\CSE275\6D Pose\training_data_filtered\training_data\v2.2\2-38-4_color_kinect.png
1-64-7,tomato_soup_can,56,zinf|x2,708,0.5171103412142698,0.176519,0.5171103412142698,0.1765190064907074,0.0,0.0,0.0,0.0,False,True,C:\Users\Owner\Desktop\Fall2023\CSE275\6D Pose\training_data_filtered\training_data\v2.2\1-64-7_color_kinect.png
2-67-12,jenga,35,z2|x2,712,1.5357300581816316,0.14963672,0.5165459808203023,0.11505975497327263,1.0191840773613292,0.03457696067728584,0.3170055452865065,0.16989448853105923,False,True,C:\Users\Owner\Desktop\Fall2023\CSE275\6D Pose\training_data_filtered\training_data\v2.2\2-67-12_color_kinect.png
1-13-7,rubiks_cube,52,z4|x4|y4,498,1.9551007697467373,0.10928272,0.5159006834120041,0.13602965230903097,1.4392000863347332,-0.026746935200304467,0.31284302963776073,0.1720629861711384,False,True,C:\Users\Owner\Desktop\Fall2023\CSE275\6D Pose\training_data_filtered\training_data\v2.2\1-13-7_color_kinect.png
2-96-0,gelatin_box,30,z2|x2,509,1.4666793193324381,0.16337222,0.515547530814528,0.09879634732719361,0.9511317885179101,0.06457587128166259,0.3362637362637363,0.1698563096052574,False,True,C:\Users\Owner\Desktop\Fall2023\CSE275\6D Pose\training_data_filtered\training_data\v2.2\2-96-0_color_kinect.png
2-37-7,d_toy_airplane,18,zinf,134,1.9207780188916503,0.20252171,0.5152295361022036,0.132210826287616,1.4055484827894467,0.0703108853002899,0.33650793650793653,0.16230480779616058,False,True,C:\Users\Owner\Desktop\Fall2023\CSE275\6D Pose\training_data_filtered\training_data\v2.2\2-37-7_color_kinect.png
2-73-20,master_chef_can,39,zinf|x2,381,1.64585529870139,0.1559396,0.514939519363582,0.14926055745104688,1.130915779337808,0.006679036460124077,0.35327635327635326,0.16668558094376035,False,True,C:\Users\Owner\Desktop\Fall2023\CSE275\6D Pose\training_data_filtered\training_data\v2.2\2-73-20_color_kinect.png
2-11-4,rubiks_cube,52,z4|x4|y4,515,0.514689319831373,0.16909826,0.514689319831373,0.16909825801849365,0.0,0.0,0.0,0.0,False,True,C:\Users\Owner\Desktop\Fall2023\CSE275\6D Pose\training_data_filtered\training_data\v2.2\2-11-4_color_kinect.png
2-74-10,mustard_bottle,42,z2,940,2.4817268919793114,0.245713,0.5134054599590288,0.12050712087189978,1.9683214320202826,0.125205874657275,0.22216890595009597,0.17362496216843584,False,True,C:\Users\Owner\Desktop\Fall2023\CSE275\6D Pose\training_data_filtered\training_data\v2.2\2-74-10_color_kinect.png
2-9-10,e_lego_duplo,20,z2,404,2.4254203596572745,0.27916768,0.5121418608978354,0.11175222155310398,1.9132784987594391,0.16741546037934535,0.3463414634146341,0.16708840081085788,False,True,C:\Users\Owner\Desktop\Fall2023\CSE275\6D Pose\training_data_filtered\training_data\v2.2\2-9-10_color_kinect.png
1-19-18,wood_block,58,z2|y2|x4,576,1.496165883783441,0.15392247,0.5121288071318532,0.11905132427455667,0.9840370766515879,0.034871144149286715,0.3386411889596603,0.17170759057596707,False,True,C:\Users\Owner\Desktop\Fall2023\CSE275\6D Pose\training_data_filtered\training_data\v2.2\1-19-18_color_kinect.png
2-2-2,gelatin_box,30,z2|x2,529,2.28674739498223,0.17987002,0.5114602442474177,0.08501575166184161,1.7752871507348125,0.09485427266162183,0.3370288248337029,0.1688713892449273,False,True,C:\Users\Owner\Desktop\Fall2023\CSE275\6D Pose\training_data_filtered\training_data\v2.2\2-2-2_color_kinect.png
1-58-12,gelatin_box,30,z2|x2,546,0.8772021464654344,0.03845862,0.5111179378801477,0.12804802307190927,0.3660842085852867,-0.08958940380516084,0.36685082872928176,0.16881783885586654,False,True,C:\Users\Owner\Desktop\Fall2023\CSE275\6D Pose\training_data_filtered\training_data\v2.2\1-58-12_color_kinect.png
2-35-10,gelatin_box,30,z2|x2,528,2.42825876353343,0.21534203,0.5069259917390823,0.12356191288806799,1.9213327717943476,0.09178011704109308,0.3505494505494505,0.17234191563442505,False,True,C:\Users\Owner\Desktop\Fall2023\CSE275\6D Pose\training_data_filtered\training_data\v2.2\2-35-10_color_kinect.png
2-21-18,master_chef_can,39,zinf|x2,375,2.642755202920851,0.12760752,0.5064405669033719,0.13446718854834436,2.136314636017479,-0.006859664153355344,0.3190883190883191,0.1678263671612117,False,True,C:\Users\Owner\Desktop\Fall2023\CSE275\6D Pose\training_data_filtered\training_data\v2.2\2-21-18_color_kinect.png
2-56-0,g_lego_duplo,29,z2,420,4.807897929515011,0.18727356,0.5063356866847191,0.17507990861286307,4.301562242830292,0.012193653341635219,0.3464373464373464,0.16363626824934696,False,True,C:\Users\Owner\Desktop\Fall2023\CSE275\6D Pose\training_data_filtered\training_data\v2.2\2-56-0_color_kinect.png
1-51-4,potted_meat_can,48,z2|x2,695,0.9964571927743318,0.33166337,0.5054782472817433,0.10594762471353836,0.49097894549258847,0.22571574541890793,0.2539912917271408,0.17614071797514386,False,True,C:\Users\Owner\Desktop\Fall2023\CSE275\6D Pose\training_data_filtered\training_data\v2.2\1-51-4_color_kinect.png
2-75-4,b_lego_duplo,5,z4,178,1.2932987062931083,0.09453261,0.5050025624152537,0.15247156227743985,0.7882961438778546,-0.057938953291538975,0.3130434782608696,0.165693406782857,False,True,C:\Users\Owner\Desktop\Fall2023\CSE275\6D Pose\training_data_filtered\training_data\v2.2\2-75-4_color_kinect.png
1-22-7,tuna_fish_can,57,zinf|x2,135,5.023531280298687,0.16841328,0.5044891492936161,0.12265633147211284,4.519042131005071,0.04575694996862202,0.45454545454545453,0.16247994578245825,False,True,C:\Users\Owner\Desktop\Fall2023\CSE275\6D Pose\training_data_filtered\training_data\v2.2\1-22-7_color_kinect.png
2-52-12,bleach_cleanser,8,z2,1391,1.305574114005624,0.23101236,0.5042797490576981,0.12030227613699551,0.8012943649479259,0.11071008312451724,0.26824817518248173,0.16829991976561,False,True,C:\Users\Owner\Desktop\Fall2023\CSE275\6D Pose\training_data_filtered\training_data\v2.2\2-52-12_color_kinect.png
2-79-3,master_chef_can,39,zinf|x2,378,2.294837204463495,0.08321121,0.5031759749462109,0.12850337571575343,1.7916612295172838,-0.04529216236545741,0.36752136752136755,0.16961269070322194,False,True,C:\Users\Owner\Desktop\Fall2023\CSE275\6D Pose\training_data_filtered\training_data\v2.2\2-79-3_color_kinect.png
1-65-10,tomato_soup_can,56,zinf|x2,691,2.691889173348169,0.2564547,0.5028317466947472,0.10077672040793317,2.189057426653422,0.15567798578408343,0.35385814497272017,0.1654805413347632,False,True,C:\Users\Owner\Desktop\Fall2023\CSE275\6D Pose\training_data_filtered\training_data\v2.2\1-65-10_color_kinect.png
2-19-6,tuna_fish_can,57,zinf|x2,129,2.2359241690498326,0.042424116,0.50187701683504,0.14352891232618803,1.7340471522147927,-0.10110479604253286,0.4444444444444444,0.15722755472225805,False,True,C:\Users\Owner\Desktop\Fall2023\CSE275\6D Pose\training_data_filtered\training_data\v2.2\2-19-6_color_kinect.png
2-72-13,wood_block,58,z2|y2|x4,600,0.405113216191869,0.06421626,0.5013874296967195,0.10327922569136727,-0.09627421350485044,-0.03906296209912408,0.33970276008492567,0.1634572129949197,False,True,C:\Users\Owner\Desktop\Fall2023\CSE275\6D Pose\training_data_filtered\training_data\v2.2\2-72-13_color_kinect.png
2-6-11,master_chef_can,39,zinf|x2,366,4.8166049821103005,0.17570631,0.5002049500599973,0.11319054918768924,4.3164000320503035,0.0625157628726669,0.3575498575498576,0.16790566121091663,False,True,C:\Users\Owner\Desktop\Fall2023\CSE275\6D Pose\training_data_filtered\training_data\v2.2\2-6-11_color_kinect.png
2-23-9,master_chef_can,39,zinf|x2,352,2.7417487711146853,0.18959482,0.5001759169700873,0.1306836693826266,2.241572854144598,0.0589111507591657,0.3475783475783476,0.1771640315576592,False,True,C:\Users\Owner\Desktop\Fall2023\CSE275\6D Pose\training_data_filtered\training_data\v2.2\2-23-9_color_kinect.png
2-72-13,gelatin_box,30,z2|x2,562,3.5262874289791806,0.22701034,0.4986145882701584,0.21261802937613475,3.0276728407090223,0.014392310122385149,0.3,0.17121360798149032,False,True,C:\Users\Owner\Desktop\Fall2023\CSE275\6D Pose\training_data_filtered\training_data\v2.2\2-72-13_color_kinect.png
1-20-2,rubiks_cube,52,z4|x4|y4,494,2.112682712229004,0.2238565,0.497800850331087,0.11064632370731864,1.614881861897917,0.11321017012336221,0.3318777292576419,0.17358821500565988,False,True,C:\Users\Owner\Desktop\Fall2023\CSE275\6D Pose\training_data_filtered\training_data\v2.2\1-20-2_color_kinect.png
2-52-0,g_lego_duplo,29,z2,375,4.083982877229035,0.45937923,0.4974330751660226,0.16026029373817557,3.586549802063012,0.299118932231139,0.269041769041769,0.17605735747452578,False,True,C:\Users\Owner\Desktop\Fall2023\CSE275\6D Pose\training_data_filtered\training_data\v2.2\2-52-0_color_kinect.png
1-7-7,potted_meat_can,48,z2|x2,784,2.3907369611549627,0.27279145,0.49709380115747837,0.21595921944365273,1.8936431599974843,0.05683222581162681,0.3055756698044895,0.17219082925158022,False,True,C:\Users\Owner\Desktop\Fall2023\CSE275\6D Pose\training_data_filtered\training_data\v2.2\1-7-7_color_kinect.png
1-37-4,potted_meat_can,48,z2|x2,800,5.0962167675563945,0.35403103,0.4967994829166098,0.08871816878733858,4.5994172846397845,0.26531285757603423,0.2946298984034833,0.1726686839667021,False,True,C:\Users\Owner\Desktop\Fall2023\CSE275\6D Pose\training_data_filtered\training_data\v2.2\1-37-4_color_kinect.png
1-46-20,master_chef_can,39,zinf|x2,378,3.305799757266532,0.07807111,0.49504165842228004,0.11419560254089978,2.810758098844252,-0.03612449259035733,0.33903133903133903,0.1706300993597028,False,True,C:\Users\Owner\Desktop\Fall2023\CSE275\6D Pose\training_data_filtered\training_data\v2.2\1-46-20_color_kinect.png
1-20-8,tuna_fish_can,57,zinf|x2,123,0.8296738526024059,0.11844678,0.49346360331698197,0.16681630710875067,0.3362102492854239,-0.0483695248774198,0.45410628019323673,0.1568169368175299,False,True,C:\Users\Owner\Desktop\Fall2023\CSE275\6D Pose\training_data_filtered\training_data\v2.2\1-20-8_color_kinect.png
2-46-0,bleach_cleanser,8,z2,1477,0.6897862578225114,0.18830515,0.492922518274678,0.10653581770698371,0.19686373954783337,0.08176933673580346,0.2594890510948905,0.1737416671741575,False,True,C:\Users\Owner\Desktop\Fall2023\CSE275\6D Pose\training_data_filtered\training_data\v2.2\2-46-0_color_kinect.png
2-34-12,sugar_box,55,z2|x2,342,3.1219717776569134,0.22934501,0.4919746583124926,0.11435578102033453,2.629997119344421,0.11498922771055384,0.381651376146789,0.16683694964581336,False,True,C:\Users\Owner\Desktop\Fall2023\CSE275\6D Pose\training_data_filtered\training_data\v2.2\2-34-12_color_kinect.png
2-8-3,jenga,35,z2|x2,705,2.18933969023913,0.040956207,0.48969350139371004,0.11340311230102446,1.6996461888454202,-0.07244690568128492,0.3345656192236599,0.17368503913358263,False,True,C:\Users\Owner\Desktop\Fall2023\CSE275\6D Pose\training_data_filtered\training_data\v2.2\2-8-3_color_kinect.png
2-100-13,gelatin_box,30,z2|x2,542,1.6395651290019562,0.08923128,0.4896011176814437,0.1119553282515352,1.1499640113205125,-0.02272404577892473,0.34285714285714286,0.16732116968163113,False,True,C:\Users\Owner\Desktop\Fall2023\CSE275\6D Pose\training_data_filtered\training_data\v2.2\2-100-13_color_kinect.png
2-82-14,bleach_cleanser,8,z2,1491,1.72140167275024,0.25128207,0.48914209040452045,0.05902319005010494,1.2322595823457194,0.19225887605669134,0.24781021897810218,0.17532359534898162,False,True,C:\Users\Owner\Desktop\Fall2023\CSE275\6D Pose\training_data_filtered\training_data\v2.2\2-82-14_color_kinect.png
2-36-8,bleach_cleanser,8,z2,1571,1.0218453205559523,0.32666942,0.48898104804508985,0.12553622993240088,0.5328642725108625,0.2011331948398617,0.24343065693430657,0.17143913424659463,False,True,C:\Users\Owner\Desktop\Fall2023\CSE275\6D Pose\training_data_filtered\training_data\v2.2\2-36-8_color_kinect.png
2-98-18,nine_hole_peg_test,43,no,329,0.9734640236027715,0.15501183,0.4872431178976017,0.1193787119870691,0.4862209057051698,0.035633120727011705,0.342327150084317,0.17460026557268365,False,True,C:\Users\Owner\Desktop\Fall2023\CSE275\6D Pose\training_data_filtered\training_data\v2.2\2-98-18_color_kinect.png
2-8-3,e_lego_duplo,20,z2,394,1.7346101044611943,0.1644862,0.48563309486465484,0.14701564209894016,1.2489770095965396,0.0174705575184457,0.3207317073170732,0.16955064193440422,False,True,C:\Users\Owner\Desktop\Fall2023\CSE275\6D Pose\training_data_filtered\training_data\v2.2\2-8-3_color_kinect.png
2-74-5,mustard_bottle,42,z2,1110,1.8802673780936492,0.20049702,0.48561980579680136,0.11025689190420057,1.3946475722968479,0.09024012440649126,0.3027831094049904,0.17142259638132654,False,True,C:\Users\Owner\Desktop\Fall2023\CSE275\6D Pose\training_data_filtered\training_data\v2.2\2-74-5_color_kinect.png
1-61-14,potted_meat_can,48,z2|x2,784,3.0344002936614176,0.31801265,0.48473540399857196,0.11531554196386735,2.5496648896628455,0.2026971128174742,0.3026124818577649,0.17224987904699146,False,True,C:\Users\Owner\Desktop\Fall2023\CSE275\6D Pose\training_data_filtered\training_data\v2.2\1-61-14_color_kinect.png
2-45-5,tuna_fish_can,57,zinf|x2,104,6.879899810531206,0.17374568,0.4835333454708117,0.27440902689612995,6.396366465060394,-0.10066335002101551,0.30434782608695654,0.16864805156269635,False,True,C:\Users\Owner\Desktop\Fall2023\CSE275\6D Pose\training_data_filtered\training_data\v2.2\2-45-5_color_kinect.png
2-76-9,mustard_bottle,42,z2,1145,0.8426326746282132,0.19372019,0.483472446302515,0.16787133364665646,0.3591602283256982,0.025848858070491365,0.30230326295585414,0.17109876422642414,False,True,C:\Users\Owner\Desktop\Fall2023\CSE275\6D Pose\training_data_filtered\training_data\v2.2\2-76-9_color_kinect.png
2-58-11,rubiks_cube,52,z4|x4|y4,511,1.114677243432962,0.058074307,0.4830347764327395,0.12661076843919214,0.6316424670002224,-0.06853646174253877,0.3788546255506608,0.17116618245867704,False,True,C:\Users\Owner\Desktop\Fall2023\CSE275\6D Pose\training_data_filtered\training_data\v2.2\2-58-11_color_kinect.png
2-13-16,g_lego_duplo,29,z2,426,1.8543482313249509,0.21472773,0.482403235353843,0.18342363981460544,1.3719449959711079,0.031304089744339264,0.3329177057356609,0.16740049185096237,False,True,C:\Users\Owner\Desktop\Fall2023\CSE275\6D Pose\training_data_filtered\training_data\v2.2\2-13-16_color_kinect.png
2-25-7,foam_brick,26,z2|x4|y2,524,1.9996218781683208,0.19228192,0.4820129236507021,0.11662711111137015,1.5176089545176188,0.0756548056261863,0.2808460634547591,0.17001298272653695,False,True,C:\Users\Owner\Desktop\Fall2023\CSE275\6D Pose\training_data_filtered\training_data\v2.2\2-25-7_color_kinect.png
2-7-10,mustard_bottle,42,z2,1161,2.677752642610366,0.26369363,0.480070276730131,0.17665205154847274,2.1976823658802354,0.08704157914687027,0.2875182127246236,0.1749339784708045,False,True,C:\Users\Owner\Desktop\Fall2023\CSE275\6D Pose\training_data_filtered\training_data\v2.2\2-7-10_color_kinect.png
2-36-15,mustard_bottle,42,z2,959,3.103135819748958,0.5564239,0.4800056115330938,0.17816735432144554,2.6231302082158643,0.37825654819015114,0.20489443378119002,0.17232853903892717,False,True,C:\Users\Owner\Desktop\Fall2023\CSE275\6D Pose\training_data_filtered\training_data\v2.2\2-36-15_color_kinect.png
2-35-10,nine_hole_peg_test,43,no,345,2.393249977110253,0.15744959,0.47949397088143747,0.11719323204748798,1.9137560062288157,0.04025635613210034,0.3946037099494098,0.17330685017177613,False,True,C:\Users\Owner\Desktop\Fall2023\CSE275\6D Pose\training_data_filtered\training_data\v2.2\2-35-10_color_kinect.png
2-98-20,master_chef_can,39,zinf|x2,406,1.1016206239617952,0.062089827,0.47519431410782,0.12660103765265443,0.6264263098539752,-0.06451121074096658,0.3333333333333333,0.16733328742032938,False,True,C:\Users\Owner\Desktop\Fall2023\CSE275\6D Pose\training_data_filtered\training_data\v2.2\2-98-20_color_kinect.png
1-35-17,gelatin_box,30,z2|x2,519,1.9503024143261645,0.06538503,0.47498368553589443,0.0984469082434503,1.47531872879027,-0.03306187952354826,0.31091510474090406,0.17396676991639956,False,True,C:\Users\Owner\Desktop\Fall2023\CSE275\6D Pose\training_data_filtered\training_data\v2.2\1-35-17_color_kinect.png
1-74-12,rubiks_cube,52,z4|x4|y4,511,0.47355066379119,0.24956642,0.47355066379119,0.24956642091274261,0.0,0.0,0.0,0.0,False,True,C:\Users\Owner\Desktop\Fall2023\CSE275\6D Pose\training_data_filtered\training_data\v2.2\1-74-12_color_kinect.png
1-60-16,potted_meat_can,48,z2|x2,786,3.4739951115865497,0.24924153,0.47288998535905147,0.1460440441244137,3.001105126227498,0.10319748677081944,0.3076923076923077,0.17009969518530949,False,True,C:\Users\Owner\Desktop\Fall2023\CSE275\6D Pose\training_data_filtered\training_data\v2.2\1-60-16_color_kinect.png
2-93-4,prism,50,z2,171,2.503629005633094,0.20709163,0.47160803533079254,0.11491850990154528,2.0320209703023018,0.09217311960361219,0.2747524752475248,0.16578991860848136,False,True,C:\Users\Owner\Desktop\Fall2023\CSE275\6D Pose\training_data_filtered\training_data\v2.2\2-93-4_color_kinect.png
2-93-9,mustard_bottle,42,z2,1042,3.1335810311074614,0.25908366,0.4714584690042384,0.1880125976209413,2.662122562103223,0.07107106083586107,0.32437619961612285,0.17008099184667302,False,True,C:\Users\Owner\Desktop\Fall2023\CSE275\6D Pose\training_data_filtered\training_data\v2.2\2-93-9_color_kinect.png
1-31-0,gelatin_box,30,z2|x2,516,2.237368238866419,0.105916165,0.46889884942176824,0.09603940413252568,1.7684693894446508,0.009876760682900193,0.35508849557522126,0.1683342062086078,False,True,C:\Users\Owner\Desktop\Fall2023\CSE275\6D Pose\training_data_filtered\training_data\v2.2\1-31-0_color_kinect.png
2-94-19,jenga,35,z2|x2,718,1.8811019033954033,0.15868053,0.4686885785825896,0.12201339680183157,1.4124133248128137,0.03666713160049692,0.3465804066543438,0.1531559449758919,False,True,C:\Users\Owner\Desktop\Fall2023\CSE275\6D Pose\training_data_filtered\training_data\v2.2\2-94-19_color_kinect.png
1-46-20,wood_block,58,z2|y2|x4,543,1.3039654087208132,0.14007367,0.46839347181483826,0.1169236955208432,0.835571936905975,0.023149976416145635,0.34288747346072185,0.16481771628584366,False,True,C:\Users\Owner\Desktop\Fall2023\CSE275\6D Pose\training_data_filtered\training_data\v2.2\1-46-20_color_kinect.png
2-32-19,gelatin_box,30,z2|x2,552,1.5322189032757891,0.10135582,0.46609089431511586,0.11092549708377059,1.0661280089606733,-0.009569676189529253,0.33516483516483514,0.16988783866530863,False,True,C:\Users\Owner\Desktop\Fall2023\CSE275\6D Pose\training_data_filtered\training_data\v2.2\2-32-19_color_kinect.png
2-17-9,rubiks_cube,52,z4|x4|y4,522,0.4660189277512256,0.13407645,0.4660189277512256,0.13407644629478455,0.0,0.0,0.0,0.0,False,True,C:\Users\Owner\Desktop\Fall2023\CSE275\6D Pose\training_data_filtered\training_data\v2.2\2-17-9_color_kinect.png
1-83-6,tomato_soup_can,56,zinf|x2,707,0.46521359525346284,0.2957563,0.46521359525346284,0.2957563102245331,0.0,0.0,0.0,0.0,False,True,C:\Users\Owner\Desktop\Fall2023\CSE275\6D Pose\training_data_filtered\training_data\v2.2\1-83-6_color_kinect.png
1-18-12,master_chef_can,39,zinf|x2,371,1.092036472224668,0.16796802,0.46300914850516645,0.15777856927908063,0.6290273237195017,0.010189450564020874,0.3566333808844508,0.1732777479524309,False,True,C:\Users\Owner\Desktop\Fall2023\CSE275\6D Pose\training_data_filtered\training_data\v2.2\1-18-12_color_kinect.png
2-4-5,jenga,35,z2|x2,713,1.527482143559158,0.03128017,0.4629498110675741,0.1317209935616365,1.0645323324915839,-0.10044082243550925,0.3197781885397412,0.17108994317931114,False,True,C:\Users\Owner\Desktop\Fall2023\CSE275\6D Pose\training_data_filtered\training_data\v2.2\2-4-5_color_kinect.png
1-72-15,gelatin_box,30,z2|x2,463,6.363453541744448,0.36309293,0.46145026657473065,0.13537593043169052,5.902003275169718,0.22771699869314163,0.3141592920353982,0.17059898333518317,False,True,C:\Users\Owner\Desktop\Fall2023\CSE275\6D Pose\training_data_filtered\training_data\v2.2\1-72-15_color_kinect.png
2-10-19,gelatin_box,30,z2|x2,483,0.4608518840474673,0.19229108,0.4608518840474673,0.19229108095169067,0.0,0.0,0.0,0.0,False,True,C:\Users\Owner\Desktop\Fall2023\CSE275\6D Pose\training_data_filtered\training_data\v2.2\2-10-19_color_kinect.png
2-56-0,rubiks_cube,52,z4|x4|y4,508,2.541567360787385,0.04171653,0.4602962144217018,0.10875266987742144,2.0812711463656832,-0.06703613895834643,0.35462555066079293,0.17305336731979956,False,True,C:\Users\Owner\Desktop\Fall2023\CSE275\6D Pose\training_data_filtered\training_data\v2.2\2-56-0_color_kinect.png
2-68-12,tuna_fish_can,57,zinf|x2,130,1.5259552852003027,0.11701369,0.45977213285560625,0.10945443788086731,1.0661831523446965,0.00755925497496765,0.45893719806763283,0.13335421192303387,False,True,C:\Users\Owner\Desktop\Fall2023\CSE275\6D Pose\training_data_filtered\training_data\v2.2\2-68-12_color_kinect.png
1-67-18,wood_block,58,z2|y2|x4,517,0.6916944872134034,0.12123104,0.4584436512689012,0.10771350990625779,0.23325083594450224,0.013517531942401725,0.37048832271762205,0.17006159624651232,False,True,C:\Users\Owner\Desktop\Fall2023\CSE275\6D Pose\training_data_filtered\training_data\v2.2\1-67-18_color_kinect.png
1-7-6,potted_meat_can,48,z2|x2,665,4.382923276783426,0.85192823,0.4580557311600455,0.132614271005954,3.924867545623381,0.7193139630943878,0.2813411078717201,0.17351956923737666,False,True,C:\Users\Owner\Desktop\Fall2023\CSE275\6D Pose\training_data_filtered\training_data\v2.2\1-7-6_color_kinect.png
1-56-10,gelatin_box,30,z2|x2,483,2.241812899506698,0.11677107,0.45794056422983176,0.14126922876283177,1.7838723352768662,-0.024498156613555033,0.3263041065482797,0.17338019056787898,False,True,C:\Users\Owner\Desktop\Fall2023\CSE275\6D Pose\training_data_filtered\training_data\v2.2\1-56-10_color_kinect.png
1-14-12,tuna_fish_can,57,zinf|x2,133,2.5232686898788943,0.123678274,0.4574256587860478,0.1355012242940646,2.0658430310928466,-0.0118229498413783,0.46634615384615385,0.16428360856383972,False,True,C:\Users\Owner\Desktop\Fall2023\CSE275\6D Pose\training_data_filtered\training_data\v2.2\1-14-12_color_kinect.png
1-22-7,tomato_soup_can,56,zinf|x2,697,3.0445385639527394,0.28216285,0.45664972859612096,0.11751172491037416,2.5878888353566185,0.16465112022436096,0.3161538461538462,0.1694389742911255,False,True,C:\Users\Owner\Desktop\Fall2023\CSE275\6D Pose\training_data_filtered\training_data\v2.2\1-22-7_color_kinect.png
2-35-4,gelatin_box,30,z2|x2,548,2.3524639372678595,0.20550427,0.4564362719295531,0.13386523329684774,1.8960276653383064,0.07163903511097391,0.36923076923076925,0.17143117435870894,False,True,C:\Users\Owner\Desktop\Fall2023\CSE275\6D Pose\training_data_filtered\training_data\v2.2\2-35-4_color_kinect.png
1-97-9,jenga,35,z2|x2,660,1.2176112983987464,0.5622552,0.45631766914089494,0.12810829004866212,0.7612936292578514,0.4341469136752454,0.2966728280961183,0.17227137326787087,False,True,C:\Users\Owner\Desktop\Fall2023\CSE275\6D Pose\training_data_filtered\training_data\v2.2\1-97-9_color_kinect.png
2-47-11,mustard_bottle,42,z2,1095,2.407723315975464,0.1615564,0.4546562525166329,0.1579238401097373,1.953067063458831,0.003632552798359001,0.30950095969289826,0.16961257599994917,False,True,C:\Users\Owner\Desktop\Fall2023\CSE275\6D Pose\training_data_filtered\training_data\v2.2\2-47-11_color_kinect.png
2-54-15,g_lego_duplo,29,z2,435,2.038736569448292,0.33418527,0.4535969908528844,0.20289247299458388,1.5851395785954079,0.13129279946063158,0.36363636363636365,0.17126467976248488,False,True,C:\Users\Owner\Desktop\Fall2023\CSE275\6D Pose\training_data_filtered\training_data\v2.2\2-54-15_color_kinect.png
1-1-4,potted_meat_can,48,z2|x2,802,2.6252097894582245,0.35822356,0.45308222046191643,0.1285139669964976,2.172127568996308,0.22970959047573142,0.2809558291093411,0.1704805917771896,False,True,C:\Users\Owner\Desktop\Fall2023\CSE275\6D Pose\training_data_filtered\training_data\v2.2\1-1-4_color_kinect.png
1-87-19,pudding_box,51,z2|x2,192,0.9806362228361464,0.10083208,0.4524996511424215,0.10414735925459347,0.5281365716937249,-0.0033152769234128937,0.38997214484679665,0.156731114060923,False,True,C:\Users\Owner\Desktop\Fall2023\CSE275\6D Pose\training_data_filtered\training_data\v2.2\1-87-19_color_kinect.png
2-91-11,nine_hole_peg_test,43,no,372,1.842754013817913,0.08968755,0.45109647218801857,0.12546540147979088,1.3916575416298944,-0.035777852902005386,0.38954468802698144,0.16984273963214244,False,True,C:\Users\Owner\Desktop\Fall2023\CSE275\6D Pose\training_data_filtered\training_data\v2.2\2-91-11_color_kinect.png
1-27-6,tomato_soup_can,56,zinf|x2,701,2.0221423938432723,0.3016282,0.4504837554110168,0.13654352382338225,1.5716586384322555,0.16508467837655366,0.31129900076863953,0.16976656963432282,False,True,C:\Users\Owner\Desktop\Fall2023\CSE275\6D Pose\training_data_filtered\training_data\v2.2\1-27-6_color_kinect.png
2-42-15,gelatin_box,30,z2|x2,476,2.830667852238555,0.078430444,0.4486012953464121,0.1256546012107099,2.3820665568921426,-0.04722415720855841,0.31648351648351647,0.17008783974935052,False,True,C:\Users\Owner\Desktop\Fall2023\CSE275\6D Pose\training_data_filtered\training_data\v2.2\2-42-15_color_kinect.png
1-46-0,master_chef_can,39,zinf|x2,370,2.505082265900453,0.12295091,0.44801985600057964,0.1379397423392204,2.0570624098998733,-0.014988830817308785,0.33760683760683763,0.1693871322912541,False,True,C:\Users\Owner\Desktop\Fall2023\CSE275\6D Pose\training_data_filtered\training_data\v2.2\1-46-0_color_kinect.png
2-14-14,mustard_bottle,42,z2,998,2.5940148857438077,0.15300083,0.447078592718144,0.11486618206397836,2.1469362930256635,0.038134649540025545,0.2383495145631068,0.1717346770964287,False,True,C:\Users\Owner\Desktop\Fall2023\CSE275\6D Pose\training_data_filtered\training_data\v2.2\2-14-14_color_kinect.png
1-54-18,gelatin_box,30,z2|x2,512,5.583358436925803,0.27851728,0.4466965433454306,0.15283970319340154,5.1366618935803725,0.12567757285525874,0.34551495016611294,0.17131633814442282,False,True,C:\Users\Owner\Desktop\Fall2023\CSE275\6D Pose\training_data_filtered\training_data\v2.2\1-54-18_color_kinect.png
1-86-0,gelatin_box,30,z2|x2,551,1.0258623037688035,0.14848031,0.44635746259943293,0.09842652853254534,0.5795048411693706,0.050053782503564584,0.34806629834254144,0.1673523204770465,False,True,C:\Users\Owner\Desktop\Fall2023\CSE275\6D Pose\training_data_filtered\training_data\v2.2\1-86-0_color_kinect.png
2-86-18,bleach_cleanser,8,z2,1463,0.4463288998009301,0.16372125,0.4463288998009301,0.1637212485074997,0.0,0.0,0.0,0.0,False,True,C:\Users\Owner\Desktop\Fall2023\CSE275\6D Pose\training_data_filtered\training_data\v2.2\2-86-18_color_kinect.png
2-35-7,nine_hole_peg_test,43,no,346,0.4522071959709525,0.0979773,0.4439800815718982,0.14781307704172586,0.00822711439905427,-0.049835774073223815,0.35858585858585856,0.17374179614055854,False,True,C:\Users\Owner\Desktop\Fall2023\CSE275\6D Pose\training_data_filtered\training_data\v2.2\2-35-7_color_kinect.png
1-88-8,tuna_fish_can,57,zinf|x2,126,1.6399819626710765,0.108564146,0.44253807273608614,0.16067205792105024,1.1974438899349904,-0.05210791205799406,0.4396135265700483,0.1603808246695174,False,True,C:\Users\Owner\Desktop\Fall2023\CSE275\6D Pose\training_data_filtered\training_data\v2.2\1-88-8_color_kinect.png
2-70-3,jenga,35,z2|x2,636,2.916954611992023,0.37986004,0.4424848008435494,0.10395239629058066,2.4744698111484733,0.2759076472351151,0.27818853974122,0.17362823865060828,False,True,C:\Users\Owner\Desktop\Fall2023\CSE275\6D Pose\training_data_filtered\training_data\v2.2\2-70-3_color_kinect.png
1-54-6,tomato_soup_can,56,zinf|x2,710,2.071782583077161,0.16527788,0.44103866138884773,0.13000491763281644,1.6307439216883133,0.03527296577763736,0.34822804314329736,0.17045985565813862,False,True,C:\Users\Owner\Desktop\Fall2023\CSE275\6D Pose\training_data_filtered\training_data\v2.2\1-54-6_color_kinect.png
1-21-8,tuna_fish_can,57,zinf|x2,127,3.2911885079103214,0.023125969,0.4384769464186961,0.12410727476704429,2.8527115614916254,-0.10098130589354347,0.40669856459330145,0.15934785421464823,False,True,C:\Users\Owner\Desktop\Fall2023\CSE275\6D Pose\training_data_filtered\training_data\v2.2\1-21-8_color_kinect.png
2-14-17,jenga,35,z2|x2,682,1.075847501090959,0.05771052,0.43846452185250634,0.10728639659828365,0.6373829792384527,-0.049575875675145986,0.3410351201478743,0.17071804507055183,False,True,C:\Users\Owner\Desktop\Fall2023\CSE275\6D Pose\training_data_filtered\training_data\v2.2\2-14-17_color_kinect.png
1-31-0,potted_meat_can,48,z2|x2,806,1.8702788884562351,0.2416256,0.4382287593781243,0.11566575804310751,1.432050129078111,0.12595984897059487,0.29680696661828737,0.1657179522819504,False,True,C:\Users\Owner\Desktop\Fall2023\CSE275\6D Pose\training_data_filtered\training_data\v2.2\1-31-0_color_kinect.png
2-79-3,mustard_bottle,42,z2,1116,1.3615062034289676,0.20923483,0.4380677208140159,0.158313264575586,0.9234384826149517,0.05092156914176019,0.34021113243761997,0.17394304106442737,False,True,C:\Users\Owner\Desktop\Fall2023\CSE275\6D Pose\training_data_filtered\training_data\v2.2\2-79-3_color_kinect.png
1-97-13,potted_meat_can,48,z2|x2,827,1.2509382538918115,0.27862048,0.4380480538312542,0.11783346765964994,0.8128902000605572,0.16078701383143892,0.2822931785195936,0.17362562302879186,False,True,C:\Users\Owner\Desktop\Fall2023\CSE275\6D Pose\training_data_filtered\training_data\v2.2\1-97-13_color_kinect.png
2-23-6,tomato_soup_can,56,zinf|x2,602,0.4380426620515979,0.5155213,0.4380426620515979,0.5155212879180908,0.0,0.0,0.0,0.0,False,True,C:\Users\Owner\Desktop\Fall2023\CSE275\6D Pose\training_data_filtered\training_data\v2.2\2-23-6_color_kinect.png
2-47-11,gelatin_box,30,z2|x2,530,1.369705655325193,0.20023324,0.4376955198236448,0.11542983673640397,0.9320101355015482,0.08480339921883437,0.35824175824175825,0.17287018784221495,False,True,C:\Users\Owner\Desktop\Fall2023\CSE275\6D Pose\training_data_filtered\training_data\v2.2\2-47-11_color_kinect.png
2-80-11,gelatin_box,30,z2|x2,466,2.33755996628267,0.2049606,0.4373464451871278,0.1275484220759009,1.9002135210955422,0.07741217746576323,0.33186813186813185,0.17151479456912916,False,True,C:\Users\Owner\Desktop\Fall2023\CSE275\6D Pose\training_data_filtered\training_data\v2.2\2-80-11_color_kinect.png
1-41-5,master_chef_can,39,zinf|x2,363,2.0520234580553347,0.14052804,0.4366124637506998,0.10648874280184631,1.6154109943046349,0.034039295342265324,0.349002849002849,0.17197129947115727,False,True,C:\Users\Owner\Desktop\Fall2023\CSE275\6D Pose\training_data_filtered\training_data\v2.2\1-41-5_color_kinect.png
2-67-12,bleach_cleanser,8,z2,1520,0.8735562217036752,0.2566527,0.4351147802114454,0.12089412694529587,0.4384414414922298,0.13575858587666456,0.25328467153284673,0.17286479487015036,False,True,C:\Users\Owner\Desktop\Fall2023\CSE275\6D Pose\training_data_filtered\training_data\v2.2\2-67-12_color_kinect.png
1-84-19,tomato_soup_can,56,zinf|x2,700,1.8736061913636657,0.3543412,0.43487164833461184,0.1258786919251251,1.438734543029054,0.22846251700965883,0.2930631332813718,0.17257611535870446,False,True,C:\Users\Owner\Desktop\Fall2023\CSE275\6D Pose\training_data_filtered\training_data\v2.2\1-84-19_color_kinect.png
1-49-1,tuna_fish_can,57,zinf|x2,118,1.9710544461713775,0.076341085,0.43427130335673764,0.12855617596790636,1.53678314281464,-0.052215090831969624,0.42995169082125606,0.16417507714573965,False,True,C:\Users\Owner\Desktop\Fall2023\CSE275\6D Pose\training_data_filtered\training_data\v2.2\1-49-1_color_kinect.png
2-23-6,pudding_box,51,z2|x2,178,1.9243143453253417,0.2272843,0.434030246360752,0.11790572996531606,1.4902840989645898,0.10937856738175272,0.3649025069637883,0.16621308667393403,False,True,C:\Users\Owner\Desktop\Fall2023\CSE275\6D Pose\training_data_filtered\training_data\v2.2\2-23-6_color_kinect.png
1-50-8,tuna_fish_can,57,zinf|x2,130,0.6180763016627941,0.028225776,0.4339412789150498,0.146700571033171,0.18413502274774435,-0.11847479522507506,0.43478260869565216,0.15648766910277376,False,True,C:\Users\Owner\Desktop\Fall2023\CSE275\6D Pose\training_data_filtered\training_data\v2.2\1-50-8_color_kinect.png
2-93-13,nine_hole_peg_test,43,no,317,0.4731226711740482,0.30735874,0.4336229691763703,0.15256824560911916,0.03949970199767794,0.15479049615113474,0.31534569983136596,0.1713689095744227,False,True,C:\Users\Owner\Desktop\Fall2023\CSE275\6D Pose\training_data_filtered\training_data\v2.2\2-93-13_color_kinect.png
2-73-20,bleach_cleanser,8,z2,1526,1.6246587356156423,0.12721412,0.4310432875917938,0.11198655253972986,1.1936154480238486,0.01522756629858038,0.24124087591240875,0.17121042881728002,False,True,C:\Users\Owner\Desktop\Fall2023\CSE275\6D Pose\training_data_filtered\training_data\v2.2\2-73-20_color_kinect.png
2-26-15,bleach_cleanser,8,z2,1542,1.3720273844337876,0.16243358,0.43025121512670617,0.1258264920646065,0.9417761693070814,0.036607087499488045,0.23102189781021898,0.1695598975032612,False,True,C:\Users\Owner\Desktop\Fall2023\CSE275\6D Pose\training_data_filtered\training_data\v2.2\2-26-15_color_kinect.png
2-2-2,mustard_bottle,42,z2,1094,2.4107451085295777,0.0971183,0.42980937629738775,0.12485810869801006,1.9809357322321899,-0.027739805518269156,0.3107781536974384,0.17448104398008374,False,True,C:\Users\Owner\Desktop\Fall2023\CSE275\6D Pose\training_data_filtered\training_data\v2.2\2-2-2_color_kinect.png
2-23-9,wood_block,58,z2|y2|x4,491,1.2925284885376707,0.26553166,0.4294459086822758,0.170831199165701,0.8630825798553949,0.09470045996058074,0.2940552016985138,0.1686205179924333,False,True,C:\Users\Owner\Desktop\Fall2023\CSE275\6D Pose\training_data_filtered\training_data\v2.2\2-23-9_color_kinect.png
2-68-12,mustard_bottle,42,z2,1097,2.4214980783650364,0.14596328,0.42885064851056676,0.08319036088988563,1.9926474298544696,0.06277292050316552,0.31190019193857965,0.1743579562011241,False,True,C:\Users\Owner\Desktop\Fall2023\CSE275\6D Pose\training_data_filtered\training_data\v2.2\2-68-12_color_kinect.png
2-4-5,gelatin_box,30,z2|x2,429,1.5637012209428032,0.21542463,0.4282895020357319,0.14011714500987937,1.1354117189070712,0.0753074820557792,0.2702104097452935,0.17036371136796116,False,True,C:\Users\Owner\Desktop\Fall2023\CSE275\6D Pose\training_data_filtered\training_data\v2.2\2-4-5_color_kinect.png
1-6-5,jenga,35,z2|x2,649,1.487202610868692,0.3183072,0.4229874801252533,0.14240156034186782,1.0642151307434387,0.17590563079163132,0.3706099815157117,0.14964367840605672,False,True,C:\Users\Owner\Desktop\Fall2023\CSE275\6D Pose\training_data_filtered\training_data\v2.2\1-6-5_color_kinect.png
1-86-9,gelatin_box,30,z2|x2,522,1.8896006386302713,0.06971321,0.4213788705942778,0.12538296159964638,1.4682217680359935,-0.05566974904995994,0.33370165745856356,0.17446325948550664,False,True,C:\Users\Owner\Desktop\Fall2023\CSE275\6D Pose\training_data_filtered\training_data\v2.2\1-86-9_color_kinect.png
2-63-8,mustard_bottle,42,z2,1102,2.4406615083534984,0.16014369,0.42090347439091996,0.17223755056655676,2.0197580339625785,-0.012093862245443177,0.31765834932821496,0.17054036334264103,False,True,C:\Users\Owner\Desktop\Fall2023\CSE275\6D Pose\training_data_filtered\training_data\v2.2\2-63-8_color_kinect.png
1-32-1,gelatin_box,30,z2|x2,422,5.724024710524829,0.19162506,0.41993875936069563,0.15357232906043383,5.304085951164134,0.03805272959053663,0.2950276243093923,0.1730959711784161,False,True,C:\Users\Owner\Desktop\Fall2023\CSE275\6D Pose\training_data_filtered\training_data\v2.2\1-32-1_color_kinect.png
1-62-18,potted_meat_can,48,z2|x2,739,3.035805114204436,0.16155383,0.41968908372625724,0.08236746304622918,2.616116030478179,0.0791863668621418,0.26705370101596515,0.17070686556285072,False,True,C:\Users\Owner\Desktop\Fall2023\CSE275\6D Pose\training_data_filtered\training_data\v2.2\1-62-18_color_kinect.png
2-71-10,gelatin_box,30,z2|x2,548,1.5432593733921554,0.09207962,0.41821486538183184,0.12313795234477373,1.1250445080103235,-0.03105833526170107,0.34175824175824177,0.16817654043621255,False,True,C:\Users\Owner\Desktop\Fall2023\CSE275\6D Pose\training_data_filtered\training_data\v2.2\2-71-10_color_kinect.png
2-91-11,gelatin_box,30,z2|x2,524,3.382958259774169,0.08644846,0.4179963661307823,0.1301601177335572,2.964961893643387,-0.04371165691622017,0.33186813186813185,0.17047664793967277,False,True,C:\Users\Owner\Desktop\Fall2023\CSE275\6D Pose\training_data_filtered\training_data\v2.2\2-91-11_color_kinect.png
2-2-13,mustard_bottle,42,z2,1111,3.8741152843235276,0.13553822,0.4172038600703596,0.12566220864670916,3.456911424253168,0.009876011758869457,0.32038834951456313,0.1702632144740068,False,True,C:\Users\Owner\Desktop\Fall2023\CSE275\6D Pose\training_data_filtered\training_data\v2.2\2-2-13_color_kinect.png
2-6-14,mustard_bottle,42,z2,1102,0.9374037263605876,0.2526521,0.413855911850453,0.13248625884666876,0.5235478145101345,0.12016584982261225,0.32786885245901637,0.1676899517217269,False,True,C:\Users\Owner\Desktop\Fall2023\CSE275\6D Pose\training_data_filtered\training_data\v2.2\2-6-14_color_kinect.png
2-8-18,jenga,35,z2|x2,523,2.5028720639193374,0.42478257,0.4136578274865283,0.11216024903173231,2.089214236432809,0.312622325145056,0.3123844731977819,0.15631557148275513,False,True,C:\Users\Owner\Desktop\Fall2023\CSE275\6D Pose\training_data_filtered\training_data\v2.2\2-8-18_color_kinect.png
2-35-10,master_chef_can,39,zinf|x2,390,2.1965400193174522,0.16620865,0.41263551808824317,0.1365369442482178,1.783904501229209,0.0296717103938873,0.33475783475783477,0.16308124741135924,False,True,C:\Users\Owner\Desktop\Fall2023\CSE275\6D Pose\training_data_filtered\training_data\v2.2\2-35-10_color_kinect.png
2-34-12,tuna_fish_can,57,zinf|x2,127,3.044773530524463,0.21885999,0.4121813674237948,0.1587386904915901,2.6325921631006683,0.0601212949791817,0.45410628019323673,0.16181586515727184,False,True,C:\Users\Owner\Desktop\Fall2023\CSE275\6D Pose\training_data_filtered\training_data\v2.2\2-34-12_color_kinect.png
1-60-16,tomato_soup_can,56,zinf|x2,720,0.9616859367740677,0.2938287,0.4109815617419472,0.12222501832694312,0.5507043750321204,0.17160367768555385,0.3439878234398782,0.170094319089129,False,True,C:\Users\Owner\Desktop\Fall2023\CSE275\6D Pose\training_data_filtered\training_data\v2.2\1-60-16_color_kinect.png
1-86-0,tomato_soup_can,56,zinf|x2,610,1.384598861068618,0.40995413,0.4090756045250647,0.15951926933360588,0.9755232565435532,0.25043486131596077,0.2938425565081839,0.17093453482408968,False,True,C:\Users\Owner\Desktop\Fall2023\CSE275\6D Pose\training_data_filtered\training_data\v2.2\1-86-0_color_kinect.png
2-13-16,pudding_box,51,z2|x2,214,2.8980612331931037,0.08142405,0.4075474521390726,0.11009979928617783,2.490513781054031,-0.02867574925308533,0.4011142061281337,0.16372388522344844,False,True,C:\Users\Owner\Desktop\Fall2023\CSE275\6D Pose\training_data_filtered\training_data\v2.2\2-13-16_color_kinect.png
2-4-5,tuna_fish_can,57,zinf|x2,127,1.7845940453358933,0.13308564,0.40686913072378394,0.12006536940358675,1.3777249146121093,0.013020268881096475,0.43478260869565216,0.1583060969195484,False,True,C:\Users\Owner\Desktop\Fall2023\CSE275\6D Pose\training_data_filtered\training_data\v2.2\2-4-5_color_kinect.png
2-18-8,jenga,35,z2|x2,623,1.4496650681522885,0.31272256,0.40686607269681657,0.12262393088858815,1.042798995455472,0.19009863285500317,0.3133086876155268,0.1637717308060193,False,True,C:\Users\Owner\Desktop\Fall2023\CSE275\6D Pose\training_data_filtered\training_data\v2.2\2-18-8_color_kinect.png
2-2-6,bleach_cleanser,8,z2,1446,2.8444756862286127,0.29421976,0.406482536954447,0.09084199933568263,2.4379931492741655,0.20337776275118566,0.2663517441860465,0.16950394841523375,False,True,C:\Users\Owner\Desktop\Fall2023\CSE275\6D Pose\training_data_filtered\training_data\v2.2\2-2-6_color_kinect.png
2-35-7,gelatin_box,30,z2|x2,310,1.9413078723243071,0.58907145,0.40580931256659447,0.5766562028791751,1.5354985597577127,0.012415249738470191,0.21428571428571427,0.16254138760689713,False,True,C:\Users\Owner\Desktop\Fall2023\CSE275\6D Pose\training_data_filtered\training_data\v2.2\2-35-7_color_kinect.png
2-82-9,wood_block,58,z2|y2|x4,576,1.3908256806092698,0.20576923,0.4057005307612834,0.12103067798254072,0.9851251498479865,0.08473854797246874,0.35668789808917195,0.17137874376164233,False,True,C:\Users\Owner\Desktop\Fall2023\CSE275\6D Pose\training_data_filtered\training_data\v2.2\2-82-9_color_kinect.png
1-39-6,potted_meat_can,48,z2|x2,839,1.1081359135887188,0.24542361,0.4055812392308048,0.10989477643360421,0.702554674357914,0.13552883854518608,0.29753265602322204,0.17231775842436592,False,True,C:\Users\Owner\Desktop\Fall2023\CSE275\6D Pose\training_data_filtered\training_data\v2.2\1-39-6_color_kinect.png
1-53-14,jenga,35,z2|x2,669,1.1396857384449732,0.16561133,0.40395229141208444,0.12162527212926563,0.7357334470328888,0.04398605456522289,0.3068391866913124,0.16957638117722612,False,True,C:\Users\Owner\Desktop\Fall2023\CSE275\6D Pose\training_data_filtered\training_data\v2.2\1-53-14_color_kinect.png
2-56-0,bleach_cleanser,8,z2,1563,1.9240925353580893,0.27222884,0.4033242688789114,0.10542394912780749,1.520768266479178,0.16680488788543713,0.24197080291970802,0.17210731288398437,False,True,C:\Users\Owner\Desktop\Fall2023\CSE275\6D Pose\training_data_filtered\training_data\v2.2\2-56-0_color_kinect.png
2-80-11,mustard_bottle,42,z2,847,2.316303821472508,0.11534536,0.4025901150515509,0.1000030612130779,1.9137137064209568,0.01534229763549387,0.22072936660268713,0.17453524899650227,False,True,C:\Users\Owner\Desktop\Fall2023\CSE275\6D Pose\training_data_filtered\training_data\v2.2\2-80-11_color_kinect.png
1-51-11,potted_meat_can,48,z2|x2,857,2.17098132768231,0.24309842,0.40224662192671073,0.10484304625618479,1.7687347057555993,0.1382553766287563,0.32583454281567487,0.16775446552598886,False,True,C:\Users\Owner\Desktop\Fall2023\CSE275\6D Pose\training_data_filtered\training_data\v2.2\1-51-11_color_kinect.png
2-4-10,tuna_fish_can,57,zinf|x2,119,2.335597124017322,0.091530696,0.40202137810653754,0.13334282595538266,1.9335757459107845,-0.04181213039778836,0.391304347826087,0.15982156042349605,False,True,C:\Users\Owner\Desktop\Fall2023\CSE275\6D Pose\training_data_filtered\training_data\v2.2\2-4-10_color_kinect.png
2-73-20,gelatin_box,30,z2|x2,512,0.8210146826811756,0.075247616,0.40101394316505024,0.1402198526260478,0.4200007395161254,-0.0649722370502574,0.3659340659340659,0.1719359700214388,False,True,C:\Users\Owner\Desktop\Fall2023\CSE275\6D Pose\training_data_filtered\training_data\v2.2\2-73-20_color_kinect.png
1-61-4,potted_meat_can,48,z2|x2,808,3.706222544838883,0.12916432,0.4004989058995576,0.11926479560023019,3.305723638939325,0.009899527610486056,0.29027576197387517,0.16887509408850496,False,True,C:\Users\Owner\Desktop\Fall2023\CSE275\6D Pose\training_data_filtered\training_data\v2.2\1-61-4_color_kinect.png
2-69-10,jenga,35,z2|x2,675,1.7597530247801765,0.4905217,0.3999229041529957,0.10872800707122635,1.3598301206271808,0.38179369211891345,0.3123844731977819,0.16523381879595933,False,True,C:\Users\Owner\Desktop\Fall2023\CSE275\6D Pose\training_data_filtered\training_data\v2.2\2-69-10_color_kinect.png
2-56-0,mustard_bottle,42,z2,1062,3.791278127216358,0.10537504,0.39931580920792337,0.13327330329034892,3.3919623180084346,-0.02789826669309703,0.359404990403071,0.16695031007985733,False,True,C:\Users\Owner\Desktop\Fall2023\CSE275\6D Pose\training_data_filtered\training_data\v2.2\2-56-0_color_kinect.png
1-6-2,master_chef_can,39,zinf|x2,379,0.5069133778519774,0.12568031,0.3988653817090827,0.1151548520828047,0.10804799614289473,0.010525460431500419,0.3557142857142857,0.16904390771547997,False,True,C:\Users\Owner\Desktop\Fall2023\CSE275\6D Pose\training_data_filtered\training_data\v2.2\1-6-2_color_kinect.png
2-7-6,master_chef_can,39,zinf|x2,378,0.8869478745428737,0.10622251,0.397767231093747,0.14047870180910316,0.4891806434491267,-0.03425619147127357,0.3547008547008547,0.17293987262941007,False,True,C:\Users\Owner\Desktop\Fall2023\CSE275\6D Pose\training_data_filtered\training_data\v2.2\2-7-6_color_kinect.png
2-72-13,potted_meat_can,48,z2|x2,800,1.7087392637280923,0.3882721,0.39741169533881004,0.11687304424676657,1.3113275683892822,0.27139906240072487,0.274310595065312,0.17264691890111503,False,True,C:\Users\Owner\Desktop\Fall2023\CSE275\6D Pose\training_data_filtered\training_data\v2.2\2-72-13_color_kinect.png
2-42-15,tuna_fish_can,57,zinf|x2,134,3.1581384996355433,0.0288557,0.39552878846408673,0.14280368010424002,2.7626097111714567,-0.11394798005841597,0.43478260869565216,0.15332472028067468,False,True,C:\Users\Owner\Desktop\Fall2023\CSE275\6D Pose\training_data_filtered\training_data\v2.2\2-42-15_color_kinect.png
1-97-1,potted_meat_can,48,z2|x2,842,1.8196021968035445,0.3336175,0.39476743514424306,0.10794669168845629,1.4248347616593016,0.2256708167229512,0.2880986937590711,0.17437878159622572,False,True,C:\Users\Owner\Desktop\Fall2023\CSE275\6D Pose\training_data_filtered\training_data\v2.2\1-97-1_color_kinect.png
1-56-13,jenga,35,z2|x2,727,0.825663866016365,0.15354264,0.3942785338638689,0.10828101770159254,0.4313853321524961,0.045261620123419666,0.31608133086876156,0.17483171477370163,False,True,C:\Users\Owner\Desktop\Fall2023\CSE275\6D Pose\training_data_filtered\training_data\v2.2\1-56-13_color_kinect.png
1-80-12,gelatin_box,30,z2|x2,533,0.7592942725266716,0.12902239,0.3941727169790551,0.11487391745532932,0.3651215555476165,0.014148472195015527,0.3558011049723757,0.16998636450289425,False,True,C:\Users\Owner\Desktop\Fall2023\CSE275\6D Pose\training_data_filtered\training_data\v2.2\1-80-12_color_kinect.png
2-36-15,bleach_cleanser,8,z2,1308,1.9435518263562896,0.18180846,0.3924489242026511,0.10138673821456555,1.5511029021536387,0.08042171856396076,0.26204379562043795,0.17134794000146544,False,True,C:\Users\Owner\Desktop\Fall2023\CSE275\6D Pose\training_data_filtered\training_data\v2.2\2-36-15_color_kinect.png
2-13-3,g_lego_duplo,29,z2,445,2.3948070951145928,0.18223408,0.3909254801143896,0.1568957882313801,2.003881615000203,0.025338290414326087,0.34668335419274093,0.17193318852880016,False,True,C:\Users\Owner\Desktop\Fall2023\CSE275\6D Pose\training_data_filtered\training_data\v2.2\2-13-3_color_kinect.png
2-34-12,mustard_bottle,42,z2,1135,1.2582108160175605,0.29386532,0.38912267448994753,0.18330983354260147,0.8690881415276129,0.11055548952410996,0.3354126679462572,0.17380955104706058,False,True,C:\Users\Owner\Desktop\Fall2023\CSE275\6D Pose\training_data_filtered\training_data\v2.2\2-34-12_color_kinect.png
2-55-10,g_lego_duplo,29,z2,441,2.827632788291214,0.3238718,0.3856608040327637,0.1626185430417208,2.4419719842584504,0.16125324832104165,0.37346437346437344,0.1640835409099817,False,True,C:\Users\Owner\Desktop\Fall2023\CSE275\6D Pose\training_data_filtered\training_data\v2.2\2-55-10_color_kinect.png
2-79-3,gelatin_box,30,z2|x2,518,1.2135475156598607,0.017164584,0.38450828990206726,0.1199147809396239,0.8290392257577934,-0.10275019669036586,0.34175824175824177,0.17063308399470145,False,True,C:\Users\Owner\Desktop\Fall2023\CSE275\6D Pose\training_data_filtered\training_data\v2.2\2-79-3_color_kinect.png
2-7-8,jenga,35,z2|x2,701,1.5205547529333885,0.07875489,0.3834591359951345,0.1695646172598811,1.137095616938254,-0.09080973027505596,0.30129390018484287,0.16358550875571642,False,True,C:\Users\Owner\Desktop\Fall2023\CSE275\6D Pose\training_data_filtered\training_data\v2.2\2-7-8_color_kinect.png
1-29-2,tomato_soup_can,56,zinf|x2,684,0.3832815244750366,0.22936599,0.3832815244750366,0.2293659895658493,0.0,0.0,0.0,0.0,False,True,C:\Users\Owner\Desktop\Fall2023\CSE275\6D Pose\training_data_filtered\training_data\v2.2\1-29-2_color_kinect.png
1-80-12,master_chef_can,39,zinf|x2,376,0.5052182936360273,0.14151168,0.38312251948207454,0.14739391506576296,0.12209577415395279,-0.005882236370084254,0.36182336182336183,0.17393982962624294,False,True,C:\Users\Owner\Desktop\Fall2023\CSE275\6D Pose\training_data_filtered\training_data\v2.2\1-80-12_color_kinect.png
2-70-3,mustard_bottle,42,z2,1087,1.0687076303152057,0.21532136,0.3824687326173316,0.13906371329554093,0.686238897697874,0.07625764872304427,0.32677543186180424,0.17134462128276068,False,True,C:\Users\Owner\Desktop\Fall2023\CSE275\6D Pose\training_data_filtered\training_data\v2.2\2-70-3_color_kinect.png
2-74-10,potted_meat_can,48,z2|x2,759,1.9289838361357663,0.4214549,0.3816515523507897,0.12181411287778542,1.5473322837849766,0.2996407935858376,0.2793904208998549,0.17569218194035782,False,True,C:\Users\Owner\Desktop\Fall2023\CSE275\6D Pose\training_data_filtered\training_data\v2.2\2-74-10_color_kinect.png
2-13-10,c_toy_airplane,13,zinf,174,0.3807979784719042,0.11188802,0.3807979784719042,0.11188802123069763,0.0,0.0,0.0,0.0,False,True,C:\Users\Owner\Desktop\Fall2023\CSE275\6D Pose\training_data_filtered\training_data\v2.2\2-13-10_color_kinect.png
2-91-11,wood_block,58,z2|y2|x4,495,2.0603890062142365,0.2990358,0.3788341758288678,0.1817329676059341,1.6815548303853687,0.11730281997646336,0.3237791932059448,0.17271355540666397,False,True,C:\Users\Owner\Desktop\Fall2023\CSE275\6D Pose\training_data_filtered\training_data\v2.2\2-91-11_color_kinect.png
2-94-19,gelatin_box,30,z2|x2,548,1.6767479517226314,0.15137266,0.3783787103843162,0.12159252335948854,1.2983692413383152,0.029780132866669598,0.33516483516483514,0.17029904735352086,False,True,C:\Users\Owner\Desktop\Fall2023\CSE275\6D Pose\training_data_filtered\training_data\v2.2\2-94-19_color_kinect.png
2-7-18,bleach_cleanser,8,z2,1471,2.6073573565184995,0.2584828,0.3772624158721872,0.09937999474355301,2.230094940646312,0.15910281909159102,0.2719619326500732,0.1669625921164527,False,True,C:\Users\Owner\Desktop\Fall2023\CSE275\6D Pose\training_data_filtered\training_data\v2.2\2-7-18_color_kinect.png
2-72-13,mustard_bottle,42,z2,1160,1.4384455631683966,0.16650581,0.37699214748311255,0.16670971298448128,1.061453415685284,-0.00020389938584847167,0.32245681381957775,0.17127992612710272,False,True,C:\Users\Owner\Desktop\Fall2023\CSE275\6D Pose\training_data_filtered\training_data\v2.2\2-72-13_color_kinect.png
1-9-9,master_chef_can,39,zinf|x2,380,1.2882634502736436,0.12788022,0.37423148565102304,0.09232318876553268,0.9140319646226206,0.035557026879303746,0.3645533141210375,0.17001816911361567,False,True,C:\Users\Owner\Desktop\Fall2023\CSE275\6D Pose\training_data_filtered\training_data\v2.2\1-9-9_color_kinect.png
2-6-11,mustard_bottle,42,z2,1014,3.1915332685866153,0.18388712,0.36947924844205626,0.08901184140807433,2.822054020144559,0.09487528265351014,0.19718992248062014,0.17366487752742318,False,True,C:\Users\Owner\Desktop\Fall2023\CSE275\6D Pose\training_data_filtered\training_data\v2.2\2-6-11_color_kinect.png
2-79-3,potted_meat_can,48,z2|x2,866,2.539063462242742,0.23421282,0.36935797788548885,0.15850019479634553,2.169705484357253,0.07571262096522063,0.2946298984034833,0.17320504428903366,False,True,C:\Users\Owner\Desktop\Fall2023\CSE275\6D Pose\training_data_filtered\training_data\v2.2\2-79-3_color_kinect.png
1-47-6,master_chef_can,39,zinf|x2,376,2.361857179540065,0.2206967,0.36662387284415526,0.10116244473187706,1.9952333066959098,0.11953425786764839,0.34045584045584043,0.17108309981925854,False,True,C:\Users\Owner\Desktop\Fall2023\CSE275\6D Pose\training_data_filtered\training_data\v2.2\1-47-6_color_kinect.png
2-93-4,mustard_bottle,42,z2,1117,0.5443373360181216,0.18637885,0.36437817392176974,0.14164721073021072,0.17995916209635188,0.044731640802725375,0.32965451055662187,0.1700477678909951,False,True,C:\Users\Owner\Desktop\Fall2023\CSE275\6D Pose\training_data_filtered\training_data\v2.2\2-93-4_color_kinect.png
2-69-12,wood_block,58,z2|y2|x4,554,1.4868633824767257,0.030469175,0.36127942102705424,0.13553631298739277,1.1255839614496714,-0.10506713755924069,0.3673036093418259,0.17076183632383604,False,True,C:\Users\Owner\Desktop\Fall2023\CSE275\6D Pose\training_data_filtered\training_data\v2.2\2-69-12_color_kinect.png
1-78-20,master_chef_can,39,zinf|x2,364,2.8556073201992382,0.044996705,0.360961673055058,0.13923510507207038,2.4946456471441802,-0.09423840016584517,0.34615384615384615,0.17327523562124095,False,True,C:\Users\Owner\Desktop\Fall2023\CSE275\6D Pose\training_data_filtered\training_data\v2.2\1-78-20_color_kinect.png
1-39-6,wood_block,58,z2|y2|x4,586,1.0461013921335596,0.057643216,0.36063622049389954,0.17067943012193157,0.68546517163966,-0.11303621401861622,0.3227176220806794,0.167941547013023,False,True,C:\Users\Owner\Desktop\Fall2023\CSE275\6D Pose\training_data_filtered\training_data\v2.2\1-39-6_color_kinect.png
1-5-11,jenga,35,z2|x2,736,1.2683870232712673,0.14281204,0.35972862817822215,0.13296193607954532,0.9086583950930451,0.009850107348875703,0.33271719038817005,0.17232064643203104,False,True,C:\Users\Owner\Desktop\Fall2023\CSE275\6D Pose\training_data_filtered\training_data\v2.2\1-5-11_color_kinect.png
1-20-8,master_chef_can,39,zinf|x2,372,2.305847297909107,0.07437307,0.35951607903413957,0.14681099972865289,1.9463312188749675,-0.0724379333033294,0.3418803418803419,0.16876880867973978,False,True,C:\Users\Owner\Desktop\Fall2023\CSE275\6D Pose\training_data_filtered\training_data\v2.2\1-20-8_color_kinect.png
1-21-5,tomato_soup_can,56,zinf|x2,687,1.9618558741093926,0.15729642,0.35793141918489757,0.13513919108981892,1.603924454924495,0.022157228053857836,0.3415574402467232,0.17071272678,False,True,C:\Users\Owner\Desktop\Fall2023\CSE275\6D Pose\training_data_filtered\training_data\v2.2\1-21-5_color_kinect.png
2-23-9,mustard_bottle,42,z2,1082,1.7950113250495745,0.35679328,0.3574119605110293,0.1464430128487655,1.4375993645385452,0.21035027156743322,0.33685220729366605,0.16946085606133873,False,True,C:\Users\Owner\Desktop\Fall2023\CSE275\6D Pose\training_data_filtered\training_data\v2.2\2-23-9_color_kinect.png
2-13-10,mustard_bottle,42,z2,1069,1.0924369801381386,0.119254224,0.35624577778803945,0.08400443531230015,0.7361912023500992,0.03524978869006115,0.3407766990291262,0.16406267940203187,False,True,C:\Users\Owner\Desktop\Fall2023\CSE275\6D Pose\training_data_filtered\training_data\v2.2\2-13-10_color_kinect.png
2-8-3,tuna_fish_can,57,zinf|x2,131,4.184867130794653,0.2674437,0.354830287721496,0.23452280816342957,3.830036843073157,0.03292087856027953,0.391304347826087,0.16712963367148514,False,True,C:\Users\Owner\Desktop\Fall2023\CSE275\6D Pose\training_data_filtered\training_data\v2.2\2-8-3_color_kinect.png
1-3-1,master_chef_can,39,zinf|x2,384,2.993756482160066,0.05790554,0.3543282988033392,0.14096779739361734,2.639428183356727,-0.08306225752335519,0.3884180790960452,0.1660910817055427,False,True,C:\Users\Owner\Desktop\Fall2023\CSE275\6D Pose\training_data_filtered\training_data\v2.2\1-3-1_color_kinect.png
2-55-10,tomato_soup_can,56,zinf|x2,718,1.5576845412614788,0.2446016,0.35382175354478057,0.14383275444613597,1.2038627877166983,0.1007688528765569,0.3328137178487919,0.16585224709696536,False,True,C:\Users\Owner\Desktop\Fall2023\CSE275\6D Pose\training_data_filtered\training_data\v2.2\2-55-10_color_kinect.png
2-69-12,gelatin_box,30,z2|x2,517,2.0093465141688713,0.09865549,0.35055704366504364,0.10972674444367723,1.6587894705038277,-0.011071252376340199,0.34725274725274724,0.16660053669832878,False,True,C:\Users\Owner\Desktop\Fall2023\CSE275\6D Pose\training_data_filtered\training_data\v2.2\2-69-12_color_kinect.png
2-51-3,mustard_bottle,42,z2,1101,3.4564300448307885,0.13059321,0.35042530798098065,0.14874491851208457,3.106004736849808,-0.01815170805332908,0.2927063339731286,0.17150703459716052,False,True,C:\Users\Owner\Desktop\Fall2023\CSE275\6D Pose\training_data_filtered\training_data\v2.2\2-51-3_color_kinect.png
2-78-13,mustard_bottle,42,z2,927,2.687151707854734,0.19009233,0.3492060256632949,0.13714503181029433,2.3379456821914393,0.05294729340027696,0.20249520153550865,0.17010769167660428,False,True,C:\Users\Owner\Desktop\Fall2023\CSE275\6D Pose\training_data_filtered\training_data\v2.2\2-78-13_color_kinect.png
2-23-6,master_chef_can,39,zinf|x2,368,2.7040026262221017,0.11304661,0.34791015518673307,0.12946909379881993,2.356092471035369,-0.016422484933558856,0.34472934472934474,0.15575091914854,False,True,C:\Users\Owner\Desktop\Fall2023\CSE275\6D Pose\training_data_filtered\training_data\v2.2\2-23-6_color_kinect.png
2-4-5,bleach_cleanser,8,z2,1274,7.0437599652172675,0.25173867,0.3466006819597761,0.12274885484262975,6.697159283257491,0.12898981264546838,0.2610456553755523,0.17289757251711174,False,True,C:\Users\Owner\Desktop\Fall2023\CSE275\6D Pose\training_data_filtered\training_data\v2.2\2-4-5_color_kinect.png
1-93-18,jenga,35,z2|x2,663,0.8956150350513463,0.20379701,0.34610490901841184,0.1153882505966391,0.5495101260329345,0.08840876197088104,0.33271719038817005,0.16604441695071184,False,True,C:\Users\Owner\Desktop\Fall2023\CSE275\6D Pose\training_data_filtered\training_data\v2.2\1-93-18_color_kinect.png
2-94-3,tuna_fish_can,57,zinf|x2,135,2.1679582037075353,0.19205728,0.346080202968883,0.14205779737219315,1.8218780007386524,0.04999948436036605,0.463768115942029,0.1593421613632308,False,True,C:\Users\Owner\Desktop\Fall2023\CSE275\6D Pose\training_data_filtered\training_data\v2.2\2-94-3_color_kinect.png
2-14-17,g_lego_duplo,29,z2,403,4.5113277191991825,0.1299385,0.3442950571134674,0.19533895809078963,4.167032662085715,-0.06540045995140822,0.3370646766169154,0.16475614210646986,False,True,C:\Users\Owner\Desktop\Fall2023\CSE275\6D Pose\training_data_filtered\training_data\v2.2\2-14-17_color_kinect.png
2-11-3,g_lego_duplo,29,z2,451,1.8332527300040995,0.3225207,0.34292687314033143,0.16200426285951705,1.490325856863768,0.16051644021779923,0.3515527950310559,0.17433846725738267,False,True,C:\Users\Owner\Desktop\Fall2023\CSE275\6D Pose\training_data_filtered\training_data\v2.2\2-11-3_color_kinect.png
2-64-20,jenga,35,z2|x2,716,1.4314088028934282,0.22971009,0.3413042479381932,0.10128302599611098,1.090104554955235,0.12842706118402664,0.29944547134935307,0.1676313863342582,False,True,C:\Users\Owner\Desktop\Fall2023\CSE275\6D Pose\training_data_filtered\training_data\v2.2\2-64-20_color_kinect.png
2-9-10,master_chef_can,39,zinf|x2,366,1.2751392407928628,0.19339064,0.34024773306718337,0.1305642925660293,0.9348915077256794,0.06282634507015539,0.3418803418803419,0.16757225154536798,False,True,C:\Users\Owner\Desktop\Fall2023\CSE275\6D Pose\training_data_filtered\training_data\v2.2\2-9-10_color_kinect.png
2-2-13,jenga,35,z2|x2,678,1.129033810066037,0.18865846,0.33992440185552814,0.12604154736983098,0.789109408210509,0.06261691360486232,0.31053604436229204,0.1727294890473276,False,True,C:\Users\Owner\Desktop\Fall2023\CSE275\6D Pose\training_data_filtered\training_data\v2.2\2-2-13_color_kinect.png
2-94-19,mustard_bottle,42,z2,464,8.154386458190647,0.75286865,0.33980264040031355,0.23561880568436563,7.814583817790333,0.5172498466593843,0.13339731285988485,0.16906271202325995,False,True,C:\Users\Owner\Desktop\Fall2023\CSE275\6D Pose\training_data_filtered\training_data\v2.2\2-94-19_color_kinect.png
2-26-13,tomato_soup_can,56,zinf|x2,737,0.3396079743762465,0.2936487,0.3396079743762465,0.29364868998527527,0.0,0.0,0.0,0.0,False,True,C:\Users\Owner\Desktop\Fall2023\CSE275\6D Pose\training_data_filtered\training_data\v2.2\2-26-13_color_kinect.png
1-53-6,tomato_soup_can,56,zinf|x2,712,0.3347048714249718,0.28566405,0.3347048714249718,0.28566405177116394,0.0,0.0,0.0,0.0,False,True,C:\Users\Owner\Desktop\Fall2023\CSE275\6D Pose\training_data_filtered\training_data\v2.2\1-53-6_color_kinect.png
2-58-15,tomato_soup_can,56,zinf|x2,707,0.6738871354960363,0.24450801,0.33390935332213395,0.1402136148680657,0.33997778217390234,0.10429439826116862,0.30709275136399067,0.17094952517119805,False,True,C:\Users\Owner\Desktop\Fall2023\CSE275\6D Pose\training_data_filtered\training_data\v2.2\2-58-15_color_kinect.png
2-7-9,mustard_bottle,42,z2,1104,1.035626415063742,0.30372912,0.3329364038230764,0.17666093276626138,0.7026900112406655,0.1270681841503951,0.32151529868868384,0.17152167616766642,False,True,C:\Users\Owner\Desktop\Fall2023\CSE275\6D Pose\training_data_filtered\training_data\v2.2\2-7-9_color_kinect.png
1-13-11,master_chef_can,39,zinf|x2,381,0.3311735932485262,0.11367342,0.3311735932485262,0.11367341876029968,0.0,0.0,0.0,0.0,False,True,C:\Users\Owner\Desktop\Fall2023\CSE275\6D Pose\training_data_filtered\training_data\v2.2\1-13-11_color_kinect.png
2-60-7,mustard_bottle,42,z2,1124,1.9086320208081826,0.26981577,0.3305378429289876,0.15626717670655982,1.578094177879195,0.11354859606527551,0.32821497120921306,0.17094880846598606,False,True,C:\Users\Owner\Desktop\Fall2023\CSE275\6D Pose\training_data_filtered\training_data\v2.2\2-60-7_color_kinect.png
2-49-11,bleach_cleanser,8,z2,1337,0.6399666002351507,0.2637259,0.33030565138002166,0.1471227126151473,0.30966094885512907,0.11660319399534158,0.24416058394160584,0.17353434049820504,False,True,C:\Users\Owner\Desktop\Fall2023\CSE275\6D Pose\training_data_filtered\training_data\v2.2\2-49-11_color_kinect.png
1-13-7,tuna_fish_can,57,zinf|x2,113,6.7434015014446,0.33408585,0.32993482301834576,0.38019682035267427,6.413466678426254,-0.04611096844494417,0.2898550724637681,0.1692159419924846,False,True,C:\Users\Owner\Desktop\Fall2023\CSE275\6D Pose\training_data_filtered\training_data\v2.2\1-13-7_color_kinect.png
1-51-4,jenga,35,z2|x2,526,1.5480525900795876,0.12155109,0.3296967698763514,0.13161418804294212,1.2183558202032363,-0.01006309905416114,0.25970425138632164,0.16759612499213797,False,True,C:\Users\Owner\Desktop\Fall2023\CSE275\6D Pose\training_data_filtered\training_data\v2.2\1-51-4_color_kinect.png
2-2-13,bleach_cleanser,8,z2,1495,3.2251057477704346,0.2990225,0.3269329768953912,0.09828852760024204,2.8981727708750435,0.2007339681463705,0.256,0.17005215400880555,False,True,C:\Users\Owner\Desktop\Fall2023\CSE275\6D Pose\training_data_filtered\training_data\v2.2\2-2-13_color_kinect.png
2-18-8,bleach_cleanser,8,z2,1483,2.020954276204829,0.17555316,0.32561777498670036,0.12506060417800957,1.6953365012181285,0.0504925537475962,0.27335766423357666,0.17131393191542688,False,True,C:\Users\Owner\Desktop\Fall2023\CSE275\6D Pose\training_data_filtered\training_data\v2.2\2-18-8_color_kinect.png
1-67-18,potted_meat_can,48,z2|x2,827,2.842467450204491,0.15672557,0.32339537300721194,0.10308798480490734,2.519072077197279,0.053637585754594305,0.2997097242380261,0.17093454884350384,False,True,C:\Users\Owner\Desktop\Fall2023\CSE275\6D Pose\training_data_filtered\training_data\v2.2\1-67-18_color_kinect.png
2-63-8,jenga,35,z2|x2,588,2.571517915134086,0.055509083,0.32323926020978966,0.12389063396012323,2.248278654924296,-0.06838155098711984,0.27171903881700554,0.17254629910716435,False,True,C:\Users\Owner\Desktop\Fall2023\CSE275\6D Pose\training_data_filtered\training_data\v2.2\2-63-8_color_kinect.png
1-92-8,wood_block,58,z2|y2|x4,462,2.178282508443285,0.38789374,0.32090203717797516,0.1140707732416209,1.85738047126531,0.27382296312083637,0.30254777070063693,0.16677823630701732,False,True,C:\Users\Owner\Desktop\Fall2023\CSE275\6D Pose\training_data_filtered\training_data\v2.2\1-92-8_color_kinect.png
2-35-4,master_chef_can,39,zinf|x2,383,3.6809160205263862,0.21537732,0.3199633044560699,0.08919135015646687,3.360952716070316,0.12618596572240123,0.3717948717948718,0.15709705907184734,False,True,C:\Users\Owner\Desktop\Fall2023\CSE275\6D Pose\training_data_filtered\training_data\v2.2\2-35-4_color_kinect.png
2-58-15,g_lego_duplo,29,z2,390,0.5252878043341578,0.44472525,0.319797885103727,0.18939851180372283,0.2054899192304308,0.25532673343362766,0.35135135135135137,0.168580411750507,False,True,C:\Users\Owner\Desktop\Fall2023\CSE275\6D Pose\training_data_filtered\training_data\v2.2\2-58-15_color_kinect.png
1-56-1,tomato_soup_can,56,zinf|x2,715,3.256151542018195,0.29584047,0.31899399878887763,0.12269793258087483,2.937157543229317,0.1731425394020811,0.3066255778120185,0.1775407339986218,False,True,C:\Users\Owner\Desktop\Fall2023\CSE275\6D Pose\training_data_filtered\training_data\v2.2\1-56-1_color_kinect.png
1-83-6,wood_block,58,z2|y2|x4,593,1.305117338434874,0.11412098,0.3160453053467661,0.14412197985508352,0.9890720330881079,-0.03000099726774602,0.3832271762208068,0.17023333444051789,False,True,C:\Users\Owner\Desktop\Fall2023\CSE275\6D Pose\training_data_filtered\training_data\v2.2\1-83-6_color_kinect.png
2-77-11,master_chef_can,39,zinf|x2,385,3.1784003297082077,0.15909483,0.315160175891936,0.12658820855708827,2.863240153816272,0.032506616829912766,0.37606837606837606,0.1644208149563727,False,True,C:\Users\Owner\Desktop\Fall2023\CSE275\6D Pose\training_data_filtered\training_data\v2.2\2-77-11_color_kinect.png
1-49-20,master_chef_can,39,zinf|x2,374,2.297765682592711,0.14998408,0.3144018465205851,0.12500741372114588,1.9833638360721257,0.024976662898002377,0.3831908831908832,0.16924912308251458,False,True,C:\Users\Owner\Desktop\Fall2023\CSE275\6D Pose\training_data_filtered\training_data\v2.2\1-49-20_color_kinect.png
2-93-1,gelatin_box,30,z2|x2,545,0.7959655519627656,0.07640851,0.31410274898593743,0.12944097250478528,0.4818628029768282,-0.05303245961444639,0.34285714285714286,0.16962066569035744,False,True,C:\Users\Owner\Desktop\Fall2023\CSE275\6D Pose\training_data_filtered\training_data\v2.2\2-93-1_color_kinect.png
2-8-3,master_chef_can,39,zinf|x2,368,4.182184178925284,0.08897057,0.31378370881991335,0.12288005829983142,3.8684004701053705,-0.03390948654346851,0.36182336182336183,0.16513434475345748,False,True,C:\Users\Owner\Desktop\Fall2023\CSE275\6D Pose\training_data_filtered\training_data\v2.2\2-8-3_color_kinect.png
2-70-5,mustard_bottle,42,z2,1121,1.594808452457556,0.11703275,0.3119297292605764,0.19540442583987203,1.2828787231969798,-0.07837167439887013,0.32581573896353166,0.1730123821175798,False,True,C:\Users\Owner\Desktop\Fall2023\CSE275\6D Pose\training_data_filtered\training_data\v2.2\2-70-5_color_kinect.png
1-95-15,tomato_soup_can,56,zinf|x2,691,2.034280465931571,0.26018944,0.3085847976846982,0.13802562980498495,1.7256956682468727,0.12216381402169046,0.2883865939204988,0.16986184961619405,False,True,C:\Users\Owner\Desktop\Fall2023\CSE275\6D Pose\training_data_filtered\training_data\v2.2\1-95-15_color_kinect.png
2-96-0,wood_block,58,z2|y2|x4,542,1.2883598553308624,0.12683946,0.30577211274718585,0.13189362551230707,0.9825877425836765,-0.005054166569893742,0.32908704883227174,0.1740841158573805,False,True,C:\Users\Owner\Desktop\Fall2023\CSE275\6D Pose\training_data_filtered\training_data\v2.2\2-96-0_color_kinect.png
2-2-2,jenga,35,z2|x2,760,0.9827779559201749,0.095390506,0.30413746256811314,0.13592213864174227,0.6786404933520618,-0.040531632553008595,0.3345656192236599,0.17016089253534236,False,True,C:\Users\Owner\Desktop\Fall2023\CSE275\6D Pose\training_data_filtered\training_data\v2.2\2-2-2_color_kinect.png
2-37-7,mustard_bottle,42,z2,1056,1.5646020997615044,0.11817542,0.3040513255607989,0.13383127504774106,1.2605507742007056,-0.01565585786291135,0.32197696737044146,0.16813291653476325,False,True,C:\Users\Owner\Desktop\Fall2023\CSE275\6D Pose\training_data_filtered\training_data\v2.2\2-37-7_color_kinect.png
2-30-8,tomato_soup_can,56,zinf|x2,568,1.7071536643958916,0.22001427,0.30334734182500156,0.18730564050112633,1.4038063225708899,0.03270863361920448,0.26110678098207324,0.16700217659735211,False,True,C:\Users\Owner\Desktop\Fall2023\CSE275\6D Pose\training_data_filtered\training_data\v2.2\2-30-8_color_kinect.png
1-30-6,tuna_fish_can,57,zinf|x2,129,2.4921455457089126,0.06629588,0.3003071239068726,0.15816605647508777,2.19183842180204,-0.0918701793760506,0.46859903381642515,0.151505622371977,False,True,C:\Users\Owner\Desktop\Fall2023\CSE275\6D Pose\training_data_filtered\training_data\v2.2\1-30-6_color_kinect.png
1-2-18,master_chef_can,39,zinf|x2,371,0.3829567739069278,0.19218855,0.2993518278585541,0.13603905666452404,0.08360494604837371,0.05614948939699177,0.31098430813124106,0.1719317345432991,False,True,C:\Users\Owner\Desktop\Fall2023\CSE275\6D Pose\training_data_filtered\training_data\v2.2\1-2-18_color_kinect.png
2-14-14,jenga,35,z2|x2,689,1.3798950901475957,0.091267474,0.2982056878389258,0.12442410986970028,1.0816894023086698,-0.0331566358740147,0.2966728280961183,0.1699580607743517,False,True,C:\Users\Owner\Desktop\Fall2023\CSE275\6D Pose\training_data_filtered\training_data\v2.2\2-14-14_color_kinect.png
2-55-10,jenga,35,z2|x2,673,1.3880703398665462,0.1380728,0.29529690226558447,0.0996094214412863,1.0927734376009617,0.03846338217523744,0.3687615526802218,0.16469920261419635,False,True,C:\Users\Owner\Desktop\Fall2023\CSE275\6D Pose\training_data_filtered\training_data\v2.2\2-55-10_color_kinect.png
1-84-19,wood_block,58,z2|y2|x4,486,2.122578803541302,0.30090347,0.29402020877363,0.23781992360418447,1.8285585947676717,0.06308354571992747,0.27070063694267515,0.17145649551772163,False,True,C:\Users\Owner\Desktop\Fall2023\CSE275\6D Pose\training_data_filtered\training_data\v2.2\1-84-19_color_kinect.png
2-86-18,tomato_soup_can,56,zinf|x2,485,4.759582767466178,0.7199553,0.2927476041217073,0.14106095803497576,4.46683516334447,0.5788943670916722,0.24863600935307872,0.1648754574006508,False,True,C:\Users\Owner\Desktop\Fall2023\CSE275\6D Pose\training_data_filtered\training_data\v2.2\2-86-18_color_kinect.png
2-8-18,mustard_bottle,42,z2,896,4.159061118168064,0.072331615,0.2923504142039798,0.12222090866134452,3.8667107039640842,-0.04988929386899757,0.22431259044862517,0.17365703774288865,False,True,C:\Users\Owner\Desktop\Fall2023\CSE275\6D Pose\training_data_filtered\training_data\v2.2\2-8-18_color_kinect.png
2-34-12,bleach_cleanser,8,z2,1417,4.0687032787494,0.4243249,0.29213356653098393,0.11164543846320558,3.7765697122184156,0.3126794614486749,0.2521897810218978,0.173791805330807,False,True,C:\Users\Owner\Desktop\Fall2023\CSE275\6D Pose\training_data_filtered\training_data\v2.2\2-34-12_color_kinect.png
2-26-12,tomato_soup_can,56,zinf|x2,710,1.5828311989268269,0.26023692,0.2921143070173973,0.16439759748956445,1.2907168919094296,0.09583932143667456,0.31098986749805146,0.17023983867867706,False,True,C:\Users\Owner\Desktop\Fall2023\CSE275\6D Pose\training_data_filtered\training_data\v2.2\2-26-12_color_kinect.png
2-94-19,bleach_cleanser,8,z2,1519,1.9374890211042821,0.21918958,0.2900918700085156,0.12702568294244684,1.6473971510957666,0.09216390131277166,0.22518248175182481,0.1732753577074301,False,True,C:\Users\Owner\Desktop\Fall2023\CSE275\6D Pose\training_data_filtered\training_data\v2.2\2-94-19_color_kinect.png
1-4-10,jenga,35,z2|x2,749,1.7246462091776547,0.18149745,0.2898671062862351,0.1913885710786295,1.4347791028914196,-0.009891116435379987,0.32624768946395566,0.1695119983072702,False,True,C:\Users\Owner\Desktop\Fall2023\CSE275\6D Pose\training_data_filtered\training_data\v2.2\1-4-10_color_kinect.png
2-11-3,mustard_bottle,42,z2,1096,2.62489075092148,0.13592789,0.28920003745062317,0.15622499900762515,2.3356907134708567,-0.020297113236827424,0.3111432706222865,0.16967040519322638,False,True,C:\Users\Owner\Desktop\Fall2023\CSE275\6D Pose\training_data_filtered\training_data\v2.2\2-11-3_color_kinect.png
2-60-7,g_lego_duplo,29,z2,461,3.3063017084685415,0.20179145,0.2891856831140651,0.14525660629776974,3.0171160253544764,0.056534844083509256,0.3894348894348894,0.16630654231694686,False,True,C:\Users\Owner\Desktop\Fall2023\CSE275\6D Pose\training_data_filtered\training_data\v2.2\2-60-7_color_kinect.png
1-99-12,tomato_soup_can,56,zinf|x2,683,1.6184108978756047,0.34151763,0.28787741179561294,0.15648924172356624,1.3305334860799918,0.18502838551566106,0.3133281371784879,0.16633546287338438,False,True,C:\Users\Owner\Desktop\Fall2023\CSE275\6D Pose\training_data_filtered\training_data\v2.2\1-99-12_color_kinect.png
1-56-10,potted_meat_can,48,z2|x2,810,0.82074042414346,0.58915156,0.2870249950432383,0.0934940849749606,0.5337154291002217,0.4956574762852628,0.2931785195936139,0.17439126584946152,False,True,C:\Users\Owner\Desktop\Fall2023\CSE275\6D Pose\training_data_filtered\training_data\v2.2\1-56-10_color_kinect.png
2-93-9,gelatin_box,30,z2|x2,503,0.450625414327637,0.090243526,0.2860793079141642,0.08924089177943366,0.16454610641347278,0.0010026340236554826,0.31648351648351647,0.17634153097630378,False,True,C:\Users\Owner\Desktop\Fall2023\CSE275\6D Pose\training_data_filtered\training_data\v2.2\2-93-9_color_kinect.png
2-58-15,mustard_bottle,42,z2,1117,0.8683833348644224,0.14477709,0.28496868115508167,0.1417203448886456,0.5834146537093408,0.003056744468730499,0.3430902111324376,0.16992455471321938,False,True,C:\Users\Owner\Desktop\Fall2023\CSE275\6D Pose\training_data_filtered\training_data\v2.2\2-58-15_color_kinect.png
2-71-10,bleach_cleanser,8,z2,1466,2.3112330307498956,0.12409958,0.28234833581917484,0.07653823321336457,2.0288846949307207,0.04756134922033599,0.23722627737226276,0.17259428636457672,False,True,C:\Users\Owner\Desktop\Fall2023\CSE275\6D Pose\training_data_filtered\training_data\v2.2\2-71-10_color_kinect.png
2-7-10,jenga,35,z2|x2,279,2.1876863145824754,0.4209252,0.28194737273442155,0.12880606747683385,1.905738941848054,0.2921191325086703,0.16728280961182995,0.16456738073241456,False,True,C:\Users\Owner\Desktop\Fall2023\CSE275\6D Pose\training_data_filtered\training_data\v2.2\2-7-10_color_kinect.png
2-14-14,bleach_cleanser,8,z2,1526,2.636307056169586,0.23116826,0.2818623212780842,0.11759381824142807,2.3544447348915014,0.11357443696849472,0.2765095729013255,0.1703550904363242,False,True,C:\Users\Owner\Desktop\Fall2023\CSE275\6D Pose\training_data_filtered\training_data\v2.2\2-14-14_color_kinect.png
2-75-4,master_chef_can,39,zinf|x2,394,1.432447544708789,0.14280248,0.28183157035378836,0.13809922274965175,1.1506159743550006,0.004703254133282819,0.3803418803418803,0.17358172142490988,False,True,C:\Users\Owner\Desktop\Fall2023\CSE275\6D Pose\training_data_filtered\training_data\v2.2\2-75-4_color_kinect.png
2-14-14,g_lego_duplo,29,z2,312,4.596809812308507,0.25352266,0.28092826291103856,0.16698480647441527,4.315881549397469,0.0865378578341327,0.29528535980148884,0.1642477669551126,False,True,C:\Users\Owner\Desktop\Fall2023\CSE275\6D Pose\training_data_filtered\training_data\v2.2\2-14-14_color_kinect.png
1-61-14,tomato_soup_can,56,zinf|x2,681,3.3924176832169226,0.19454645,0.2802582382600999,0.12277840360657837,3.1121594449568226,0.07176804259760712,0.3089802130898021,0.16853546922719814,False,True,C:\Users\Owner\Desktop\Fall2023\CSE275\6D Pose\training_data_filtered\training_data\v2.2\1-61-14_color_kinect.png
2-7-6,jenga,35,z2|x2,673,3.0366743341216864,0.07147181,0.27994124625499484,0.11179184019732025,2.7567330878666914,-0.0403200298564389,0.32809611829944546,0.16786928788671324,False,True,C:\Users\Owner\Desktop\Fall2023\CSE275\6D Pose\training_data_filtered\training_data\v2.2\2-7-6_color_kinect.png
2-2-13,master_chef_can,39,zinf|x2,365,4.1015499928539025,0.13418056,0.2772712588773364,0.1304572540354556,3.8242787339765663,0.003723306672590354,0.38603988603988604,0.1618312710088904,False,True,C:\Users\Owner\Desktop\Fall2023\CSE275\6D Pose\training_data_filtered\training_data\v2.2\2-2-13_color_kinect.png
1-95-15,jenga,35,z2|x2,713,1.142746597100181,0.1626145,0.27667400469362147,0.10674353696567458,0.8660725924065594,0.055870957596474466,0.31146025878003697,0.17113719817714898,False,True,C:\Users\Owner\Desktop\Fall2023\CSE275\6D Pose\training_data_filtered\training_data\v2.2\1-95-15_color_kinect.png
2-22-1,mustard_bottle,42,z2,996,2.0320227989234327,0.14299414,0.2753615714380847,0.1057411495485117,1.7566612274853481,0.03725298606969814,0.22854387656702024,0.17225279149008338,False,True,C:\Users\Owner\Desktop\Fall2023\CSE275\6D Pose\training_data_filtered\training_data\v2.2\2-22-1_color_kinect.png
1-78-20,wood_block,58,z2|y2|x4,595,1.0195626723797064,0.1251565,0.27065979390924394,0.13297844066720907,0.7489028784704626,-0.007821933771190087,0.35881104033970274,0.16980360663542463,False,True,C:\Users\Owner\Desktop\Fall2023\CSE275\6D Pose\training_data_filtered\training_data\v2.2\1-78-20_color_kinect.png
2-78-13,master_chef_can,39,zinf|x2,375,1.8463424929737344,0.18560438,0.26897819691470115,0.13958103923112714,1.5773642960590333,0.04602333934991992,0.33903133903133903,0.16855204794593703,False,True,C:\Users\Owner\Desktop\Fall2023\CSE275\6D Pose\training_data_filtered\training_data\v2.2\2-78-13_color_kinect.png
1-90-2,pudding_box,51,z2|x2,193,5.3329690470041085,0.37172,0.2667515782726493,0.13882012987557635,5.066217468731459,0.2328998563247563,0.37047353760445684,0.1788260168663229,False,True,C:\Users\Owner\Desktop\Fall2023\CSE275\6D Pose\training_data_filtered\training_data\v2.2\1-90-2_color_kinect.png
1-9-4,master_chef_can,39,zinf|x2,367,3.1734831435646202,0.14957687,0.26612471986748065,0.12263255208387824,2.9073584236971395,0.026944320503325736,0.34950071326676174,0.15995497833760883,False,True,C:\Users\Owner\Desktop\Fall2023\CSE275\6D Pose\training_data_filtered\training_data\v2.2\1-9-4_color_kinect.png
2-93-4,tuna_fish_can,57,zinf|x2,132,2.2080248123961446,0.09276887,0.26607869178873267,0.11487145153423807,1.9419461206074118,-0.022102581240143984,0.4251207729468599,0.1636310051875442,False,True,C:\Users\Owner\Desktop\Fall2023\CSE275\6D Pose\training_data_filtered\training_data\v2.2\2-93-4_color_kinect.png
2-21-14,master_chef_can,39,zinf|x2,375,1.0262944222414472,0.18632786,0.2642705496460485,0.1279586979541649,0.7620238725953987,0.05836916180516585,0.37606837606837606,0.16748315867874278,False,True,C:\Users\Owner\Desktop\Fall2023\CSE275\6D Pose\training_data_filtered\training_data\v2.2\2-21-14_color_kinect.png
2-34-3,wood_block,58,z2|y2|x4,512,2.844021843957977,0.16588092,0.26425902970016296,0.1013004931148461,2.579762814257814,0.06458042538796152,0.3386411889596603,0.17283532182761713,False,True,C:\Users\Owner\Desktop\Fall2023\CSE275\6D Pose\training_data_filtered\training_data\v2.2\2-34-3_color_kinect.png
2-17-9,mustard_bottle,42,z2,1130,0.9849734446939773,0.16585022,0.26390412421495224,0.16429212162818496,0.721069320479025,0.0015581004825633293,0.30193236714975846,0.1704490309182903,False,True,C:\Users\Owner\Desktop\Fall2023\CSE275\6D Pose\training_data_filtered\training_data\v2.2\2-17-9_color_kinect.png
2-91-11,master_chef_can,39,zinf|x2,370,2.924151630174427,0.062843114,0.26304218644843713,0.13466350747753444,2.66110944372599,-0.07182039333988491,0.39173789173789175,0.1712959593041997,False,True,C:\Users\Owner\Desktop\Fall2023\CSE275\6D Pose\training_data_filtered\training_data\v2.2\2-91-11_color_kinect.png
2-63-11,mustard_bottle,42,z2,925,3.973998021458198,0.2515422,0.2593583851933721,0.0800850593662746,3.7146396362648257,0.17145715121264388,0.20057581573896352,0.17303884313049014,False,True,C:\Users\Owner\Desktop\Fall2023\CSE275\6D Pose\training_data_filtered\training_data\v2.2\2-63-11_color_kinect.png
2-13-3,bleach_cleanser,8,z2,1200,4.100047543276948,0.31026316,0.2593104308634641,0.15122432814350897,3.8407371124134837,0.15903882874736017,0.2141818181818182,0.1747741614393333,False,True,C:\Users\Owner\Desktop\Fall2023\CSE275\6D Pose\training_data_filtered\training_data\v2.2\2-13-3_color_kinect.png
1-6-5,potted_meat_can,48,z2|x2,843,3.992829684891385,0.28884512,0.25846040825970434,0.13624565990064308,3.7343692766316807,0.15259946195986107,0.2913955169920463,0.17155801638167748,False,True,C:\Users\Owner\Desktop\Fall2023\CSE275\6D Pose\training_data_filtered\training_data\v2.2\1-6-5_color_kinect.png
2-4-10,mustard_bottle,42,z2,825,2.565487128383456,0.23835,0.2566778650566065,0.12628264756100194,2.3088092633268493,0.11206735639674648,0.21835748792270532,0.1754959057597287,False,True,C:\Users\Owner\Desktop\Fall2023\CSE275\6D Pose\training_data_filtered\training_data\v2.2\2-4-10_color_kinect.png
1-1-4,jenga,35,z2|x2,730,0.2550499313729591,0.19930473,0.2550499313729591,0.1993047297000885,0.0,0.0,0.0,0.0,False,True,C:\Users\Owner\Desktop\Fall2023\CSE275\6D Pose\training_data_filtered\training_data\v2.2\1-1-4_color_kinect.png
2-7-6,mustard_bottle,42,z2,1038,1.3290886129740864,0.10489706,0.2528934551169026,0.07292298390130039,1.0761951578571838,0.031974075598917046,0.33544303797468356,0.17170813514815736,False,True,C:\Users\Owner\Desktop\Fall2023\CSE275\6D Pose\training_data_filtered\training_data\v2.2\2-7-6_color_kinect.png
2-96-0,jenga,35,z2|x2,743,1.0814665480366934,0.15632306,0.25188225570975964,0.13289567122078222,0.8295842923269338,0.023427389172551216,0.33826247689463956,0.16848183692072966,False,True,C:\Users\Owner\Desktop\Fall2023\CSE275\6D Pose\training_data_filtered\training_data\v2.2\2-96-0_color_kinect.png
2-49-11,gelatin_box,30,z2|x2,539,1.493595995255158,0.13488758,0.25187584789830536,0.11959779917626026,1.2417201473568527,0.015289776926950188,0.35274725274725277,0.16995968774463044,False,True,C:\Users\Owner\Desktop\Fall2023\CSE275\6D Pose\training_data_filtered\training_data\v2.2\2-49-11_color_kinect.png
1-57-11,gelatin_box,30,z2|x2,527,2.130346076597101,0.11877555,0.2507386383275937,0.1058491113999087,1.8796074382695074,0.012926435150842033,0.3509933774834437,0.16310042971546318,False,True,C:\Users\Owner\Desktop\Fall2023\CSE275\6D Pose\training_data_filtered\training_data\v2.2\1-57-11_color_kinect.png
2-30-8,wood_block,58,z2|y2|x4,548,0.796759642697269,0.03378416,0.24921993340083207,0.11091618294004324,0.5475397092964369,-0.07713202441219214,0.3609341825902335,0.16779573901496395,False,True,C:\Users\Owner\Desktop\Fall2023\CSE275\6D Pose\training_data_filtered\training_data\v2.2\2-30-8_color_kinect.png
1-9-9,potted_meat_can,48,z2|x2,808,2.5801125574949513,0.25559112,0.24906326962785083,0.11570741100475185,2.3310492878671005,0.1398837132914365,0.28747284576393917,0.17298649600524424,False,True,C:\Users\Owner\Desktop\Fall2023\CSE275\6D Pose\training_data_filtered\training_data\v2.2\1-9-9_color_kinect.png
1-3-11,jenga,35,z2|x2,684,0.9684163139268848,0.20995094,0.24772686913339315,0.11692673927293899,0.7206894447934916,0.09302419954789994,0.3290203327171904,0.17089854227605353,False,True,C:\Users\Owner\Desktop\Fall2023\CSE275\6D Pose\training_data_filtered\training_data\v2.2\1-3-11_color_kinect.png
2-94-19,nine_hole_peg_test,43,no,330,2.6961274514417566,0.1736977,0.24766101926709702,0.12631092240796507,2.4484664321746594,0.04738677272810518,0.36930860033726814,0.16850999580945705,False,True,C:\Users\Owner\Desktop\Fall2023\CSE275\6D Pose\training_data_filtered\training_data\v2.2\2-94-19_color_kinect.png
1-93-18,potted_meat_can,48,z2|x2,837,3.180908663292069,0.31263402,0.24744497718222022,0.119453948325114,2.9334636861098486,0.19318007271866347,0.2772133526850508,0.1734524759923815,False,True,C:\Users\Owner\Desktop\Fall2023\CSE275\6D Pose\training_data_filtered\training_data\v2.2\1-93-18_color_kinect.png
2-52-0,bleach_cleanser,8,z2,1536,3.1684863251437085,0.33145565,0.24547264205187855,0.1323496338216767,2.92301368309183,0.19910601412372736,0.23576642335766423,0.17277097384527734,False,True,C:\Users\Owner\Desktop\Fall2023\CSE275\6D Pose\training_data_filtered\training_data\v2.2\2-52-0_color_kinect.png
2-84-0,mustard_bottle,42,z2,1083,2.163690999141632,0.13746135,0.24540170523366528,0.13394677195341767,1.9182892939079668,0.0035145774146777276,0.35268714011516317,0.16884299868367397,False,True,C:\Users\Owner\Desktop\Fall2023\CSE275\6D Pose\training_data_filtered\training_data\v2.2\2-84-0_color_kinect.png
1-42-6,master_chef_can,39,zinf|x2,361,2.7514069750227277,0.08045918,0.24450837989427565,0.12391994399655754,2.506898595128452,-0.04346076650250846,0.3319088319088319,0.17127908973038425,False,True,C:\Users\Owner\Desktop\Fall2023\CSE275\6D Pose\training_data_filtered\training_data\v2.2\1-42-6_color_kinect.png
2-73-20,mustard_bottle,42,z2,1076,1.295838473563395,0.089579225,0.24352387964947028,0.17746547007881847,1.0523145939139247,-0.08788624549233165,0.34021113243761997,0.171910331759882,False,True,C:\Users\Owner\Desktop\Fall2023\CSE275\6D Pose\training_data_filtered\training_data\v2.2\2-73-20_color_kinect.png
1-5-11,wood_block,58,z2|y2|x4,560,1.072661254403556,0.3053587,0.24338250228262964,0.11101409227471204,0.8292787521209264,0.19434461563010363,0.32767762460233296,0.16999685186559266,False,True,C:\Users\Owner\Desktop\Fall2023\CSE275\6D Pose\training_data_filtered\training_data\v2.2\1-5-11_color_kinect.png
1-58-12,jenga,35,z2|x2,699,0.7093932388818117,0.2543664,0.24274645938898592,0.12049455656980915,0.4666467794928258,0.13387184128785687,0.3179297597042514,0.17022136350127795,False,True,C:\Users\Owner\Desktop\Fall2023\CSE275\6D Pose\training_data_filtered\training_data\v2.2\1-58-12_color_kinect.png
2-2-6,mustard_bottle,42,z2,1116,1.223490559298893,0.13051589,0.24158781908265903,0.138429361561599,0.9819027402162339,-0.007913473228278373,0.3161728994657601,0.17557308793200826,False,True,C:\Users\Owner\Desktop\Fall2023\CSE275\6D Pose\training_data_filtered\training_data\v2.2\2-2-6_color_kinect.png
1-1-15,jenga,35,z2|x2,650,1.6882950606861098,0.27404305,0.24149983779348863,0.10888039039685553,1.446795222892621,0.16516266299174004,0.3133086876155268,0.16537245335688663,False,True,C:\Users\Owner\Desktop\Fall2023\CSE275\6D Pose\training_data_filtered\training_data\v2.2\1-1-15_color_kinect.png
2-29-1,bleach_cleanser,8,z2,1499,2.106373928094655,0.35573578,0.24027984308333572,0.1262023647016088,1.8660940850113192,0.22953341410698494,0.23467153284671532,0.17265953626513622,False,True,C:\Users\Owner\Desktop\Fall2023\CSE275\6D Pose\training_data_filtered\training_data\v2.2\2-29-1_color_kinect.png
1-9-9,jenga,35,z2|x2,702,1.9732693654996454,0.12327756,0.23950886666040377,0.1387010056675403,1.7337604988392417,-0.015423445791098334,0.3364140480591497,0.17130444132627595,False,True,C:\Users\Owner\Desktop\Fall2023\CSE275\6D Pose\training_data_filtered\training_data\v2.2\1-9-9_color_kinect.png
2-54-15,jenga,35,z2|x2,708,2.7830859574755507,0.039866865,0.23916995610647984,0.11049925990532553,2.543916001369071,-0.07063239522408163,0.31053604436229204,0.17468194710245247,False,True,C:\Users\Owner\Desktop\Fall2023\CSE275\6D Pose\training_data_filtered\training_data\v2.2\2-54-15_color_kinect.png
2-10-19,mustard_bottle,42,z2,1065,0.7066166079517867,0.18155955,0.23915769764949962,0.1684135392014994,0.4674589103022871,0.013146008580444873,0.32513265798359864,0.1703011972096363,False,True,C:\Users\Owner\Desktop\Fall2023\CSE275\6D Pose\training_data_filtered\training_data\v2.2\2-10-19_color_kinect.png
2-46-0,jenga,35,z2|x2,671,1.808853804072679,0.33059156,0.23686339003549617,0.10663585478315486,1.5719904140371828,0.22395570462694037,0.31053604436229204,0.16533982417767046,False,True,C:\Users\Owner\Desktop\Fall2023\CSE275\6D Pose\training_data_filtered\training_data\v2.2\2-46-0_color_kinect.png
2-65-11,tuna_fish_can,57,zinf|x2,124,2.7989495959415627,0.0490685,0.23437380159848006,0.1308614174564526,2.5645757943430825,-0.08179291809994435,0.42995169082125606,0.16410747586886,False,True,C:\Users\Owner\Desktop\Fall2023\CSE275\6D Pose\training_data_filtered\training_data\v2.2\2-65-11_color_kinect.png
2-12-2,mustard_bottle,42,z2,1044,1.6694839936513448,0.19409168,0.23419743762068393,0.1324750158673327,1.435286556030661,0.06161666179837774,0.2961890979257115,0.16931950918612645,False,True,C:\Users\Owner\Desktop\Fall2023\CSE275\6D Pose\training_data_filtered\training_data\v2.2\2-12-2_color_kinect.png
1-7-6,master_chef_can,39,zinf|x2,378,1.9367601989841319,0.1295581,0.23393611333716535,0.12725678321225614,1.7028240856469665,0.002301318084168724,0.33991537376586745,0.16674058613399265,False,True,C:\Users\Owner\Desktop\Fall2023\CSE275\6D Pose\training_data_filtered\training_data\v2.2\1-7-6_color_kinect.png
2-93-4,jenga,35,z2|x2,722,1.179181306069666,0.22061463,0.23122160464228955,0.10537154536292799,0.9479597014273765,0.11524308164074175,0.3299445471349353,0.168006457304554,False,True,C:\Users\Owner\Desktop\Fall2023\CSE275\6D Pose\training_data_filtered\training_data\v2.2\2-93-4_color_kinect.png
2-63-8,bleach_cleanser,8,z2,1495,1.3900939684227611,0.1917163,0.2309302076262044,0.16658454868010367,1.1591637607965568,0.02513174978085672,0.2675182481751825,0.1697997741976442,False,True,C:\Users\Owner\Desktop\Fall2023\CSE275\6D Pose\training_data_filtered\training_data\v2.2\2-63-8_color_kinect.png
2-94-3,mustard_bottle,42,z2,915,2.5020709457717785,0.12590371,0.22926160903803783,0.165889150691027,2.2728093367337405,-0.03998543996810372,0.2317658349328215,0.17454668046920174,False,True,C:\Users\Owner\Desktop\Fall2023\CSE275\6D Pose\training_data_filtered\training_data\v2.2\2-94-3_color_kinect.png
2-7-9,bleach_cleanser,8,z2,1563,0.9407344281924312,0.27222207,0.22923297287267377,0.114230741912906,0.7115014553197575,0.15799132997315662,0.25,0.17320912790703671,False,True,C:\Users\Owner\Desktop\Fall2023\CSE275\6D Pose\training_data_filtered\training_data\v2.2\2-7-9_color_kinect.png
2-69-10,potted_meat_can,48,z2|x2,790,2.7494292263294176,0.37238172,0.2291988142791558,0.08703716746662621,2.5202304120502617,0.2853445495000028,0.29027576197387517,0.17096241456297268,False,True,C:\Users\Owner\Desktop\Fall2023\CSE275\6D Pose\training_data_filtered\training_data\v2.2\2-69-10_color_kinect.png
2-69-10,mustard_bottle,42,z2,1107,1.6048585188661222,0.11303454,0.2278557123546671,0.20436214935965347,1.377002806511455,-0.0913276104349594,0.30998080614203455,0.17247923686757927,False,True,C:\Users\Owner\Desktop\Fall2023\CSE275\6D Pose\training_data_filtered\training_data\v2.2\2-69-10_color_kinect.png
2-93-1,bleach_cleanser,8,z2,1504,2.754933207919793,0.17574708,0.2268948752676252,0.1367372208301882,2.5280383326521676,0.03900986080719432,0.24744525547445256,0.17448035587067387,False,True,C:\Users\Owner\Desktop\Fall2023\CSE275\6D Pose\training_data_filtered\training_data\v2.2\2-93-1_color_kinect.png
2-26-15,mustard_bottle,42,z2,1048,4.2704662139870635,0.21273687,0.22657393278119592,0.13260943898289568,4.043892281205868,0.0801274358359062,0.33445297504798466,0.1708891399014433,False,True,C:\Users\Owner\Desktop\Fall2023\CSE275\6D Pose\training_data_filtered\training_data\v2.2\2-26-15_color_kinect.png
2-23-8,bleach_cleanser,8,z2,1565,2.7331259759636195,0.18836406,0.22104803537176868,0.13048748485369063,2.5120779405918507,0.05787657387929582,0.24781021897810218,0.1723162724949948,False,True,C:\Users\Owner\Desktop\Fall2023\CSE275\6D Pose\training_data_filtered\training_data\v2.2\2-23-8_color_kinect.png
2-64-20,mustard_bottle,42,z2,1103,1.6707985918553718,0.1449591,0.21927351036711346,0.19798066923816535,1.4515250814882583,-0.0530215621968064,0.31477927063339733,0.17344309428639043,False,True,C:\Users\Owner\Desktop\Fall2023\CSE275\6D Pose\training_data_filtered\training_data\v2.2\2-64-20_color_kinect.png
2-8-3,sugar_box,55,z2|x2,278,1.8449236769224624,0.32069653,0.21794749546502726,0.15842280101561076,1.626976181457435,0.16227373171067708,0.3651376146788991,0.15873841737730127,False,True,C:\Users\Owner\Desktop\Fall2023\CSE275\6D Pose\training_data_filtered\training_data\v2.2\2-8-3_color_kinect.png
1-27-10,tomato_soup_can,56,zinf|x2,699,2.885191607358607,0.33056387,0.21716844159683654,0.12838199487516694,2.6680231657617703,0.2021818781774301,0.29524539877300615,0.16952951700059457,False,True,C:\Users\Owner\Desktop\Fall2023\CSE275\6D Pose\training_data_filtered\training_data\v2.2\1-27-10_color_kinect.png
2-9-10,mustard_bottle,42,z2,1073,3.34116886917767,0.09370932,0.21530732184186133,0.16553138254684063,3.1258615473358087,-0.07182206271689984,0.3695127834056922,0.16565015108371475,False,True,C:\Users\Owner\Desktop\Fall2023\CSE275\6D Pose\training_data_filtered\training_data\v2.2\2-9-10_color_kinect.png
1-26-17,tomato_soup_can,56,zinf|x2,710,2.2157319934778843,0.36160585,0.21520177445491803,0.12702302928142262,2.0005302190229663,0.23458282356090832,0.3197226502311248,0.174697664090194,False,True,C:\Users\Owner\Desktop\Fall2023\CSE275\6D Pose\training_data_filtered\training_data\v2.2\1-26-17_color_kinect.png
1-88-10,wood_block,58,z2|y2|x4,557,1.1561483056258914,0.27138802,0.214425518054894,0.1278971720390363,0.9417227875709975,0.14349085205268428,0.39278131634819535,0.15629198822953969,False,True,C:\Users\Owner\Desktop\Fall2023\CSE275\6D Pose\training_data_filtered\training_data\v2.2\1-88-10_color_kinect.png
2-58-15,bleach_cleanser,8,z2,1328,4.084812378785811,0.35969818,0.21439270680794906,0.11561740363518463,3.870419671977862,0.24408077274878753,0.2510948905109489,0.17007384105906678,False,True,C:\Users\Owner\Desktop\Fall2023\CSE275\6D Pose\training_data_filtered\training_data\v2.2\2-58-15_color_kinect.png
2-69-10,bleach_cleanser,8,z2,1610,1.7390100775637953,0.25930083,0.2087969797093164,0.014051298353151139,1.530213097854479,0.24524952962689037,0.2518248175182482,0.16829320220387717,False,True,C:\Users\Owner\Desktop\Fall2023\CSE275\6D Pose\training_data_filtered\training_data\v2.2\2-69-10_color_kinect.png
2-25-7,bleach_cleanser,8,z2,1541,3.7979726670229628,0.39666253,0.2044697565252772,0.1287960862180516,3.5935029104976857,0.26786644706518203,0.2521897810218978,0.17030806481927552,False,True,C:\Users\Owner\Desktop\Fall2023\CSE275\6D Pose\training_data_filtered\training_data\v2.2\2-25-7_color_kinect.png
2-51-3,g_lego_duplo,29,z2,406,2.5487504811583075,0.498692,0.20413300433911358,0.1760908712064563,2.344617476819194,0.32260113466627016,0.33415233415233414,0.16722255035072922,False,True,C:\Users\Owner\Desktop\Fall2023\CSE275\6D Pose\training_data_filtered\training_data\v2.2\2-51-3_color_kinect.png
2-14-17,bleach_cleanser,8,z2,1532,0.7296052704582219,0.085591294,0.20364282038364234,0.14115915640283072,0.5259624500745795,-0.05556786253142798,0.21344599559147687,0.17245065588448144,False,True,C:\Users\Owner\Desktop\Fall2023\CSE275\6D Pose\training_data_filtered\training_data\v2.2\2-14-17_color_kinect.png
2-11-4,mustard_bottle,42,z2,1033,4.181492570713106,0.27744624,0.20349062090452216,0.11797828055371419,3.9780019498085837,0.1594679596329771,0.3096960926193922,0.16811058845987223,False,True,C:\Users\Owner\Desktop\Fall2023\CSE275\6D Pose\training_data_filtered\training_data\v2.2\2-11-4_color_kinect.png
2-80-6,potted_meat_can,48,z2|x2,858,2.539097005370085,0.109009445,0.20264872726535246,0.10650093251628713,2.336448278104733,0.0025085121973053986,0.30914368650217705,0.16716311889518937,False,True,C:\Users\Owner\Desktop\Fall2023\CSE275\6D Pose\training_data_filtered\training_data\v2.2\2-80-6_color_kinect.png
2-14-17,mustard_bottle,42,z2,1114,1.0804467187683795,0.23626594,0.20168845091571144,0.09834878490043965,0.8787582678526681,0.13791715755389844,0.34396135265700484,0.16848606885919967,False,True,C:\Users\Owner\Desktop\Fall2023\CSE275\6D Pose\training_data_filtered\training_data\v2.2\2-14-17_color_kinect.png
2-98-20,mustard_bottle,42,z2,882,0.3294335193465657,0.20663607,0.2015799820487009,0.12352683725346544,0.12785353729786478,0.08310923395167372,0.21257197696737043,0.17584130136972373,False,True,C:\Users\Owner\Desktop\Fall2023\CSE275\6D Pose\training_data_filtered\training_data\v2.2\2-98-20_color_kinect.png
2-47-11,tuna_fish_can,57,zinf|x2,122,1.4086628087061657,0.22905523,0.2012290884626552,0.1382177991046934,1.2074337202435106,0.09083742674445822,0.43478260869565216,0.15657844428208434,False,True,C:\Users\Owner\Desktop\Fall2023\CSE275\6D Pose\training_data_filtered\training_data\v2.2\2-47-11_color_kinect.png
2-100-13,bleach_cleanser,8,z2,1381,2.065244200767323,0.18121469,0.19949854416384322,0.11776193940902925,1.8657456566034798,0.06345275079940581,0.26386861313868615,0.1702455889616303,False,True,C:\Users\Owner\Desktop\Fall2023\CSE275\6D Pose\training_data_filtered\training_data\v2.2\2-100-13_color_kinect.png
1-56-10,tomato_soup_can,56,zinf|x2,703,1.8174014441082351,0.23763709,0.19823018024059566,0.13054461009225107,1.6191712638676394,0.10709247761050009,0.31278890600924497,0.16823727582662643,False,True,C:\Users\Owner\Desktop\Fall2023\CSE275\6D Pose\training_data_filtered\training_data\v2.2\1-56-10_color_kinect.png
2-68-12,potted_meat_can,48,z2|x2,775,2.6251166912672925,0.18885219,0.19818706607656614,0.12339886663006383,2.426929625190726,0.06545332434131068,0.26705370101596515,0.17018745636675225,False,True,C:\Users\Owner\Desktop\Fall2023\CSE275\6D Pose\training_data_filtered\training_data\v2.2\2-68-12_color_kinect.png
2-58-11,jenga,35,z2|x2,545,3.777048021391593,0.056229852,0.1981509283639922,0.1616618308868808,3.5788970930276007,-0.105431978746931,0.2957486136783734,0.16774567891179,False,True,C:\Users\Owner\Desktop\Fall2023\CSE275\6D Pose\training_data_filtered\training_data\v2.2\2-58-11_color_kinect.png
2-23-6,bleach_cleanser,8,z2,1607,2.3601865901509242,0.3165616,0.19706382438936856,0.06435880589116859,2.1631227657615555,0.25220280361543845,0.26167883211678833,0.16953415877365102,False,True,C:\Users\Owner\Desktop\Fall2023\CSE275\6D Pose\training_data_filtered\training_data\v2.2\2-23-6_color_kinect.png
2-26-12,mustard_bottle,42,z2,1068,0.9597970098344192,0.29891744,0.19642009167681962,0.12124504383729305,0.7633769181575996,0.17767239872290286,0.32293666026871404,0.16931976339034435,False,True,C:\Users\Owner\Desktop\Fall2023\CSE275\6D Pose\training_data_filtered\training_data\v2.2\2-26-12_color_kinect.png
2-74-10,master_chef_can,39,zinf|x2,358,2.156210843318596,0.031645987,0.1928317999719687,0.1388946274504549,1.9633790433466274,-0.10724864026759928,0.3504273504273504,0.16952215938322693,False,True,C:\Users\Owner\Desktop\Fall2023\CSE275\6D Pose\training_data_filtered\training_data\v2.2\2-74-10_color_kinect.png
2-26-13,mustard_bottle,42,z2,1044,1.3455663687915402,0.07859405,0.19125641276522126,0.1317847364392602,1.154309956026319,-0.05319068513778086,0.3555662188099808,0.16391136585102628,False,True,C:\Users\Owner\Desktop\Fall2023\CSE275\6D Pose\training_data_filtered\training_data\v2.2\2-26-13_color_kinect.png
2-82-9,bleach_cleanser,8,z2,1328,2.411163499225216,0.20072532,0.18957731015116383,0.12708572706041082,2.2215861890740523,0.07363958994093195,0.2587591240875912,0.16866825967758087,False,True,C:\Users\Owner\Desktop\Fall2023\CSE275\6D Pose\training_data_filtered\training_data\v2.2\2-82-9_color_kinect.png
1-21-8,tomato_soup_can,56,zinf|x2,714,3.236349774251685,0.34415048,0.18948532611610688,0.12408446227978487,3.046864448135578,0.22006602132846098,0.3173150266971777,0.17054101268168426,False,True,C:\Users\Owner\Desktop\Fall2023\CSE275\6D Pose\training_data_filtered\training_data\v2.2\1-21-8_color_kinect.png
1-87-20,tomato_soup_can,56,zinf|x2,715,0.461749205363707,0.324245,0.18630505716065734,0.1337049400008851,0.27544414820304963,0.19054006584513847,0.3328137178487919,0.17243117091027035,False,True,C:\Users\Owner\Desktop\Fall2023\CSE275\6D Pose\training_data_filtered\training_data\v2.2\1-87-20_color_kinect.png
1-56-13,tomato_soup_can,56,zinf|x2,708,1.5833398776235992,0.3011192,0.18585020633886967,0.13046803439576024,1.3974896712847296,0.17065117394011622,0.29362029208301305,0.16768051549687035,False,True,C:\Users\Owner\Desktop\Fall2023\CSE275\6D Pose\training_data_filtered\training_data\v2.2\1-56-13_color_kinect.png
1-6-5,master_chef_can,39,zinf|x2,379,2.2040689656551495,0.07254824,0.184401784135165,0.12564096015381016,2.0196671815199845,-0.05309271973060764,0.33001422475106684,0.16878418913128915,False,True,C:\Users\Owner\Desktop\Fall2023\CSE275\6D Pose\training_data_filtered\training_data\v2.2\1-6-5_color_kinect.png
2-76-9,master_chef_can,39,zinf|x2,386,2.153267960086241,0.14830634,0.1842311987090865,0.09536453695678473,1.9690367613771547,0.05294180302238702,0.38461538461538464,0.16737851680849186,False,True,C:\Users\Owner\Desktop\Fall2023\CSE275\6D Pose\training_data_filtered\training_data\v2.2\2-76-9_color_kinect.png
1-56-10,jenga,35,z2|x2,733,0.47600614006782066,0.12510881,0.1838540663007862,0.10840165645600137,0.29215207376703445,0.0167071518230361,0.33086876155268025,0.16928866853242042,False,True,C:\Users\Owner\Desktop\Fall2023\CSE275\6D Pose\training_data_filtered\training_data\v2.2\1-56-10_color_kinect.png
2-100-13,mustard_bottle,42,z2,1105,1.609756160162851,0.23717508,0.18177312175064655,0.12428480767601893,1.4279830384122043,0.11289026952391698,0.33589251439539347,0.1707210736525891,False,True,C:\Users\Owner\Desktop\Fall2023\CSE275\6D Pose\training_data_filtered\training_data\v2.2\2-100-13_color_kinect.png
1-3-3,jenga,35,z2|x2,732,0.9986400897044836,0.10678958,0.18119145740185386,0.13354558176826467,0.8174486323026298,-0.02675600029062261,0.31851851851851853,0.16998491694422124,False,True,C:\Users\Owner\Desktop\Fall2023\CSE275\6D Pose\training_data_filtered\training_data\v2.2\1-3-3_color_kinect.png
2-68-12,jenga,35,z2|x2,722,2.010697692586244,0.09790574,0.18103906697325117,0.11639318067329686,1.8296586256129928,-0.01848744053142827,0.3096118299445471,0.16542459636161388,False,True,C:\Users\Owner\Desktop\Fall2023\CSE275\6D Pose\training_data_filtered\training_data\v2.2\2-68-12_color_kinect.png
2-82-14,mustard_bottle,42,z2,1110,0.9454125110539023,0.12211601,0.179397534801087,0.19105363568966932,0.7660149762528153,-0.06893762877886839,0.29846449136276393,0.17834394502504283,False,True,C:\Users\Owner\Desktop\Fall2023\CSE275\6D Pose\training_data_filtered\training_data\v2.2\2-82-14_color_kinect.png
2-94-3,bleach_cleanser,8,z2,1559,2.252543980824879,0.2254569,0.1763465384184682,0.13988089071141094,2.0761974424064107,0.08557600273265034,0.2503649635036496,0.17551622146125176,False,True,C:\Users\Owner\Desktop\Fall2023\CSE275\6D Pose\training_data_filtered\training_data\v2.2\2-94-3_color_kinect.png
2-10-19,jenga,35,z2|x2,679,2.0483774349378763,0.20298171,0.17609085303645275,0.11539821642802656,1.8722865819014236,0.0875834940059334,0.3170055452865065,0.1719184897308207,False,True,C:\Users\Owner\Desktop\Fall2023\CSE275\6D Pose\training_data_filtered\training_data\v2.2\2-10-19_color_kinect.png
2-32-19,bleach_cleanser,8,z2,1567,0.6738938897751224,0.14425561,0.17291094603865237,0.13555868868047777,0.5009829437364701,0.008696919639758438,0.2583941605839416,0.16850663594400903,False,True,C:\Users\Owner\Desktop\Fall2023\CSE275\6D Pose\training_data_filtered\training_data\v2.2\2-32-19_color_kinect.png
2-11-3,jenga,35,z2|x2,689,1.2265974615772581,0.18254106,0.17197425037604297,0.11955597980300256,1.054623211201215,0.06298507766445807,0.3539741219963031,0.16649590227297498,False,True,C:\Users\Owner\Desktop\Fall2023\CSE275\6D Pose\training_data_filtered\training_data\v2.2\2-11-3_color_kinect.png
2-26-13,bleach_cleanser,8,z2,1510,3.361000726312148,0.264005,0.1686418097129693,0.1211271119843672,3.192358916599179,0.14287789337528245,0.24014598540145984,0.17517678007527626,False,True,C:\Users\Owner\Desktop\Fall2023\CSE275\6D Pose\training_data_filtered\training_data\v2.2\2-26-13_color_kinect.png
1-54-6,jenga,35,z2|x2,591,1.4579833654314078,0.65590453,0.16823049023918743,0.1586134097121922,1.2897528751922205,0.49729112176668966,0.2948243992606285,0.1670440942191939,False,True,C:\Users\Owner\Desktop\Fall2023\CSE275\6D Pose\training_data_filtered\training_data\v2.2\1-54-6_color_kinect.png
2-69-12,jenga,35,z2|x2,680,3.789393955766939,0.41904646,0.16818282982340726,0.14310652419596606,3.621211125943532,0.2759399373862178,0.3456561922365989,0.1664807803613364,False,True,C:\Users\Owner\Desktop\Fall2023\CSE275\6D Pose\training_data_filtered\training_data\v2.2\2-69-12_color_kinect.png
2-91-1,jenga,35,z2|x2,729,1.321193504393675,0.19445458,0.1673447541642606,0.10674376495211271,1.1538487502294144,0.0877108155933127,0.3391866913123845,0.1680676332445543,False,True,C:\Users\Owner\Desktop\Fall2023\CSE275\6D Pose\training_data_filtered\training_data\v2.2\2-91-1_color_kinect.png
2-34-3,tuna_fish_can,57,zinf|x2,128,2.130869968357594,0.02110817,0.1660613423906269,0.1628947390219678,1.9648086259669668,-0.14178656991333857,0.4396135265700483,0.16667906349647182,False,True,C:\Users\Owner\Desktop\Fall2023\CSE275\6D Pose\training_data_filtered\training_data\v2.2\2-34-3_color_kinect.png
2-18-8,master_chef_can,39,zinf|x2,386,0.2360472474093144,0.12117351,0.16548700239283687,0.13282370830961573,0.07056024501647754,-0.011650199844325665,0.33903133903133903,0.16045257364239227,False,True,C:\Users\Owner\Desktop\Fall2023\CSE275\6D Pose\training_data_filtered\training_data\v2.2\2-18-8_color_kinect.png
2-13-10,g_lego_duplo,29,z2,441,1.6861069986589103,0.18693322,0.16284902034047496,0.1443171907196935,1.5232579783184355,0.0426160287131373,0.36757425742574257,0.16743115756549468,False,True,C:\Users\Owner\Desktop\Fall2023\CSE275\6D Pose\training_data_filtered\training_data\v2.2\2-13-10_color_kinect.png
1-51-11,tomato_soup_can,56,zinf|x2,704,0.4935341799352472,0.2008951,0.161607186329,0.12980737219320793,0.33192699360624717,0.07108772863877755,0.32153846153846155,0.1736787988304809,False,True,C:\Users\Owner\Desktop\Fall2023\CSE275\6D Pose\training_data_filtered\training_data\v2.2\1-51-11_color_kinect.png
2-13-10,bleach_cleanser,8,z2,1258,4.134028887826658,0.32229257,0.16128686219213637,0.08433857208795147,3.972742025634522,0.237953994211487,0.2690909090909091,0.16851306374830338,False,True,C:\Users\Owner\Desktop\Fall2023\CSE275\6D Pose\training_data_filtered\training_data\v2.2\2-13-10_color_kinect.png
1-29-11,tomato_soup_can,56,zinf|x2,706,1.7395477752232367,0.26495463,0.15974887310642324,0.12599469173948738,1.5797989021168135,0.1389599348207238,0.29493087557603687,0.16878782789336552,False,True,C:\Users\Owner\Desktop\Fall2023\CSE275\6D Pose\training_data_filtered\training_data\v2.2\1-29-11_color_kinect.png
2-70-3,potted_meat_can,48,z2|x2,832,2.580915505983934,0.20344457,0.15879963297716734,0.10695240401855644,2.4221158730067667,0.09649216628440682,0.29680696661828737,0.16896101764356794,False,True,C:\Users\Owner\Desktop\Fall2023\CSE275\6D Pose\training_data_filtered\training_data\v2.2\2-70-3_color_kinect.png
1-20-2,master_chef_can,39,zinf|x2,355,0.15820225969711926,0.13502349,0.15820225969711926,0.13502348959445953,0.0,0.0,0.0,0.0,False,True,C:\Users\Owner\Desktop\Fall2023\CSE275\6D Pose\training_data_filtered\training_data\v2.2\1-20-2_color_kinect.png
2-6-14,bleach_cleanser,8,z2,1489,1.8202683242713666,0.24295524,0.15620991864051526,0.13460993032874685,1.6640584056308514,0.10834530729828257,0.24708029197080292,0.1721466929972422,False,True,C:\Users\Owner\Desktop\Fall2023\CSE275\6D Pose\training_data_filtered\training_data\v2.2\2-6-14_color_kinect.png
2-93-1,mustard_bottle,42,z2,1148,1.6441790187672671,0.14041686,0.1550161397713124,0.11983030109506429,1.4891628789959548,0.020586559485380046,0.30710172744721687,0.16991180068263356,False,True,C:\Users\Owner\Desktop\Fall2023\CSE275\6D Pose\training_data_filtered\training_data\v2.2\2-93-1_color_kinect.png
2-35-4,bleach_cleanser,8,z2,1526,2.1218390957847912,0.41659558,0.15157857914660133,0.16540873741074766,1.97026051663819,0.25118684078291686,0.2416058394160584,0.17090509366792095,False,True,C:\Users\Owner\Desktop\Fall2023\CSE275\6D Pose\training_data_filtered\training_data\v2.2\2-35-4_color_kinect.png
2-21-14,tomato_soup_can,56,zinf|x2,720,2.104437815662993,0.2309148,0.14901199787219807,0.14290315222879907,1.955425817790795,0.08801164913037757,0.3289166017147311,0.1690356058818722,False,True,C:\Users\Owner\Desktop\Fall2023\CSE275\6D Pose\training_data_filtered\training_data\v2.2\2-21-14_color_kinect.png
2-96-0,mustard_bottle,42,z2,1141,1.8249952031577565,0.14140241,0.14864796359372917,0.1427414424802199,1.6763472395640273,-0.0013390339995756617,0.3416506717850288,0.16689366062452898,False,True,C:\Users\Owner\Desktop\Fall2023\CSE275\6D Pose\training_data_filtered\training_data\v2.2\2-96-0_color_kinect.png
2-21-14,mustard_bottle,42,z2,1083,2.419768024714206,0.16802882,0.1479693426809204,0.13029945167895204,2.271798682033286,0.037729364901820356,0.291365171249397,0.17220585416773534,False,True,C:\Users\Owner\Desktop\Fall2023\CSE275\6D Pose\training_data_filtered\training_data\v2.2\2-21-14_color_kinect.png
2-58-15,jenga,35,z2|x2,404,3.8046906181523474,0.3277374,0.147874418704694,0.13665512361227794,3.6568161994476536,0.1910822673827477,0.1987060998151571,0.16279302608767096,False,True,C:\Users\Owner\Desktop\Fall2023\CSE275\6D Pose\training_data_filtered\training_data\v2.2\2-58-15_color_kinect.png
2-98-18,master_chef_can,39,zinf|x2,379,1.6113891278584604,0.13368309,0.14509528916671635,0.11406046485470359,1.4662938386917441,0.01962262058688577,0.35185185185185186,0.1682659192113356,False,True,C:\Users\Owner\Desktop\Fall2023\CSE275\6D Pose\training_data_filtered\training_data\v2.2\2-98-18_color_kinect.png
2-49-11,potted_meat_can,48,z2|x2,763,0.6726433892570671,0.27098545,0.1443530161937068,0.10546617004402539,0.5282903730633604,0.1655192842768822,0.295355587808418,0.16972951616574455,False,True,C:\Users\Owner\Desktop\Fall2023\CSE275\6D Pose\training_data_filtered\training_data\v2.2\2-49-11_color_kinect.png
2-45-5,jenga,35,z2|x2,742,1.5535673363640279,0.2021966,0.14393472031599558,0.09669114858144352,1.4096326160480324,0.10550544947153499,0.3022181146025878,0.17291468742989416,False,True,C:\Users\Owner\Desktop\Fall2023\CSE275\6D Pose\training_data_filtered\training_data\v2.2\2-45-5_color_kinect.png
1-88-10,tomato_soup_can,56,zinf|x2,694,3.780018968300137,0.17818882,0.14385940496517322,0.14408426951063652,3.6361595633349637,0.03410454620229225,0.2883865939204988,0.1740200250803578,False,True,C:\Users\Owner\Desktop\Fall2023\CSE275\6D Pose\training_data_filtered\training_data\v2.2\1-88-10_color_kinect.png
1-88-8,gelatin_box,30,z2|x2,408,1.082586378909413,0.10433013,0.14335161038851113,0.14367223810992402,0.9392347685209019,-0.03934210818848771,0.2729281767955801,0.16997647254787085,False,True,C:\Users\Owner\Desktop\Fall2023\CSE275\6D Pose\training_data_filtered\training_data\v2.2\1-88-8_color_kinect.png
2-42-15,potted_meat_can,48,z2|x2,680,1.802353092306497,0.42071187,0.14179676499036276,0.11050824132693603,1.6605563273161343,0.310203633634917,0.2677793904208999,0.17294501974743454,False,True,C:\Users\Owner\Desktop\Fall2023\CSE275\6D Pose\training_data_filtered\training_data\v2.2\2-42-15_color_kinect.png
2-14-17,tuna_fish_can,57,zinf|x2,125,1.2296664979567264,0.12680504,0.13686956307123868,0.12742823696076458,1.0927969348854878,-0.0006231997007090373,0.37681159420289856,0.16144402464258045,False,True,C:\Users\Owner\Desktop\Fall2023\CSE275\6D Pose\training_data_filtered\training_data\v2.2\2-14-17_color_kinect.png
2-6-11,bleach_cleanser,8,z2,1538,2.101629006174481,0.14056468,0.13562994862258038,0.09159042912002302,1.9659990575519006,0.048974250979464284,0.232110424990919,0.16835983289487275,False,True,C:\Users\Owner\Desktop\Fall2023\CSE275\6D Pose\training_data_filtered\training_data\v2.2\2-6-11_color_kinect.png
2-96-0,master_chef_can,39,zinf|x2,379,6.327766433900939,0.112748876,0.1326523978362714,0.12763969374404474,6.195114036064667,-0.014890817530017336,0.3603988603988604,0.17142245212119134,False,True,C:\Users\Owner\Desktop\Fall2023\CSE275\6D Pose\training_data_filtered\training_data\v2.2\2-96-0_color_kinect.png
2-46-0,mustard_bottle,42,z2,1136,1.4733316712701354,0.120880105,0.12983768479805052,0.13305709049534079,1.343493986472085,-0.012176985893957576,0.3210172744721689,0.1714946158628799,False,True,C:\Users\Owner\Desktop\Fall2023\CSE275\6D Pose\training_data_filtered\training_data\v2.2\2-46-0_color_kinect.png
1-38-10,tuna_fish_can,57,zinf|x2,134,1.2297688962528142,0.03879425,0.12469965334683626,0.15121779735002833,1.1050692429059779,-0.11242354805383997,0.463768115942029,0.15982552052052887,False,True,C:\Users\Owner\Desktop\Fall2023\CSE275\6D Pose\training_data_filtered\training_data\v2.2\1-38-10_color_kinect.png
1-84-16,tuna_fish_can,57,zinf|x2,128,3.504691506946037,0.059820678,0.11591540785951591,0.12911711094710568,3.388776099086521,-0.06929643286201695,0.4396135265700483,0.1620496421298164,False,True,C:\Users\Owner\Desktop\Fall2023\CSE275\6D Pose\training_data_filtered\training_data\v2.2\1-84-16_color_kinect.png
2-38-4,bleach_cleanser,8,z2,1584,1.8261160018720086,0.27557966,0.11401649830181886,0.11839927900507234,1.7120995035701898,0.1571803821258328,0.23722627737226276,0.17319992451876656,False,True,C:\Users\Owner\Desktop\Fall2023\CSE275\6D Pose\training_data_filtered\training_data\v2.2\2-38-4_color_kinect.png
1-97-1,wood_block,58,z2|y2|x4,566,0.9334822056061715,0.087915696,0.11216908274882693,0.14136139093481856,0.8213131228573445,-0.05344569473110991,0.3673036093418259,0.1664850300102855,False,True,C:\Users\Owner\Desktop\Fall2023\CSE275\6D Pose\training_data_filtered\training_data\v2.2\1-97-1_color_kinect.png
2-63-13,bleach_cleanser,8,z2,1520,2.101157967585822,0.2714856,0.11129592512810983,0.13031021437561474,1.989862042457712,0.14117538251960315,0.24452554744525548,0.1701261096927901,False,True,C:\Users\Owner\Desktop\Fall2023\CSE275\6D Pose\training_data_filtered\training_data\v2.2\2-63-13_color_kinect.png
2-49-11,mustard_bottle,42,z2,1054,1.4909439750454982,0.2510265,0.11030180853024069,0.1433127274597921,1.3806421665152575,0.10771378373252968,0.3440499040307102,0.16822196320593963,False,True,C:\Users\Owner\Desktop\Fall2023\CSE275\6D Pose\training_data_filtered\training_data\v2.2\2-49-11_color_kinect.png
1-61-12,potted_meat_can,48,z2|x2,645,3.514405210256019,0.5909552,0.10994544494872355,0.11099567280302151,3.4044597653072954,0.4799595250081052,0.27503628447024675,0.16513690438961912,False,True,C:\Users\Owner\Desktop\Fall2023\CSE275\6D Pose\training_data_filtered\training_data\v2.2\1-61-12_color_kinect.png
2-10-19,bleach_cleanser,8,z2,1491,1.123056988425123,0.14146307,0.10773757036713799,0.1367053916855736,1.015319418057985,0.0047576794222907726,0.22537259178480554,0.17242747147245033,False,True,C:\Users\Owner\Desktop\Fall2023\CSE275\6D Pose\training_data_filtered\training_data\v2.2\2-10-19_color_kinect.png
1-3-3,potted_meat_can,48,z2|x2,805,2.196201348027155,0.36400205,0.10726128040153354,0.09113760552659408,2.0889400676256216,0.2728644434426747,0.28061224489795916,0.17403733029973018,False,True,C:\Users\Owner\Desktop\Fall2023\CSE275\6D Pose\training_data_filtered\training_data\v2.2\1-3-3_color_kinect.png
2-63-11,bleach_cleanser,8,z2,1600,1.3428313460932904,0.2705717,0.1006684309723975,0.09540804055644937,1.2421629151208928,0.17516366812274986,0.24379562043795622,0.17076428860383405,False,True,C:\Users\Owner\Desktop\Fall2023\CSE275\6D Pose\training_data_filtered\training_data\v2.2\2-63-11_color_kinect.png
1-1-16,jenga,35,z2|x2,745,1.2653551719452596,0.054735143,0.09249567536519392,0.14286667689068533,1.1728594965800656,-0.0881315341530583,0.3145235892691952,0.16918664497119976,False,True,C:\Users\Owner\Desktop\Fall2023\CSE275\6D Pose\training_data_filtered\training_data\v2.2\1-1-16_color_kinect.png
2-35-7,mustard_bottle,42,z2,871,0.0916968224207691,0.11067009,0.0916968224207691,0.11067008972167969,0.0,0.0,0.0,0.0,False,True,C:\Users\Owner\Desktop\Fall2023\CSE275\6D Pose\training_data_filtered\training_data\v2.2\2-35-7_color_kinect.png
2-58-11,bleach_cleanser,8,z2,1327,3.0554456556106784,0.06213652,0.08925528806525107,0.12088108991784065,2.966190367545427,-0.058744570217551875,0.25364963503649635,0.17242835125110773,False,True,C:\Users\Owner\Desktop\Fall2023\CSE275\6D Pose\training_data_filtered\training_data\v2.2\2-58-11_color_kinect.png
2-18-8,tuna_fish_can,57,zinf|x2,127,1.608258869276597,0.17495492,0.08551134261370925,0.12250960789459216,1.5227475266628876,0.052445313112564215,0.463768115942029,0.14163154114768836,False,True,C:\Users\Owner\Desktop\Fall2023\CSE275\6D Pose\training_data_filtered\training_data\v2.2\2-18-8_color_kinect.png
1-3-3,master_chef_can,39,zinf|x2,369,1.1134490311177234,0.10303479,0.08516088897363597,0.12527824448683478,1.0282881421440875,-0.02224345760681845,0.3812233285917496,0.1687348789575841,False,True,C:\Users\Owner\Desktop\Fall2023\CSE275\6D Pose\training_data_filtered\training_data\v2.2\1-3-3_color_kinect.png
2-52-12,tomato_soup_can,56,zinf|x2,692,0.08442973679875664,0.2904243,0.08442973679875664,0.29042428731918335,0.0,0.0,0.0,0.0,False,True,C:\Users\Owner\Desktop\Fall2023\CSE275\6D Pose\training_data_filtered\training_data\v2.2\2-52-12_color_kinect.png
2-93-13,bleach_cleanser,8,z2,1519,3.3335955817278267,0.3594587,0.08358929034370749,0.1011155322211206,3.250006291384119,0.25834318250246646,0.2562043795620438,0.1661352995685539,False,True,C:\Users\Owner\Desktop\Fall2023\CSE275\6D Pose\training_data_filtered\training_data\v2.2\2-93-13_color_kinect.png
2-64-20,bleach_cleanser,8,z2,1559,2.5834734844638607,0.41848958,0.08242897775230948,0.12120123631248877,2.501044506711551,0.29728833907355856,0.2503649635036496,0.1714113852168984,False,True,C:\Users\Owner\Desktop\Fall2023\CSE275\6D Pose\training_data_filtered\training_data\v2.2\2-64-20_color_kinect.png
2-65-11,mustard_bottle,42,z2,978,2.2745613582583792,0.32078728,0.07389867599749374,0.1297699223070706,2.2006626822608855,0.19101735849088777,0.21113243761996162,0.17533040118370377,False,True,C:\Users\Owner\Desktop\Fall2023\CSE275\6D Pose\training_data_filtered\training_data\v2.2\2-65-11_color_kinect.png
2-91-1,mustard_bottle,42,z2,1099,0.7635634206667322,0.105907515,0.07023429789564054,0.15055593943237455,0.6933291227710917,-0.04464842474102171,0.31142034548944336,0.17042769585499384,False,True,C:\Users\Owner\Desktop\Fall2023\CSE275\6D Pose\training_data_filtered\training_data\v2.2\2-91-1_color_kinect.png
2-13-10,master_chef_can,39,zinf|x2,382,1.6535394333367894,0.20311934,0.06993854017807681,0.10646564097039155,1.5836008931587127,0.09665369658835479,0.3475783475783476,0.16900664716620473,False,True,C:\Users\Owner\Desktop\Fall2023\CSE275\6D Pose\training_data_filtered\training_data\v2.2\2-13-10_color_kinect.png
2-18-8,g_lego_duplo,29,z2,398,3.051976317259001,0.26718175,0.051616725302754726,0.16589938626557685,3.0003595919562462,0.1012823678466668,0.3553615960099751,0.1685030004345116,False,True,C:\Users\Owner\Desktop\Fall2023\CSE275\6D Pose\training_data_filtered\training_data\v2.2\2-18-8_color_kinect.png
1-4-17,jenga,35,z2|x2,642,1.6171570315825232,0.34492448,0.04561456932654734,0.09880870797475769,1.571542462255976,0.246115771748219,0.3142329020332717,0.1676988189700343,False,True,C:\Users\Owner\Desktop\Fall2023\CSE275\6D Pose\training_data_filtered\training_data\v2.2\1-4-17_color_kinect.png
1-46-20,tuna_fish_can,57,zinf|x2,128,2.58937587625426,0.041087057,0.036672032648274955,0.11621681324507606,2.552703843605985,-0.07512975580360305,0.4396135265700483,0.1740005935432134,False,True,C:\Users\Owner\Desktop\Fall2023\CSE275\6D Pose\training_data_filtered\training_data\v2.2\1-46-20_color_kinect.png
2-37-7,bleach_cleanser,8,z2,1552,2.074309760879708,0.16244304,0.03423039197411523,0.16224920770030724,2.0400793689055927,0.00019383410114540145,0.24708029197080292,0.1744047604190105,False,True,C:\Users\Owner\Desktop\Fall2023\CSE275\6D Pose\training_data_filtered\training_data\v2.2\2-37-7_color_kinect.png
2-9-10,jenga,35,z2|x2,736,1.9032748601422673,0.0944066,0.02145938229470504,0.11222239918449455,1.8818154778475622,-0.01781580186822944,0.3179297597042514,0.17437122037162014,False,True,C:\Users\Owner\Desktop\Fall2023\CSE275\6D Pose\training_data_filtered\training_data\v2.2\2-9-10_color_kinect.png
1-57-11,tomato_soup_can,56,zinf|x2,648,2.6320516574973256,0.2500775,0.01920113548749725,0.15676801205761995,2.612850522009828,0.09330947398058806,0.2737730061349693,0.1754632254640787,False,True,C:\Users\Owner\Desktop\Fall2023\CSE275\6D Pose\training_data_filtered\training_data\v2.2\1-57-11_color_kinect.png
2-42-15,bleach_cleanser,8,z2,1566,4.252663803707025,0.20660013,0.011655499702894473,0.15799491063377813,4.24100830400413,0.04860521897056147,0.24087591240875914,0.17147920548853443,False,True,C:\Users\Owner\Desktop\Fall2023\CSE275\6D Pose\training_data_filtered\training_data\v2.2\2-42-15_color_kinect.png
